comparable_name,team_id,season,x_game_score_vs_baseline,WINS,LOSSES,y_actual_diff_points_pg
ATL 2010-11,1610612737,2010-11,12.484249112623559,44,38,-0.8
BOS 2010-11,1610612738,2010-11,16.625458502399084,56,26,5.4
BKN 2010-11,1610612751,2010-11,13.23854852265687,24,58,-6.2
CHA 2010-11,1610612766,2010-11,-19.628650978085886,34,48,-4.0
CHI 2010-11,1610612741,2010-11,-5.537215644397662,62,20,7.3
CLE 2010-11,1610612739,2010-11,-15.040123270773861,19,63,-9.0
DAL 2010-11,1610612742,2010-11,7.909560878041617,57,25,4.2
DEN 2010-11,1610612743,2010-11,23.52022794632046,50,32,4.8
DET 2010-11,1610612765,2010-11,-18.396780913820947,30,52,-3.6
GSW 2010-11,1610612744,2010-11,-20.16592330983657,36,46,-2.3
HOU 2010-11,1610612745,2010-11,2.674071819515916,43,39,2.2
IND 2010-11,1610612754,2010-11,-4.626234664517995,37,45,-1.1
LAC 2010-11,1610612746,2010-11,-36.61304289401847,32,50,-3.1
LAL 2010-11,1610612747,2010-11,22.503930653513663,57,25,6.1
MEM 2010-11,1610612763,2010-11,-12.702629001264668,46,36,2.3
MIA 2010-11,1610612748,2010-11,10.326864146268818,58,24,7.5
MIL 2010-11,1610612749,2010-11,14.682371012350103,35,47,-0.8
MIN 2010-11,1610612750,2010-11,-11.672427091083065,17,65,-6.6
NOP 2010-11,1610612740,2010-11,14.63735089160707,46,36,0.9
NYK 2010-11,1610612752,2010-11,-14.112579001302265,42,40,0.8
OKC 2010-11,1610612760,2010-11,13.791699271818558,55,27,3.8
ORL 2010-11,1610612753,2010-11,32.41907362139315,52,30,5.5
PHI 2010-11,1610612755,2010-11,1.7650978177851187,41,41,1.5
PHX 2010-11,1610612756,2010-11,25.663996857950735,40,42,-0.9
POR 2010-11,1610612757,2010-11,17.021401975655493,48,34,1.5
SAC 2010-11,1610612758,2010-11,-11.288398058671504,24,58,-5.3
SAS 2010-11,1610612759,2010-11,3.738725635936291,61,21,5.7
TOR 2010-11,1610612761,2010-11,-11.34470921821702,22,60,-6.3
UTA 2010-11,1610612762,2010-11,-12.483564316068424,39,43,-1.8
WAS 2010-11,1610612764,2010-11,-39.39035030377836,23,59,-7.4
ATL 2011-12,1610612737,2011-12,2.9747168522861216,40,26,3.4
BOS 2011-12,1610612738,2011-12,9.508480466781407,39,27,2.5
BKN 2011-12,1610612751,2011-12,-11.564201240630695,22,44,-6.0
CHA 2011-12,1610612766,2011-12,-39.091667216339715,7,59,-13.9
CHI 2011-12,1610612741,2011-12,9.141604756802721,50,16,8.2
CLE 2011-12,1610612739,2011-12,-48.67858904313957,21,45,-7.2
DAL 2011-12,1610612742,2011-12,18.35005302023731,36,30,1.0
DEN 2011-12,1610612743,2011-12,22.239473234698025,38,28,2.9
DET 2011-12,1610612765,2011-12,-26.96714778405851,25,41,-4.8
GSW 2011-12,1610612744,2011-12,-4.703178154588201,23,43,-3.4
HOU 2011-12,1610612745,2011-12,7.472763356374585,34,32,0.2
IND 2011-12,1610612754,2011-12,12.730676244981879,42,24,3.3
LAC 2011-12,1610612746,2011-12,21.063388296374896,40,26,2.6
LAL 2011-12,1610612747,2011-12,15.344454335344835,41,25,1.4
MEM 2011-12,1610612763,2011-12,1.219816511926254,41,25,2.0
MIA 2011-12,1610612748,2011-12,-1.4267824507182212,46,20,6.0
MIL 2011-12,1610612749,2011-12,-4.164294466778259,31,35,0.3
MIN 2011-12,1610612750,2011-12,-12.888514697436932,26,40,-2.2
NOP 2011-12,1610612740,2011-12,9.235774042397608,21,45,-3.8
NYK 2011-12,1610612752,2011-12,-11.635538543850714,36,30,3.2
OKC 2011-12,1610612760,2011-12,27.112738161641786,47,19,6.1
ORL 2011-12,1610612753,2011-12,32.1223981119666,37,29,0.8
PHI 2011-12,1610612755,2011-12,10.340036571059997,35,31,4.2
PHX 2011-12,1610612756,2011-12,6.075891745933106,33,33,-0.2
POR 2011-12,1610612757,2011-12,16.109803404055043,28,38,-0.6
SAC 2011-12,1610612758,2011-12,-31.096224300819884,22,44,-5.7
SAS 2011-12,1610612759,2011-12,17.98486508922589,50,16,7.2
TOR 2011-12,1610612761,2011-12,-6.917742522784707,23,43,-3.3
UTA 2011-12,1610612762,2011-12,-11.10651710501169,36,30,0.6
WAS 2011-12,1610612764,2011-12,-28.786536675931472,20,46,-4.8
ATL 2012-13,1610612737,2012-13,21.4161407152031,44,38,0.4
BOS 2012-13,1610612738,2012-13,18.538659715896898,41,40,-0.2
BKN 2012-13,1610612751,2012-13,-12.568189108165967,49,33,1.8
CHA 2012-13,1610612766,2012-13,-42.22834228993679,21,61,-9.2
CHI 2012-13,1610612741,2012-13,2.1214926531045535,45,37,0.3
CLE 2012-13,1610612739,2012-13,-31.012765957225227,24,58,-4.7
DAL 2012-13,1610612742,2012-13,-3.050609439714137,41,41,-0.6
DEN 2012-13,1610612743,2012-13,14.615157805948556,57,25,5.1
DET 2012-13,1610612765,2012-13,-27.156555159819966,29,53,-4.0
GSW 2012-13,1610612744,2012-13,-14.123131908545375,47,35,0.9
HOU 2012-13,1610612745,2012-13,6.971696237214914,45,37,3.5
IND 2012-13,1610612754,2012-13,6.594029541905158,49,32,4.0
LAC 2012-13,1610612746,2012-13,25.50864882512579,56,26,6.5
LAL 2012-13,1610612747,2012-13,23.31086459577338,45,37,1.2
MEM 2012-13,1610612763,2012-13,-6.67935423072332,56,26,4.1
MIA 2012-13,1610612748,2012-13,18.355973288887157,66,16,7.9
MIL 2012-13,1610612749,2012-13,8.102453077524771,38,44,-1.5
MIN 2012-13,1610612750,2012-13,6.855197390892371,31,51,-2.4
NOP 2012-13,1610612740,2012-13,-21.713100377501803,27,55,-3.9
NYK 2012-13,1610612752,2012-13,18.89042476907585,54,28,4.2
OKC 2012-13,1610612760,2012-13,0.253871796029415,60,22,9.2
ORL 2012-13,1610612753,2012-13,-10.83671006495598,20,62,-7.0
PHI 2012-13,1610612755,2012-13,5.8571001675807395,34,48,-3.3
PHX 2012-13,1610612756,2012-13,5.791213439583572,25,57,-6.5
POR 2012-13,1610612757,2012-13,-28.73571760740637,33,49,-3.2
SAC 2012-13,1610612758,2012-13,4.3627945459311945,28,54,-4.9
SAS 2012-13,1610612759,2012-13,26.830838968778863,58,24,6.4
TOR 2012-13,1610612761,2012-13,-5.714600827625333,34,48,-1.5
UTA 2012-13,1610612762,2012-13,12.721746006636465,43,39,-0.1
WAS 2012-13,1610612764,2012-13,-23.279226569472684,29,53,-2.5
ATL 2013-14,1610612737,2013-14,-0.9441547767069096,38,44,-0.5
BOS 2013-14,1610612738,2013-14,-22.35633106701617,25,57,-4.5
BKN 2013-14,1610612751,2013-14,8.464624926051911,44,38,-1.0
CHA 2013-14,1610612766,2013-14,-6.99696812713421,43,39,-0.2
CHI 2013-14,1610612741,2013-14,8.108465462592264,48,34,1.9
CLE 2013-14,1610612739,2013-14,-6.661845339308385,33,49,-3.3
DAL 2013-14,1610612742,2013-14,16.666798546233608,49,33,2.4
DEN 2013-14,1610612743,2013-14,5.820080019838414,36,46,-2.1
DET 2013-14,1610612765,2013-14,-0.39318350954373216,29,53,-3.7
GSW 2013-14,1610612744,2013-14,14.22191708136998,51,31,4.8
HOU 2013-14,1610612745,2013-14,18.144252665230553,54,28,4.6
IND 2013-14,1610612754,2013-14,13.975886260402646,56,26,4.4
LAC 2013-14,1610612746,2013-14,34.2426062864493,57,25,7.0
LAL 2013-14,1610612747,2013-14,0.2553756479294833,27,55,-6.3
MEM 2013-14,1610612763,2013-14,-1.4669455488886598,50,32,1.6
MIA 2013-14,1610612748,2013-14,19.98312147512432,54,28,4.8
MIL 2013-14,1610612749,2013-14,-18.91804247642382,15,67,-8.2
MIN 2013-14,1610612750,2013-14,1.8289583327581767,40,42,2.7
NOP 2013-14,1610612740,2013-14,11.816723934720144,34,48,-2.7
NYK 2013-14,1610612752,2013-14,-9.804498405551143,37,45,-0.8
OKC 2013-14,1610612760,2013-14,15.453027872969031,59,23,6.3
ORL 2013-14,1610612753,2013-14,-31.46213510928314,23,59,-5.4
PHI 2013-14,1610612755,2013-14,-52.177822352315715,19,63,-10.5
PHX 2013-14,1610612756,2013-14,-4.432653276541487,48,34,2.6
POR 2013-14,1610612757,2013-14,13.261408898788844,54,28,4.0
SAC 2013-14,1610612758,2013-14,-22.57511570704814,28,54,-2.9
SAS 2013-14,1610612759,2013-14,26.089812297897822,62,20,7.7
TOR 2013-14,1610612761,2013-14,1.2232032550194702,48,34,3.2
UTA 2013-14,1610612762,2013-14,-23.99545283971017,25,57,-7.2
WAS 2013-14,1610612764,2013-14,-7.371114427904118,44,38,1.3
ATL 2014-15,1610612737,2014-15,7.155194287438292,60,22,5.4
BOS 2014-15,1610612738,2014-15,-2.4132855220760234,40,42,0.2
BKN 2014-15,1610612751,2014-15,-5.0643297882474485,38,44,-2.9
CHA 2014-15,1610612766,2014-15,3.793576611018011,33,49,-3.2
CHI 2014-15,1610612741,2014-15,1.7512506984850802,50,32,3.0
CLE 2014-15,1610612739,2014-15,20.006949092021898,53,29,4.5
DAL 2014-15,1610612742,2014-15,12.620635905032088,50,32,2.9
DEN 2014-15,1610612743,2014-15,8.200468882063205,30,52,-3.5
DET 2014-15,1610612765,2014-15,20.37060859546446,32,50,-1.0
GSW 2014-15,1610612744,2014-15,25.488920273734465,67,15,10.1
HOU 2014-15,1610612745,2014-15,15.004181202793518,56,26,3.4
IND 2014-15,1610612754,2014-15,-5.876145449756052,38,44,0.3
LAC 2014-15,1610612746,2014-15,30.603719385873987,56,26,6.6
LAL 2014-15,1610612747,2014-15,-36.43154133738731,21,61,-6.8
MEM 2014-15,1610612763,2014-15,12.153851146284467,55,27,3.2
MIA 2014-15,1610612748,2014-15,-0.5693423279853249,37,45,-2.6
MIL 2014-15,1610612749,2014-15,-4.95786996067153,41,41,0.4
MIN 2014-15,1610612750,2014-15,-35.151005854930446,16,66,-8.8
NOP 2014-15,1610612740,2014-15,3.8515464535700232,45,37,0.8
NYK 2014-15,1610612752,2014-15,-16.83319865327364,17,65,-9.3
OKC 2014-15,1610612760,2014-15,7.017524041572216,45,37,2.2
ORL 2014-15,1610612753,2014-15,-23.048213956890407,25,57,-5.7
PHI 2014-15,1610612755,2014-15,-53.327070906533066,18,64,-9.0
PHX 2014-15,1610612756,2014-15,-7.7544033271006185,39,43,-0.9
POR 2014-15,1610612757,2014-15,17.84608650505703,51,31,4.2
SAC 2014-15,1610612758,2014-15,-8.623183746434066,29,53,-3.7
SAS 2014-15,1610612759,2014-15,24.50707624849636,55,27,6.2
TOR 2014-15,1610612761,2014-15,27.734967874896086,49,33,3.1
UTA 2014-15,1610612762,2014-15,-37.70316560814351,38,44,0.2
WAS 2014-15,1610612764,2014-15,-0.35380076437184016,46,36,0.7
ATL 2015-16,1610612737,2015-16,20.592406036856943,48,34,3.6
BOS 2015-16,1610612738,2015-16,27.349640339194224,48,34,3.2
BKN 2015-16,1610612751,2015-16,-24.64868461964538,21,61,-7.4
CHA 2015-16,1610612766,2015-16,5.576615602366758,48,34,2.7
CHI 2015-16,1610612741,2015-16,9.218353030720223,42,40,-1.5
CLE 2015-16,1610612739,2015-16,21.77141355855244,57,25,6.0
DAL 2015-16,1610612742,2015-16,15.013028296421567,42,40,-0.3
DEN 2015-16,1610612743,2015-16,-23.026236694770603,33,49,-3.1
DET 2015-16,1610612765,2015-16,6.768136467944657,44,38,0.6
GSW 2015-16,1610612744,2015-16,40.807750255203246,73,9,10.8
HOU 2015-16,1610612745,2015-16,14.204876863102427,41,41,0.2
IND 2015-16,1610612754,2015-16,-0.05587850661453331,45,37,1.7
LAC 2015-16,1610612746,2015-16,33.83179712908648,53,29,4.3
LAL 2015-16,1610612747,2015-16,-48.51387145269858,17,65,-9.6
MEM 2015-16,1610612763,2015-16,4.859614021420356,42,40,-2.2
MIA 2015-16,1610612748,2015-16,-23.157097822223747,48,34,1.6
MIL 2015-16,1610612749,2015-16,7.175128095094891,33,49,-4.2
MIN 2015-16,1610612750,2015-16,-47.28701621176595,29,53,-3.5
NOP 2015-16,1610612740,2015-16,0.8686371302569569,30,52,-3.8
NYK 2015-16,1610612752,2015-16,-35.47894508356499,32,50,-2.7
OKC 2015-16,1610612760,2015-16,0.3707003658557113,55,27,7.3
ORL 2015-16,1610612753,2015-16,0.19254868627228916,35,47,-1.6
PHI 2015-16,1610612755,2015-16,-28.72610375102063,10,72,-10.2
PHX 2015-16,1610612756,2015-16,-21.09273566692123,23,59,-6.7
POR 2015-16,1610612757,2015-16,-2.2698691062045953,44,38,0.8
SAC 2015-16,1610612758,2015-16,-11.711427242272208,33,49,-2.5
SAS 2015-16,1610612759,2015-16,31.650173154756914,67,15,10.6
TOR 2015-16,1610612761,2015-16,19.06081527304198,56,26,4.5
UTA 2015-16,1610612762,2015-16,-5.355716505364825,40,42,1.8
WAS 2015-16,1610612764,2015-16,12.011948356919305,41,41,-0.5
ATL 2016-17,1610612737,2016-17,-5.751295998638838,43,39,-0.9
BOS 2016-17,1610612738,2016-17,21.55894980134994,53,29,2.6
BKN 2016-17,1610612751,2016-17,-36.624218966840715,20,62,-6.7
CHA 2016-17,1610612766,2016-17,17.293898437887606,36,46,0.2
CHI 2016-17,1610612741,2016-17,-7.793679765245884,41,41,0.4
CLE 2016-17,1610612739,2016-17,33.47988606925412,51,31,3.2
DAL 2016-17,1610612742,2016-17,-19.08244700449933,33,49,-2.9
DEN 2016-17,1610612743,2016-17,4.98855606166282,40,42,0.5
DET 2016-17,1610612765,2016-17,18.605744239564075,37,45,-1.1
GSW 2016-17,1610612744,2016-17,50.876878535945195,67,15,11.6
HOU 2016-17,1610612745,2016-17,4.766058459221398,55,27,5.8
IND 2016-17,1610612754,2016-17,8.388795335505137,42,40,-0.2
LAC 2016-17,1610612746,2016-17,22.303600046910788,51,31,4.3
LAL 2016-17,1610612747,2016-17,-44.8838308856747,26,56,-6.9
MEM 2016-17,1610612763,2016-17,-11.684758386983319,43,39,0.5
MIA 2016-17,1610612748,2016-17,-18.4218137941547,41,41,1.1
MIL 2016-17,1610612749,2016-17,-6.865785025209178,42,40,-0.2
MIN 2016-17,1610612750,2016-17,-4.756909506799445,31,51,-1.1
NOP 2016-17,1610612740,2016-17,-27.13696199044506,34,48,-2.1
NYK 2016-17,1610612752,2016-17,-35.12333207759742,31,51,-3.7
OKC 2016-17,1610612760,2016-17,-15.739023525910042,47,35,0.8
ORL 2016-17,1610612753,2016-17,12.687940349549521,29,53,-6.6
PHI 2016-17,1610612755,2016-17,-19.100644202459975,28,54,-5.7
PHX 2016-17,1610612756,2016-17,-38.59487540883392,24,58,-5.6
POR 2016-17,1610612757,2016-17,16.94446958287081,41,41,-0.5
SAC 2016-17,1610612758,2016-17,-3.0374343857905615,32,50,-3.9
SAS 2016-17,1610612759,2016-17,25.497938573798308,61,21,7.2
TOR 2016-17,1610612761,2016-17,15.230618467931038,51,31,4.2
UTA 2016-17,1610612762,2016-17,25.4697673650397,51,31,3.9
WAS 2016-17,1610612764,2016-17,16.503909598592315,49,33,1.8
ATL 2017-18,1610612737,2017-18,-28.545851918587275,24,58,-5.5
BOS 2017-18,1610612738,2017-18,4.633488025776657,55,27,3.6
BKN 2017-18,1610612751,2017-18,-13.537981156304994,28,54,-3.7
CHA 2017-18,1610612766,2017-18,16.911796050655084,36,46,0.3
CHI 2017-18,1610612741,2017-18,-15.415128065258841,27,55,-7.0
CLE 2017-18,1610612739,2017-18,18.18327903702479,50,32,0.9
DAL 2017-18,1610612742,2017-18,-13.976217573754823,24,58,-3.0
DEN 2017-18,1610612743,2017-18,26.976349217073107,46,36,1.5
DET 2017-18,1610612765,2017-18,-1.5978465386702965,39,43,-0.1
GSW 2017-18,1610612744,2017-18,45.6073312950688,58,24,6.0
HOU 2017-18,1610612745,2017-18,19.723337031284103,65,17,8.5
IND 2017-18,1610612754,2017-18,5.089074682926054,48,34,1.4
LAC 2017-18,1610612746,2017-18,2.2931073690235166,42,40,0.0
LAL 2017-18,1610612747,2017-18,-50.55456558353126,35,47,-1.5
MEM 2017-18,1610612763,2017-18,-11.825928903785666,22,60,-6.2
MIA 2017-18,1610612748,2017-18,8.239210355234405,44,38,0.5
MIL 2017-18,1610612749,2017-18,20.026466880862174,44,38,-0.3
MIN 2017-18,1610612750,2017-18,14.031434615330099,47,35,2.2
NOP 2017-18,1610612740,2017-18,-0.07749853931306916,48,34,1.3
NYK 2017-18,1610612752,2017-18,-16.460310402276505,29,53,-3.6
OKC 2017-18,1610612760,2017-18,5.850957921347231,48,34,3.4
ORL 2017-18,1610612753,2017-18,-8.029908045458441,25,57,-4.8
PHI 2017-18,1610612755,2017-18,-1.269131204822827,52,30,4.5
PHX 2017-18,1610612756,2017-18,-4.770792838834723,21,61,-9.4
POR 2017-18,1610612757,2017-18,7.65871178039751,49,33,2.6
SAC 2017-18,1610612758,2017-18,-47.68373595792046,27,55,-7.0
SAS 2017-18,1610612759,2017-18,24.881855155511573,47,35,2.9
TOR 2017-18,1610612761,2017-18,-12.477315759762789,59,23,7.8
UTA 2017-18,1610612762,2017-18,-10.782157284348855,48,34,4.3
WAS 2017-18,1610612764,2017-18,16.897970355115618,43,39,0.6
ATL 2018-19,1610612737,2018-19,-47.08391674851407,29,53,-6.0
BOS 2018-19,1610612738,2018-19,17.16095385465134,49,33,4.4
BKN 2018-19,1610612751,2018-19,-4.301974983118683,42,40,-0.1
CHA 2018-19,1610612766,2018-19,3.7846835895600037,39,43,-1.1
CHI 2018-19,1610612741,2018-19,-29.21468684177431,22,60,-8.4
CLE 2018-19,1610612739,2018-19,-25.263020103419365,19,63,-9.6
DAL 2018-19,1610612742,2018-19,-22.82466290760111,33,49,-1.3
DEN 2018-19,1610612743,2018-19,21.989186040112983,54,28,4.0
DET 2018-19,1610612765,2018-19,6.1284673824577425,41,41,-0.2
GSW 2018-19,1610612744,2018-19,35.71266446097211,57,25,6.5
HOU 2018-19,1610612745,2018-19,23.84090722981425,53,29,4.8
IND 2018-19,1610612754,2018-19,9.554879687552841,48,34,3.3
LAC 2018-19,1610612746,2018-19,-28.475981283762295,48,34,0.9
LAL 2018-19,1610612747,2018-19,13.198493411215011,37,45,-1.7
MEM 2018-19,1610612763,2018-19,-18.58188324880892,33,49,-2.6
MIA 2018-19,1610612748,2018-19,-1.8407267631904318,39,43,-0.2
MIL 2018-19,1610612749,2018-19,19.033161400490755,60,22,8.9
MIN 2018-19,1610612750,2018-19,13.31431147810737,36,46,-1.5
NOP 2018-19,1610612740,2018-19,-13.234505436925517,33,49,-1.3
NYK 2018-19,1610612752,2018-19,-25.29368844763978,17,65,-9.2
OKC 2018-19,1610612760,2018-19,15.249964315729045,49,33,3.4
ORL 2018-19,1610612753,2018-19,-10.399558880941214,42,40,0.7
PHI 2018-19,1610612755,2018-19,23.48190796524038,51,31,2.7
PHX 2018-19,1610612756,2018-19,-52.9745279904713,19,63,-9.3
POR 2018-19,1610612757,2018-19,7.983309829842014,53,29,4.2
SAC 2018-19,1610612758,2018-19,-2.792390906860291,39,43,-1.1
SAS 2018-19,1610612759,2018-19,10.833350565179089,48,34,1.7
TOR 2018-19,1610612761,2018-19,21.572550313438768,58,24,6.1
UTA 2018-19,1610612762,2018-19,27.902336185771603,50,32,5.3
WAS 2018-19,1610612764,2018-19,11.540396832892426,32,50,-2.9
ATL 2019-20,1610612737,2019-20,-4.505811448588759,20,47,-8.0
BOS 2019-20,1610612738,2019-20,14.985842003569246,48,24,6.3
BKN 2019-20,1610612751,2019-20,11.257468317006499,35,37,-0.6
CHA 2019-20,1610612766,2019-20,-25.168227434822313,23,42,-6.8
CHI 2019-20,1610612741,2019-20,-21.4919239033686,22,43,-3.1
CLE 2019-20,1610612739,2019-20,-36.17596444294115,19,46,-7.9
DAL 2019-20,1610612742,2019-20,15.92789568964919,43,32,4.9
DEN 2019-20,1610612743,2019-20,25.839903088638877,46,27,2.1
DET 2019-20,1610612765,2019-20,-14.834180213802412,20,46,-3.6
GSW 2019-20,1610612744,2019-20,-44.617695969635705,15,50,-8.7
HOU 2019-20,1610612745,2019-20,15.978164781264098,44,28,3.0
IND 2019-20,1610612754,2019-20,19.67666733780652,45,28,2.0
LAC 2019-20,1610612746,2019-20,19.56142429669316,49,23,6.4
LAL 2019-20,1610612747,2019-20,8.920108933656252,52,19,5.8
MEM 2019-20,1610612763,2019-20,-30.767094002800803,34,39,-1.1
MIA 2019-20,1610612748,2019-20,-24.236920131157618,44,29,2.9
MIL 2019-20,1610612749,2019-20,24.70432039408385,56,17,10.1
MIN 2019-20,1610612750,2019-20,-9.792574021234003,19,45,-4.3
NOP 2019-20,1610612740,2019-20,-4.169614256361271,30,42,-1.3
NYK 2019-20,1610612752,2019-20,-12.692572612135478,21,45,-6.5
OKC 2019-20,1610612760,2019-20,-9.798431747028701,44,28,2.0
ORL 2019-20,1610612753,2019-20,6.197369670666774,33,40,-1.0
PHI 2019-20,1610612755,2019-20,9.919666787800168,43,30,2.4
PHX 2019-20,1610612756,2019-20,7.505812543689956,34,39,0.2
POR 2019-20,1610612757,2019-20,3.1491753947198333,35,39,-1.1
SAC 2019-20,1610612758,2019-20,17.252025443619715,31,41,-2.0
SAS 2019-20,1610612759,2019-20,9.152694993202104,32,39,-1.1
TOR 2019-20,1610612761,2019-20,11.605928684936785,53,19,6.2
UTA 2019-20,1610612762,2019-20,21.825598182185132,44,28,2.5
WAS 2019-20,1610612764,2019-20,-5.209056359311859,25,47,-4.7
ATL 2020-21,1610612737,2020-21,15.54378365930522,41,31,2.3
BOS 2020-21,1610612738,2020-21,3.3629740066873097,36,36,1.5
BKN 2020-21,1610612751,2020-21,28.57596573967298,48,24,4.5
CHA 2020-21,1610612766,2020-21,-11.955898414557083,33,39,-1.9
CHI 2020-21,1610612741,2020-21,-1.6479290098239545,31,41,-0.9
CLE 2020-21,1610612739,2020-21,-16.41118016487067,22,50,-8.4
DAL 2020-21,1610612742,2020-21,26.68775239839691,42,30,2.3
DEN 2020-21,1610612743,2020-21,25.569810462273594,47,25,4.9
DET 2020-21,1610612765,2020-21,-39.08960048298605,20,52,-4.5
GSW 2020-21,1610612744,2020-21,-15.02783995279458,39,33,1.1
HOU 2020-21,1610612745,2020-21,-30.081044941613627,17,55,-7.9
IND 2020-21,1610612754,2020-21,15.061573646746822,34,38,0.0
LAC 2020-21,1610612746,2020-21,1.144210853670529,47,25,6.2
LAL 2020-21,1610612747,2020-21,1.2403259980296326,42,30,2.8
MEM 2020-21,1610612763,2020-21,1.2480784060470427,38,34,1.0
MIA 2020-21,1610612748,2020-21,12.30763645224961,40,32,0.0
MIL 2020-21,1610612749,2020-21,24.972308457729767,46,26,5.9
MIN 2020-21,1610612750,2020-21,-3.5023917336788912,23,49,-5.6
NOP 2020-21,1610612740,2020-21,-3.543449343557043,31,41,-0.3
NYK 2020-21,1610612752,2020-21,-28.359232353265995,41,31,2.3
OKC 2020-21,1610612760,2020-21,-41.08528648851541,22,50,-10.6
ORL 2020-21,1610612753,2020-21,-36.85366511801632,21,51,-9.3
PHI 2020-21,1610612755,2020-21,24.128701864091013,49,23,5.6
PHX 2020-21,1610612756,2020-21,17.915937279752498,51,21,5.8
POR 2020-21,1610612757,2020-21,11.019775909440554,42,30,1.8
SAC 2020-21,1610612758,2020-21,3.9836143960847323,31,41,-3.7
SAS 2020-21,1610612759,2020-21,0.19012871937540865,33,39,-1.7
TOR 2020-21,1610612761,2020-21,-2.9053913681533032,27,45,-0.5
UTA 2020-21,1610612762,2020-21,19.745411028825757,52,20,9.3
WAS 2020-21,1610612764,2020-21,-2.2350799065464884,34,38,-1.8
ATL 2021-22,1610612737,2021-22,15.177816682488,43,39,1.6
BOS 2021-22,1610612738,2021-22,19.363463247374582,51,31,7.3
BKN 2021-22,1610612751,2021-22,3.4215798018662724,44,38,0.8
CHA 2021-22,1610612766,2021-22,11.668469611761296,43,39,0.4
CHI 2021-22,1610612741,2021-22,6.648025683811923,46,36,-0.4
CLE 2021-22,1610612739,2021-22,-14.089312431081453,44,38,2.1
DAL 2021-22,1610612742,2021-22,17.60660948117342,52,30,3.3
DEN 2021-22,1610612743,2021-22,22.256462061492925,48,34,2.3
DET 2021-22,1610612765,2021-22,-26.19378717248283,23,59,-7.7
GSW 2021-22,1610612744,2021-22,5.4294676723572906,53,29,5.5
HOU 2021-22,1610612745,2021-22,-39.198480821871186,20,62,-8.5
IND 2021-22,1610612754,2021-22,-4.5712972718281435,25,57,-3.5
LAC 2021-22,1610612746,2021-22,9.32983708507912,42,40,0.0
LAL 2021-22,1610612747,2021-22,-13.25554465188661,33,49,-3.0
MEM 2021-22,1610612763,2021-22,16.450561704673973,56,26,5.7
MIA 2021-22,1610612748,2021-22,1.7719225561479988,53,29,4.5
MIL 2021-22,1610612749,2021-22,23.809023874496106,51,31,3.4
MIN 2021-22,1610612750,2021-22,-5.77502966708677,46,36,2.6
NOP 2021-22,1610612740,2021-22,-4.662322366941353,36,46,-1.0
NYK 2021-22,1610612752,2021-22,7.397485862648239,37,45,-0.1
OKC 2021-22,1610612760,2021-22,-70.07069944677836,24,58,-8.1
ORL 2021-22,1610612753,2021-22,-42.313189785997466,22,60,-8.0
PHI 2021-22,1610612755,2021-22,29.76137114651509,51,31,2.6
PHX 2021-22,1610612756,2021-22,26.967829990177805,64,18,7.5
POR 2021-22,1610612757,2021-22,2.784240728601631,27,55,-8.9
SAC 2021-22,1610612758,2021-22,-0.6302334626188184,30,52,-5.5
SAS 2021-22,1610612759,2021-22,-4.742755267490338,34,48,0.1
TOR 2021-22,1610612761,2021-22,-8.290936151539384,48,34,2.3
UTA 2021-22,1610612762,2021-22,22.77060643801981,49,33,6.0
WAS 2021-22,1610612764,2021-22,-8.821185131082629,35,47,-3.4
ATL 2022-23,1610612737,2022-23,19.153874279956696,41,41,0.3
BOS 2022-23,1610612738,2022-23,23.786476591649702,57,25,6.5
BKN 2022-23,1610612751,2022-23,1.235577028665162,45,37,0.9
CHA 2022-23,1610612766,2022-23,3.6793428498167913,27,55,-6.2
CHI 2022-23,1610612741,2022-23,2.467522078635966,40,42,1.3
CLE 2022-23,1610612739,2022-23,14.321641268007127,51,31,5.4
DAL 2022-23,1610612742,2022-23,0.6918096995484433,38,44,0.1
DEN 2022-23,1610612743,2022-23,19.17937908560448,53,29,3.3
DET 2022-23,1610612765,2022-23,-30.356781903194715,17,65,-8.2
GSW 2022-23,1610612744,2022-23,9.009353613164734,44,38,1.8
HOU 2022-23,1610612745,2022-23,-39.23297517655554,22,60,-7.9
IND 2022-23,1610612754,2022-23,-17.19684530081375,35,47,-3.2
LAC 2022-23,1610612746,2022-23,0.7273037099641897,44,38,0.5
LAL 2022-23,1610612747,2022-23,1.0789004210521824,43,39,0.6
MEM 2022-23,1610612763,2022-23,8.294820548710646,51,31,3.9
MIA 2022-23,1610612748,2022-23,1.190386714211499,44,38,-0.3
MIL 2022-23,1610612749,2022-23,26.66522901752434,58,24,3.6
MIN 2022-23,1610612750,2022-23,20.750223116784568,42,40,0.0
NOP 2022-23,1610612740,2022-23,13.714279646458294,42,40,1.9
NYK 2022-23,1610612752,2022-23,20.908164425779646,47,35,2.9
OKC 2022-23,1610612760,2022-23,-29.68047555836567,40,42,1.1
ORL 2022-23,1610612753,2022-23,-17.76365066730355,34,48,-2.6
PHI 2022-23,1610612755,2022-23,13.022758127833455,54,28,4.3
PHX 2022-23,1610612756,2022-23,22.363533923595483,45,37,2.1
POR 2022-23,1610612757,2022-23,-31.886558619378377,33,49,-4.0
SAC 2022-23,1610612758,2022-23,5.839264623746104,48,34,2.6
SAS 2022-23,1610612759,2022-23,-43.412852788118364,22,60,-10.0
TOR 2022-23,1610612761,2022-23,20.555435421394336,41,41,1.5
UTA 2022-23,1610612762,2022-23,-39.203636265588656,37,45,-0.9
WAS 2022-23,1610612764,2022-23,0.09850008721464576,35,47,-1.2
ATL 2023-24,1610612737,2023-24,13.359843612113892,36,46,-2.2
BOS 2023-24,1610612738,2023-24,26.999601180120422,64,18,11.3
BKN 2023-24,1610612751,2023-24,1.2567563027144075,32,50,-2.9
CHA 2023-24,1610612766,2023-24,-21.764153054763824,21,61,-10.2
CHI 2023-24,1610612741,2023-24,4.951024402829759,39,43,-1.4
CLE 2023-24,1610612739,2023-24,19.666167805616382,48,34,2.4
DAL 2023-24,1610612742,2023-24,2.520598769925371,50,32,2.2
DEN 2023-24,1610612743,2023-24,19.11123940381225,57,25,5.3
DET 2023-24,1610612765,2023-24,-46.06475455855973,14,68,-9.1
GSW 2023-24,1610612744,2023-24,-6.06159772964557,46,36,2.6
HOU 2023-24,1610612745,2023-24,-11.81586795531284,41,41,1.1
IND 2023-24,1610612754,2023-24,10.930070320194872,47,35,3.0
LAC 2023-24,1610612746,2023-24,-3.807899199103744,51,31,3.3
LAL 2023-24,1610612747,2023-24,0.5182319593272524,47,35,0.6
MEM 2023-24,1610612763,2023-24,-5.334672623364781,27,55,-7.0
MIA 2023-24,1610612748,2023-24,-10.735010425872673,46,36,1.8
MIL 2023-24,1610612749,2023-24,11.388065167775721,49,33,2.6
MIN 2023-24,1610612750,2023-24,16.861427820068158,56,26,6.5
NOP 2023-24,1610612740,2023-24,8.4910155496528,49,33,4.4
NYK 2023-24,1610612752,2023-24,13.332869125885608,50,32,4.6
OKC 2023-24,1610612760,2023-24,-13.884097319223926,57,25,7.4
ORL 2023-24,1610612753,2023-24,-3.7946968718260052,47,35,2.0
PHI 2023-24,1610612755,2023-24,16.01723217647708,47,35,3.0
PHX 2023-24,1610612756,2023-24,1.0269388606517822,49,33,3.1
POR 2023-24,1610612757,2023-24,-31.670341928698832,21,61,-9.0
SAC 2023-24,1610612758,2023-24,24.37491910975909,46,36,1.7
SAS 2023-24,1610612759,2023-24,-19.908015065715162,22,60,-6.5
TOR 2023-24,1610612761,2023-24,8.745315801796878,25,57,-6.4
UTA 2023-24,1610612762,2023-24,-20.62760029710489,31,51,-4.9
WAS 2023-24,1610612764,2023-24,-4.082610339530476,15,67,-9.3
ATL 2024-25,1610612737,2024-25,-0.15972862108861818,40,42,-1.1
BOS 2024-25,1610612738,2024-25,35.51712056465652,61,21,9.1
BKN 2024-25,1610612751,2024-25,-30.171755451806746,26,56,-7.1
CHA 2024-25,1610612766,2024-25,-19.367870961519955,19,63,-9.1
CHI 2024-25,1610612741,2024-25,9.93002167208789,39,43,-1.6
CLE 2024-25,1610612739,2024-25,5.60268979259277,64,18,9.5
DAL 2024-25,1610612742,2024-25,1.6114379395975789,39,43,-1.2
DEN 2024-25,1610612743,2024-25,23.086705399145103,50,32,3.9
DET 2024-25,1610612765,2024-25,-4.894128086884166,44,38,1.9
GSW 2024-25,1610612744,2024-25,13.946015884521557,48,34,3.3
HOU 2024-25,1610612745,2024-25,14.454370331339135,52,30,4.5
IND 2024-25,1610612754,2024-25,25.14941696275386,50,32,2.2
LAC 2024-25,1610612746,2024-25,0.27683913808897387,50,32,4.7
LAL 2024-25,1610612747,2024-25,1.0269754465798826,50,32,1.2
MEM 2024-25,1610612763,2024-25,-31.30604759595309,48,34,4.9
MIA 2024-25,1610612748,2024-25,-3.1529798409843295,37,45,0.6
MIL 2024-25,1610612749,2024-25,6.632169524369203,48,34,2.5
MIN 2024-25,1610612750,2024-25,15.709655429085416,49,33,5.0
NOP 2024-25,1610612740,2024-25,1.6844846484468405,21,61,-9.4
NYK 2024-25,1610612752,2024-25,8.553641254991064,51,31,4.1
OKC 2024-25,1610612760,2024-25,43.26437581222032,68,14,12.9
ORL 2024-25,1610612753,2024-25,5.187229661894406,41,41,-0.1
PHI 2024-25,1610612755,2024-25,-29.70079703195165,24,58,-6.2
PHX 2024-25,1610612756,2024-25,-1.5020405410526223,36,46,-3.0
POR 2024-25,1610612757,2024-25,-20.656814880349543,36,46,-3.0
SAC 2024-25,1610612758,2024-25,16.965099335789446,40,42,0.5
SAS 2024-25,1610612759,2024-25,-3.7106417766549242,34,48,-2.8
TOR 2024-25,1610612761,2024-25,-15.412347116911604,30,52,-4.3
UTA 2024-25,1610612762,2024-25,-20.468358693202873,17,65,-9.3
WAS 2024-25,1610612764,2024-25,-48.09473819980062,18,64,-12.4
ATL 2025-26,1610612737,2025-26,7.361596554994975,46,36,2.4
BOS 2025-26,1610612738,2025-26,28.63430754449297,56,26,7.7
BKN 2025-26,1610612751,2025-26,-62.71467479092171,20,62,-10.0
CHA 2025-26,1610612766,2025-26,-36.08998393341514,44,38,4.8
CHI 2025-26,1610612741,2025-26,17.394315255949266,31,51,-5.2
CLE 2025-26,1610612739,2025-26,27.988371993575356,52,30,4.1
DAL 2025-26,1610612742,2025-26,-28.16745469563756,26,56,-5.5
DEN 2025-26,1610612743,2025-26,16.49921349024075,54,28,5.1
DET 2025-26,1610612765,2025-26,5.914573269345794,60,22,8.2
GSW 2025-26,1610612744,2025-26,9.95659050116592,37,45,-0.6
HOU 2025-26,1610612745,2025-26,15.353056113953286,52,30,5.2
IND 2025-26,1610612754,2025-26,-8.747322332524277,19,63,-8.0
LAC 2025-26,1610612746,2025-26,0.5088636225924859,42,40,1.1
LAL 2025-26,1610612747,2025-26,16.774174346936135,53,29,1.8
MEM 2025-26,1610612763,2025-26,-10.60112252452555,25,57,-6.0
MIA 2025-26,1610612748,2025-26,6.956072832046971,43,39,2.3
MIL 2025-26,1610612749,2025-26,4.487302186620525,32,50,-6.2
MIN 2025-26,1610612750,2025-26,28.293469209293818,49,33,3.4
NOP 2025-26,1610612740,2025-26,-26.85733581226819,26,56,-4.5
NYK 2025-26,1610612752,2025-26,18.971166844904474,53,29,6.3
OKC 2025-26,1610612760,2025-26,51.90260900527531,64,18,11.1
ORL 2025-26,1610612753,2025-26,8.13399551239391,45,37,0.6
PHI 2025-26,1610612755,2025-26,-28.142963889670227,45,37,-0.2
PHX 2025-26,1610612756,2025-26,2.5140790328051423,45,37,1.5
POR 2025-26,1610612757,2025-26,-6.495457573870951,42,40,-0.3
SAC 2025-26,1610612758,2025-26,-7.642289595668132,22,60,-10.0
SAS 2025-26,1610612759,2025-26,1.794822759435391,62,20,8.3
TOR 2025-26,1610612761,2025-26,0.5682570409089465,46,36,2.8
UTA 2025-26,1610612762,2025-26,-30.541006670888493,22,60,-8.4
WAS 2025-26,1610612764,2025-26,-24.007225297542163,17,65,-12.0
