season,group_name,min_together,net_rating,usage_clash,playmaking_spacing_synergy,post_creator_synergy,onball_offball_shooter_synergy,drive_interior_synergy
2010-11,R. Felton - D. Gallinari,1465.0,-1.0,0.0,48.91320601641219,0.0,0.0,0.0
2010-11,R. Felton - W. Chandler,1402.0,1.0,0.0,47.24852027767629,0.0,0.0,0.0
2010-11,H. Turkoglu - J. Richardson,1283.0,9.8,0.0,39.44079001174577,0.0,0.0,0.0
2010-11,C. Billups - C. Anthony,1255.0,4.7,0.044029016131084696,36.17079975640499,0.0,0.0,0.0
2010-11,W. Chandler - D. Gallinari,1032.0,4.4,0.0,17.565399239543726,0.0,0.0,0.0
2010-11,N. Krstic - J. Green,734.0,0.4,0.0,1.935647868019719,0.0,0.0,0.0
2010-11,K. Hinrich - A. Thornton,710.0,-5.2,0.0,8.310964972223786,0.0,0.0,0.0
2010-11,C. Billups - C. Anthony,627.0,-0.8,0.044029016131084696,36.17079975640499,0.0,0.0,0.0
2010-11,V. Carter - M. Gortat,621.0,2.4,0.0,7.162036917182282,0.0,0.0,0.0
2010-11,D. Harris - D. Favors,615.0,-7.0,0.0,2.6278283052351377,0.0,0.0,0.0
2010-11,H. Turkoglu - G. Arenas,602.0,10.3,0.0,55.995584237939084,0.0,0.0,0.0
2010-11,N. Mohammed - G. Wallace,596.0,0.4,0.0,1.6734636093575936,0.0,0.0,0.0
2010-11,J. Richardson - G. Arenas,518.0,6.8,0.0,47.65905818946954,0.0,0.0,0.0
2010-11,M. Evans - J. Crawford,518.0,-14.6,0.0,20.610403545837592,0.0,0.0,0.0
2010-11,V. Carter - R. Lewis,517.0,9.3,0.0,22.548579668348953,0.0,0.0,0.0
2010-11,M. Pietrus - M. Gortat,510.0,-4.8,0.0,9.589288927813037,0.0,0.0,0.0
2010-11,C. Anthony - S. Williams,505.0,0.5,0.0,4.158117128237085,0.0,0.0,0.0
2010-11,C. Billups - S. Williams,463.0,-2.7,0.0,7.161569858712715,0.0,0.0,0.0
2010-11,G. Arenas - K. Hinrich,437.0,-7.2,0.0,48.738516437392946,0.0,0.0,0.0
2010-11,D. Harris - S. Vujacic,436.0,-6.5,0.0,54.26911380846134,0.0,0.0,0.0
2010-11,H. Turkoglu - J. Richardson,416.0,-2.0,0.0,39.44079001174577,0.0,0.0,0.0
2010-11,J. Jack - M. Thornton,386.0,-3.4,0.0,30.791034937376402,0.0,0.0,0.0
2010-11,S. Battier - A. Brooks,355.0,-2.6,0.0,44.99387309394983,0.0,0.0,0.0
2010-11,J. Jeffries - C. Anthony,343.0,15.5,0.0,8.642085074494164,0.0,0.0,0.0
2010-11,R. Felton - T. Mozgov,335.0,-5.7,0.0,4.459499033599501,0.0,0.0,0.0
2010-11,M. Bibby - M. Evans,329.0,-2.7,0.0,21.947903794211054,0.0,0.0,0.0
2010-11,M. Gortat - A. Brooks,323.0,-2.9,0.0,8.664585737205272,0.0,0.0,0.0
2010-11,D. Gallinari - T. Mozgov,321.0,3.8,0.0,5.166386091196704,0.0,0.0,0.0
2010-11,J. Jack - C. Landry,309.0,5.9,0.0,2.9130030401043907,0.0,0.0,0.0
2010-11,R. Lewis - K. Hinrich,305.0,-12.3,0.0,28.829520452683518,0.0,0.0,0.0
2011-12,M. Camby - G. Wallace,791.0,2.0,0.0,7.7896158976639205,0.0,0.0,0.0
2011-12,N. Young - J. McGee,771.0,-11.1,0.0,4.268865096843839,0.0,0.0,0.0
2011-12,M. Ellis - E. Udoh,528.0,10.2,0.0,5.757314611671786,0.0,0.0,0.0
2012-13,J. Calderon - E. Davis,757.0,-2.0,0.0,6.538649470129035,0.0,0.0,0.0
2012-13,B. Udrih - T. Harris,609.0,-7.9,0.0,27.153342706469203,0.0,0.0,0.0
2012-13,S. Livingston - W. Ellington,496.0,3.2,0.0,27.893905671034094,0.0,0.0,0.0
2012-13,T. Douglas - M. Morris,465.0,1.8,0.0,32.07133075756835,0.0,0.0,0.0
2012-13,J. Redick - J. McRoberts,455.0,-1.5,0.0,32.4057425811425,0.0,0.0,0.0
2012-13,S. Livingston - M. Speights,443.0,-1.0,0.0,1.601928628072958,0.0,0.0,0.0
2012-13,J. Redick - G. Ayon,417.0,-9.0,0.0,23.73329901948169,0.0,0.0,0.0
2012-13,M. Speights - W. Ellington,406.0,-2.5,0.0,7.394396332144677,0.0,0.0,0.0
2012-13,M. Speights - W. Ellington,344.0,4.9,0.0,7.394396332144677,0.0,0.0,0.0
2013-14,S. Hawes - E. Turner,1400.0,-9.2,0.0,25.22813542732571,6.4471237264759536,29.1459536415002,105.7142501223473
2013-14,J. Salmons - G. Vasquez,730.0,5.6,0.0,40.15271250725439,1.1159627871713051,26.76537979791269,52.86557148970512
2013-14,J. Salmons - P. Patterson,637.0,5.8,0.0,17.110698304838607,1.7041590904277688,24.20817537946746,39.77841581222828
2013-14,R. Sessions - J. Adrien,628.0,-5.3,0.0,2.8671974037827694,7.884792860402617,6.118350996399777,127.26413467876883
2013-14,P. Patterson - G. Vasquez,617.0,11.9,0.0,33.911825959078726,3.4850981203686175,27.167502498690116,66.64911346034458
2013-14,R. Gay - D. Williams,568.0,-5.5,0.0,8.925154024166273,4.597763990257076,17.462049921631113,53.02593163454484
2013-14,L. Deng - S. Hawes,552.0,-2.3,0.0,24.118487187414814,7.898897021830882,23.126472024895214,62.886506125928676
2013-14,D. Williams - Q. Acy,520.0,-8.6,0.0,3.033091436865022,1.1285921625544266,3.5318888658511294,21.298818162969106
2013-14,E. Turner - L. Allen,509.0,-6.2,0.0,7.132452981192476,6.831532613045218,20.077446363160647,78.71948779511806
2013-14,R. Gay - M. Thornton,468.0,12.5,0.0,23.885791600580145,3.8887608700930967,42.38049359680342,40.83816550704634
2013-14,S. Blake - J. Crawford,396.0,-7.3,0.0,68.14479521081873,1.1423747792755932,39.837064473060856,62.65851242516905
2013-14,R. Evans - R. Gay,374.0,-2.3,0.0,2.356343960034614,4.532131711383956,0.9341078304222303,74.41649771971052
2013-14,C. Hayes - G. Vasquez,360.0,3.6,0.0,10.098372110210088,3.049441357672178,0.7875143607694013,75.83066721310374
2013-14,M. Thornton - D. Williams,341.0,-5.2,0.0,10.355746034551318,1.3800026509963328,17.77806616129419,22.001512330288897
2013-14,J. Salmons - C. Hayes,335.0,2.9,0.0,5.835439239565493,1.4937607622811189,0.6182454423326393,43.714938623258995
2013-14,J. Salmons - P. Patterson,315.0,-5.0,0.0,17.110698304838607,1.7041590904277688,24.20817537946746,39.77841581222828
2014-15,J. Smith - C. Brewer,919.0,10.7,0.0,28.212675599679894,5.752429049514315,15.302028013486353,65.79224340909673
2014-15,J. Smith - T. Mozgov,919.0,11.8,0.0,7.495144152035648,5.210039227634535,9.03042998057661,31.587767071638034
2014-15,A. Afflalo - T. Mozgov,796.0,2.0,0.0,4.832760184814026,4.0757821894976685,7.226481571341168,36.60887360492837
2014-15,M. Williams - T. Young,683.0,-0.4,0.0,29.302338089191007,14.299155897512511,32.056054381116006,52.045237917382536
2014-15,M. Carter-Williams - K. McDaniels,645.0,-3.0,0.0,34.47142424659419,1.925185083253062,19.97992569148204,134.56276868033575
2014-15,G. Dragic - M. Plumlee,631.0,4.2,0.0,3.620557332115121,6.935221562357241,1.9040201005025126,106.61443581544083
2014-15,K. Perkins - R. Jackson,624.0,6.4,0.0,6.3479342956694875,11.57441513190642,4.515679442508711,133.17969138875063
2014-15,E. Kanter - D. Waiters,579.0,4.6,0.9101708353688307,5.733542989741084,6.796989496824621,22.80034807034685,74.40360893991208
2014-15,R. Rondo - J. Green,568.0,-2.5,0.0,44.088596217804586,16.73912898745018,20.119899649863967,78.53794330640989
2014-15,D. Augustin - K. Singler,553.0,-4.6,0.0,40.10081933518937,0.9349530073431866,24.48055830639586,58.50058857601974
2014-15,G. Dragic - I. Thomas,498.0,0.0,0.0,55.3640787949015,0.16155061624354788,33.3821026019172,70.98528389339513
2014-15,D. Augustin - J. Jerebko,482.0,0.9,0.0,35.88340370572749,0.3787591277134767,22.977696090606525,91.09210670110775
2014-15,S. Williams - N. Cole,449.0,-7.1,0.0,34.598687532564234,1.1623189905828126,27.659936180379113,45.96206495814443
2014-15,I. Thomas - M. Plumlee,445.0,6.3,0.0,7.39800974746269,8.572736218753095,3.067620838840786,111.11289937520742
2014-15,L. Amundson - L. Thomas,433.0,-8.0,0.0,1.492601285407214,4.766305409833601,5.21714706596033,26.727674478031478
2014-15,A. Tolliver - R. Jackson,429.0,10.6,0.0,59.09640115641511,0.807496760043864,51.512311833316716,83.85923636726149
2014-15,J. Smith - K. Singler,429.0,-13.1,0.0,27.818367761922417,3.700740404052486,13.232754805449565,45.74591820867673
2014-15,C. Brewer - T. Young,396.0,-8.3,0.0,15.44813749001429,5.826154710519674,13.120328960552843,42.03908926370114
2014-15,J. Smith - I. Shumpert,395.0,10.1,0.0,38.625141848442816,0.9562476358592864,43.256688942125834,32.1230614046148
2014-15,I. Thomas - J. Crowder,378.0,9.9,0.0,41.7587143589841,1.4242349410177995,41.35068290181031,78.79019052865527
2014-15,D. Augustin - D. Waiters,367.0,3.3,0.0,37.93580093863455,2.1099353581864873,26.04245993093067,63.42238554856991
2014-15,T. Prince - R. Jackson,345.0,-4.2,0.0,21.82922589221802,6.91727170467328,35.0833418549954,82.32007362716024
2014-15,J. Jerebko - J. Crowder,326.0,14.8,0.0,17.866773290683728,0.6199120351859256,17.55073970411835,36.33298680527788
2014-15,C. Brewer - P. Prigioni,321.0,5.9,0.0,35.74592446617261,0.6209870627695255,16.338652092617743,37.905631351978414
2014-15,J. Nelson - W. Barton,317.0,9.8,0.0,39.72109079554522,0.3128751344412449,25.853415674981783,95.76133643271001
2014-15,A. Stoudemire - I. Shumpert,316.0,-6.0,0.0,6.3114912746230445,18.35794337089876,8.684369244216901,36.9114350825711
2014-15,E. Kanter - K. Singler,315.0,-2.8,0.0,5.942170910215441,4.421837954850015,8.342000824657251,28.197479641274093
2014-15,A. Stoudemire - P. Prigioni,312.0,4.0,0.0,7.096777313057562,29.616903996325217,5.62154582597974,44.68080168266325
2014-15,J. Smith - D. Augustin,310.0,-11.3,0.0,42.62277182239901,11.338082884356487,22.85339500845732,119.75993435954084
2014-15,T. Mozgov - I. Shumpert,306.0,17.9,0.0,4.7517581072231865,4.940352475585798,6.188355208837514,39.60891723372149
2015-16,J. Green - C. Lee,686.0,-0.3,0.0,14.519827890148182,2.3797986574883874,20.971605982083872,35.45939432941169
2015-16,C. Frye - T. Harris,596.0,7.9,0.0,24.381129386572642,4.596301401187553,15.529614644382985,44.230045796885385
2015-16,C. Lee - M. Chalmers,549.0,5.8,0.0,28.37983362572716,0.11000249018436725,20.245715665880915,54.32667099796478
2015-16,T. Lawson - M. Thornton,520.0,-6.3,0.0,60.56612434021498,0.8554958845788763,37.50421008732317,63.24700969944761
2015-16,J. Green - M. Chalmers,518.0,-0.7,0.0,29.139553671094525,6.957261160889631,17.857780303610724,81.03370015022455
2016-17,M. Barnes - D. Cousins,835.0,-2.9,0.0,46.80365111561866,16.21657803848473,20.690576174551836,86.9296091223069
2016-17,T. Jones - L. Galloway,633.0,-0.1,0.0,17.163072431346155,3.7449309432853357,19.355293716170742,32.20763462978586
2016-17,T. Jones - B. Hield,490.0,-6.2,0.0,16.977930096414138,3.8556254917387873,20.75524410246836,77.0709237354812
2016-17,J. Lauvergne - J. Grant,406.0,-7.0,0.0,10.907828683400204,1.5738093016435837,3.3652914594969277,40.18396406243752
2016-17,T. Gibson - D. McDermott,377.0,1.7,0.0,6.88656576689031,4.934839228488784,11.205684314125568,20.97339078459378
2016-17,L. Galloway - B. Hield,325.0,-13.0,0.0,33.3181029201552,0.0,59.397794568102924,30.90223606289565
2017-18,A. Bradley - T. Harris,1090.0,-7.1,1.3448262855313455,27.391549166100823,2.7430192789160195,45.44557867611902,53.210235077855344
2017-18,J. Clarkson - L. Nance Jr.,475.0,4.4,0.0,13.884953049253253,2.4291901289872886,14.583840619192692,100.82782339403609
2017-18,C. Brewer - J. Clarkson,457.0,-10.1,0.0,25.552079593825322,0.07384994102261655,21.701657284199978,54.84835119749731
2017-18,J. Nelson - D. Cunningham,421.0,4.6,0.0,29.50573656422968,0.5864453525424287,18.165881946981184,57.34632871265104
2017-18,J. Johnson - R. Hood,348.0,-9.9,0.0,27.562828150034917,4.030209346230411,44.89807638451755,55.650624009255495
2017-18,D. Wade - C. Frye,335.0,12.9,0.0,36.95260791366907,7.427428057553957,50.00341726618704,75.17023381294963
2017-18,E. Ilyasova - M. Belinelli,323.0,14.0,0.0,28.085367439457773,1.594456567239951,38.801392983424925,24.91338386312424
2017-18,D. Wade - J. Crowder,310.0,-2.1,0.0,35.82384868421053,3.2785137559808613,41.87301136363636,55.388352272727275
2017-18,E. Ilyasova - M. Belinelli,309.0,-6.4,0.0,28.085367439457773,1.594456567239951,38.801392983424925,24.91338386312424
2018-19,A. Bradley - T. Harris,1320.0,-2.1,0.0,27.671476599132973,3.504052021587189,38.357533398212865,56.24016632752367
2018-19,D. Jordan - H. Barnes,1303.0,-1.0,0.0,17.195513795332,5.915050787350018,0.6388704759123873,72.1941134233781
2018-19,M. Gasol - G. Temple,1284.0,-1.2,0.0,31.559898919442077,5.727618307455778,19.33361169908501,31.23927949932782
2018-19,D. Jordan - W. Matthews,1094.0,-2.0,0.0,19.035433454423625,5.484026384273728,0.6930729015902475,57.460860593835406
2018-19,W. Matthews - H. Barnes,998.0,-2.8,0.0,28.60545533534107,6.724074356230894,38.67297044861487,34.07280313066943
2018-19,D. Jordan - D. Smith Jr.,833.0,-3.4,0.0,13.623031181038694,4.8113886012914024,0.7380821257478434,200.56479107032484
2018-19,E. Kanter - T. Hardaway Jr.,764.0,-9.9,5.004326897930049,23.348137566837508,12.655076506270497,12.119981384715,61.4698209035176
2018-19,H. Barnes - D. Smith Jr.,735.0,-2.7,0.0,45.82151986353084,10.416140892473985,38.420291934266096,86.98699081932811
2018-19,M. Gasol - S. Mack,734.0,-7.8,0.0,40.67113584919077,16.225107746275793,32.176739445605406,107.5016848317736
2018-19,T. Harris - J. Butler,637.0,4.3,1.6221592780191791,30.73055819813334,7.06347157586198,32.20839739798935,122.66211143393411
2018-19,J. Holiday - J. Parker,632.0,-11.9,0.0,28.590347066660613,2.5698151594359993,31.638830669169298,60.1181612595751
2018-19,W. Matthews - D. Smith Jr.,615.0,-3.9,0.0,55.41859199525058,7.720362752075016,40.03253047353379,55.328170370173055
2018-19,M. Muscala - L. Shamet,608.0,-0.8,0.0,33.06782152891206,0.38658424449267703,22.49127309625344,18.42057404313397
2018-19,W. Chandler - J. Butler,585.0,8.7,0.0,28.94055013309672,2.9394479988791855,26.467136786064536,73.25419137906877
2018-19,G. Temple - S. Mack,510.0,-8.1,0.0,31.617766814779777,0.20113731063322188,22.629729675572182,49.07648537774343
2018-19,S. Mack - J. Green,469.0,-15.2,0.0,29.34281838776302,7.2894632018375844,27.05121613535505,101.25273610713853
2018-19,M. Gasol - J. Green,466.0,-11.9,0.0,29.132638432268706,11.00050662383719,13.74093197227582,27.822185812376716
2018-19,J. Holiday - D. Wright,440.0,-2.3,0.0,40.943271783903356,0.07260691180716228,19.47943902052235,70.90855416444717
2018-19,J. Butler - M. Muscala,438.0,7.9,0.0,37.2394321578632,2.0628018544930806,41.49038446038526,69.88411170412213
2018-19,A. Rivers - K. Oubre Jr.,437.0,-3.8,0.0,27.713444337415716,0.05515343332874639,22.142947571212332,65.44631897619375
2018-19,J. Butler - L. Shamet,428.0,4.4,0.0,41.713322344610745,1.5019284446216636,41.060610509045375,38.07156553740187
2018-19,G. Temple - J. Green,417.0,-11.2,0.0,14.75420402535763,2.5760573452109226,14.32995581819956,28.184716592136905
2018-19,M. Morris - O. Porter Jr.,416.0,1.3,0.0,26.99581192731704,8.174916042318035,39.71019508831207,33.99302174770272
2018-19,I. Zubac - L. Shamet,402.0,7.4,0.0,17.269127768419008,4.049398646995798,2.423409344125178,28.27310901479374
2018-19,J. Valanciunas - J. Holiday,390.0,-5.3,0.0,18.024928302388304,7.3497672662299225,13.660178107520576,49.47719335624984
2018-19,T. Ariza - B. Portis,386.0,-1.7,0.0,33.741033951437224,8.813984379150948,21.23287816800383,71.49885765899793
2018-19,J. Holiday - C. Payne,369.0,-22.7,0.0,42.97741172211376,0.07400990419053283,29.267426074139202,52.74671907526409
2018-19,A. Burks - R. Hood,366.0,-16.6,0.0,25.580673678144358,2.4108848869039043,28.181760553234405,59.618862988042075
2018-19,T. Hardaway Jr. - T. Burke,366.0,-9.1,9.523526540009726,56.63337287311619,2.04806222654351,64.68841225085075,63.98948371414682
2018-19,C. Miles - D. Wright,363.0,-8.1,0.0,50.2231549781265,0.22087073405049248,24.603931043866556,70.18612878353696
2018-19,E. Kanter - T. Burke,358.0,-0.4,4.267889958267243,16.7633923123856,21.426918852959123,12.880048810250152,136.55592922513728
2018-19,T. Ariza - I. Canaan,354.0,-18.3,0.0,53.28179222490665,1.3283549308148475,21.519877004173075,49.259828684383926
2018-19,T. Harris - M. Scott,348.0,-4.4,0.0,27.266210038311712,3.6114379768841958,38.46919770773639,70.20512861788093
2018-19,K. Faried - A. Rivers,344.0,1.2,0.0,9.405845633656284,1.172768060342025,4.323265491904545,68.42785616750115
2018-19,E. Kanter - R. Hood,326.0,-3.1,0.0,13.224715700598239,11.360891270526556,9.933992065433582,60.282314309776844
2018-19,M. Morris - K. Oubre Jr.,325.0,-13.4,0.0,23.056651967870017,4.468102391451521,24.427804512103634,59.74156953872614
2018-19,J. Butler - M. Scott,323.0,5.3,0.0,33.5716116003226,3.440268042724227,37.70571164425327,75.31030141692838
2018-19,W. Selden - T. Luwawu-Cabarrot,320.0,-21.8,0.0,23.112014135376775,0.1050056560204676,26.96491397551239,60.03092581108581
2018-19,T. Ariza - O. Porter Jr.,314.0,3.4,0.0,38.19870587271686,2.158407732000983,34.54140388238185,57.21254812023918
2018-19,M. Morris - A. Rivers,312.0,-3.8,0.0,30.033994571669332,8.39668713541497,23.11954897369168,53.10125279912848
2018-19,R. Covington - D. Saric,310.0,-2.1,0.0,23.140783057193815,1.415630064305113,18.250812138792487,34.48447131429586
2018-19,R. Covington - D. Saric,309.0,0.1,0.0,23.140783057193815,1.415630064305113,18.250812138792487,34.48447131429586
2018-19,G. Monroe - D. Wright,304.0,-4.9,0.0,8.38303886925795,14.196466431095406,2.335865724381626,121.74328621908127
2019-20,R. Covington - A. Wiggins,999.0,-2.0,0.0,40.59318903622564,0.77511747098875,50.18363660025227,138.5033137554645
2019-20,G. Robinson III - W. Cauley-Stein,748.0,-12.1,0.0,9.18531554550178,2.361484696632677,7.102975538499074,40.52029917692659
2019-20,A. Burks - G. Robinson III,733.0,-11.1,0.0,27.358098781731982,1.0288918881302822,39.77306326540776,55.857204329633376
2019-20,G. Robinson III - D. Russell,703.0,-7.8,0.0,48.73658297317057,0.7151490472268238,66.72625470833758,56.93605915615485
2019-20,R. Covington - S. Napier,614.0,-3.0,0.0,66.22788086693467,0.0,45.70001336987766,112.99537014556019
2019-20,S. Napier - A. Wiggins,563.0,-8.1,0.0,69.98857682209126,3.666640936986948,39.09636517328825,117.45109103078792
2019-20,G. Dieng - A. Wiggins,521.0,-6.6,0.0,34.621042375337304,4.779034845795451,40.35067907948312,166.93742577394846
2019-20,M. Morris - A. Drummond,514.0,-6.7,0.0,21.696776067383094,11.868138251524831,4.575079872204473,65.43711879175137
2019-20,J. Teague - R. Covington,501.0,-3.1,0.0,65.50736822725285,0.10936121573831861,31.266537278397013,152.24033998941366
2019-20,G. Dieng - R. Covington,499.0,3.2,0.0,26.765955903900927,1.363423040007651,15.93168675645304,53.45202039733816
2019-20,D. Russell - W. Cauley-Stein,491.0,-5.2,0.0,24.779375758077997,8.457777409463827,12.901059990808893,101.51692444457838
2019-20,A. Burks - W. Cauley-Stein,485.0,-2.8,0.0,14.318964648065782,5.398490129086374,7.914193264724255,92.878951509715
2019-20,J. Teague - A. Wiggins,467.0,-2.6,0.0,60.01862450286158,4.24289455815307,22.801629644000386,134.56261519061013
2019-20,A. Burks - D. Russell,443.0,-10.0,17.789979588567356,85.10583601119518,3.477633178472818,68.27132316217005,89.94521141758625
2019-20,A. Wiggins - T. Graham,372.0,-3.9,0.0,29.109160277496784,0.9117718416385303,29.80856057083597,80.76272357269293
2019-20,G. Dieng - S. Napier,366.0,-6.7,0.0,50.36908635582681,6.449580766830381,36.39298748696559,136.73666718108242
2019-20,R. Covington - T. Graham,357.0,-4.6,0.0,20.994271316841562,0.0,9.948777825518203,47.66535181811267
2019-20,J. Teague - T. Graham,343.0,-12.3,0.0,40.236284388289896,0.12864176180980783,18.522507896733664,83.00061762162736
2019-20,M. Beasley - J. Hernangomez,338.0,-6.2,0.0,26.62548869093311,0.38559722941249974,29.02775943017298,52.51063070139422
2019-20,J. Teague - K. Bates-Diop,334.0,-7.2,0.0,41.92305658381808,0.4735589635113697,20.165520888418826,116.01242728714965
2020-21,N. Vucevic - E. Fournier,718.0,-4.9,8.179490091511484,61.15259805719096,18.489095886110636,81.97009335171772,105.25715631101723
2020-21,N. Vucevic - A. Gordon,528.0,-3.1,0.0,47.13347972939705,23.19065789603254,51.2791553012772,86.52357928528522
2020-21,B. Griffin - D. Wright,456.0,-2.3,0.0,50.63758990898733,11.547893946433424,14.756544487477807,102.97163589534989
2020-21,D. Wright - T. Davis,396.0,-7.3,0.0,61.09594364828759,0.05729772573284072,20.932308911701167,108.48737583575162
2020-21,P. Tucker - V. Oladipo,396.0,-2.8,0.0,28.80353982300885,0.0,24.334513274336285,67.35752212389382
2020-21,R. Hood - G. Trent Jr.,393.0,-2.1,0.0,24.235468308454255,0.9960512827152108,46.084531974017324,23.074679600726427
2020-21,N. Vucevic - K. Birch,371.0,-19.2,0.0,19.18608436775436,11.000194981075694,11.281769937929166,32.307477357126224
2020-21,M. Harkless - D. Wright,368.0,-4.0,0.0,29.69516605209803,0.843219786343534,9.309031194792569,80.66098338886188
2020-21,N. Vucevic - G. Clark,340.0,-13.2,0.0,36.03094571995686,7.8405201381617,20.819999062250915,25.62727599518622
2020-21,N. Bjelica - C. Joseph,336.0,-1.7,0.0,40.99172216604484,4.4918721015377105,15.787830816974092,97.40222462428956
2020-21,E. Fournier - A. Gordon,328.0,-9.5,0.0,52.73904879090203,4.618116038511159,39.80549752762768,75.5737694380805
2020-21,N. Vucevic - D. Theis,321.0,-11.2,0.0,30.479451194792016,11.947966932932676,19.201350944416127,32.946891157251585
2020-21,G. Harris - W. Carter Jr.,310.0,-13.1,0.0,16.269381818181817,4.628945454545454,12.853527272727273,64.73890909090909
2021-22,J. Holiday - D. Sabonis,883.0,-3.3,0.0,50.641241471981125,3.5867659349002854,10.518132111234316,36.39918502455305
2021-22,B. Hield - T. Haliburton,882.0,-5.6,0.0,103.70782076750523,0.0,55.60688417906137,80.57742829871368
2021-22,R. Covington - N. Powell,852.0,-6.4,0.0,25.576174112256588,0.04400893931579853,27.886539453326456,78.6679443531727
2021-22,D. Sabonis - C. LeVert,836.0,1.4,2.4647593384673687,38.752379750031565,8.251003661153895,19.6788789294281,184.3124100492362
2021-22,C. McCollum - R. Covington,760.0,-3.4,0.0,46.69530387138634,0.1554597220859456,62.12248401418077,101.33172034114236
2021-22,B. Hield - T. Haliburton,745.0,-2.3,0.0,103.70782076750523,0.0,55.60688417906137,80.57742829871368
2021-22,C. McCollum - N. Powell,669.0,-8.7,5.775753846153838,51.68360528360529,0.07956487956487958,59.51080031080031,77.71416731416733
2021-22,J. Holiday - C. LeVert,640.0,-4.5,0.0,53.90909200155129,0.09061303414484932,60.7302005211036,68.9423606976452
2021-22,J. Hart - N. Alexander-Walker,618.0,-6.9,0.0,53.77282044602275,0.15400330438001741,27.914579719881807,108.46126951263822
2021-22,D. Schroder - J. Richardson,575.0,2.5,0.0,44.75977149075082,0.260892274211099,38.81562329885683,76.56611816233
2021-22,J. Holiday - T. Craig,573.0,-7.3,0.0,29.139128813769958,0.05052982480508514,23.71743651788684,23.66216952200628
2021-22,S. Dinwiddie - M. Harrell,550.0,1.5,0.0,21.43431871067827,11.651838474375749,5.923237250554324,94.9465140564856
2021-22,J. Harden - D. Bembry,529.0,2.9,0.0,27.96694214876033,0.20669856459330146,10.186167899086557,104.96267942583731
2021-22,N. Powell - L. Nance Jr.,448.0,-7.3,0.0,23.25897435897436,0.5743589743589745,12.959829059829058,64.46837606837607
2021-22,M. Bagley III - T. Haliburton,446.0,-12.5,0.0,31.449993586678946,11.863011462353805,23.987966277591855,111.28478643640901
2021-22,D. Sabonis - T. Craig,423.0,-6.1,0.0,33.057911633015124,3.4093097913322628,6.206175551237644,47.718171834079584
2021-22,T. Lyles - J. Jackson,401.0,-3.9,0.0,23.102484939759037,2.2791415662650603,20.443147590361445,80.93087349397591
2021-22,C. LeVert - T. Craig,396.0,-10.0,0.0,37.101562896004054,0.19616456872518373,40.631156543043,112.98166765227676
2021-22,T. Thompson - B. Hield,371.0,-2.1,0.0,14.488016635225518,1.9881881323958153,3.7199665580517918,56.11726119019036
2021-22,A. Drummond - S. Curry,369.0,-0.2,0.0,20.997634481395753,4.568561885997264,1.6533038018521091,73.92490994789598
2021-22,B. Hield - J. Smith,369.0,4.4,0.0,25.32533013205282,1.799410673360253,34.63612977658596,68.10483154300681
2021-22,T. Haliburton - J. Smith,368.0,-4.2,0.0,44.74983368524571,4.5774448268880334,37.51869956324299,124.12362247996992
2021-22,S. Dinwiddie - A. Holiday,355.0,-12.9,0.0,55.187299917284726,0.09808565577419642,23.884818805093047,111.0707871875687
2021-22,M. Harrell - A. Holiday,338.0,-0.3,0.0,13.572690571176034,9.947320895344115,4.880781634456893,105.01110819139531
2021-22,B. Hield - M. Bagley III,330.0,0.0,0.0,21.716799808928805,4.6633941534729075,24.150996524264155,66.58358421902793
2021-22,J. Holiday - T. Lyles,328.0,-12.1,0.0,28.371657754010695,1.8376276130286824,23.898183033543994,41.22274550315994
2021-22,J. Holiday - D. Sabonis,327.0,-7.7,0.0,50.641241471981125,3.5867659349002854,10.518132111234316,36.39918502455305
2021-22,C. McCollum - L. Nance Jr.,325.0,1.1,0.0,34.880107584722964,1.375126412049489,29.034513179128563,83.67647122108662
2021-22,D. Eubanks - K. Johnson,324.0,-25.2,0.0,15.327295388450354,2.1731616119651016,8.783880348982136,83.6360614873286
2021-22,A. Drummond - S. Curry,322.0,7.5,0.0,20.997634481395753,4.568561885997264,1.6533038018521091,73.92490994789598
2021-22,D. Schroder - R. Langford,317.0,0.8,0.0,27.811315801730014,0.27070534289089393,23.04078083662883,74.13520653028037
2021-22,D. White - D. Eubanks,311.0,-5.1,0.0,18.83249889051431,3.118631141208764,7.914922993474581,111.22360328079027
2021-22,D. Cousins - B. Forbes,302.0,4.9,0.0,42.299888727656054,3.584140762768664,34.78303194362202,73.84735516700611
2022-23,S. Dinwiddie - D. Finney-Smith,911.0,-1.9,0.0,52.80800069412416,0.3314260141290797,34.20600545252784,68.19090240705815
2022-23,K. Durant - K. Irving,801.0,4.5,37.6182931457889,66.64783536058107,7.600737879748659,68.27866489882976,128.7871101631406
2022-23,M. Plumlee - J. McDaniels,789.0,-4.6,0.0,18.756644681746575,1.8825942630078152,1.4635066707168554,68.9257193519664
2022-23,S. Dinwiddie - M. Bridges,741.0,3.5,0.0,58.00894828264188,2.1840834512504372,45.08903609347085,84.740254948648
2022-23,M. Conley - J. Vanderbilt,691.0,-3.3,0.0,35.72035754752612,0.0,10.080725166813547,93.15628855596121
2022-23,S. Dinwiddie - D. Finney-Smith,636.0,1.5,0.0,52.80800069412416,0.3314260141290797,34.20600545252784,68.19090240705815
2022-23,M. Bridges - C. Johnson,634.0,5.9,0.0,37.940695241309484,0.5401822477219034,57.23088761390483,67.82276071549106
2022-23,D. Finney-Smith - M. Bridges,625.0,-3.1,0.0,29.712783194490807,0.41366332099544617,36.28850597555684,53.65953512937983
2022-23,M. Conley - M. Beasley,601.0,-0.9,0.0,103.69700070960684,0.0,56.89131141562322,57.79355812697721
2022-23,S. Dinwiddie - C. Johnson,598.0,6.1,0.0,67.19581651376146,0.4327926605504587,48.82788990825688,83.77946422018347
2022-23,M. Beasley - J. Vanderbilt,518.0,-9.0,0.0,43.55264051397262,0.0,11.862422868528327,42.59385794593935
2022-23,D. Finney-Smith - C. Johnson,480.0,3.1,0.0,27.88109507217521,0.0,21.420447984071675,43.763922349427574
2022-23,R. Westbrook - P. Beverley,460.0,-0.1,0.0,62.79571580417206,2.278015046562956,21.529422911345808,118.47489918305789
2022-23,P. Beverley - T. Bryant,459.0,-2.9,0.0,12.429376691892244,2.3040856297573997,5.105674284954971,60.730285811917184
2022-23,M. Bridges - C. Johnson,372.0,15.2,0.0,37.940695241309484,0.5401822477219034,57.23088761390483,67.82276071549106
2022-23,R. Westbrook - T. Bryant,371.0,-3.9,0.0,23.310548216518313,6.204225559699324,17.017920934850924,160.13719057370415
2022-23,T. Ross - M. Bamba,364.0,7.7,0.0,29.98196844477836,1.204451540195342,30.811138241923363,36.76493238166792
2022-23,J. Richardson - J. Poeltl,361.0,-7.5,0.0,25.729522868958707,5.191235108943893,9.950496882908462,75.59000061724585
2022-23,M. Beasley - J. Vanderbilt,358.0,-8.4,0.0,43.55264051397262,0.0,11.862422868528327,42.59385794593935
2022-23,M. Beasley - N. Alexander-Walker,340.0,-4.8,0.0,63.587783454004196,0.0,50.94517601226238,57.637373446934724
2022-23,R. Westbrook - E. Gordon,314.0,0.7,0.0,77.05026465912997,2.1568393642056063,29.22957636356154,102.55715364393178
2022-23,D. Šarić - M. Bridges,309.0,-10.1,0.0,34.78697484023385,3.1333945794660196,39.23526638299156,81.0064442432683
2022-23,R. Westbrook - K. Nunn,306.0,0.3,10.681370313255549,94.07457293324306,1.9940039211893685,43.781995938140156,121.26392417861632
2023-24,D. Schroder - P. Siakam,1054.0,0.6,0.0,48.22969259909671,8.231276185010778,28.987946949871876,126.42465890249505
2023-24,R. Barrett - I. Quickley,769.0,-2.7,8.42546244603843,59.08004922665366,1.2933607058378536,37.063433860592085,126.92909114331371
2023-24,P. Siakam - O. Anunoby,724.0,1.4,0.0,33.700063396402584,3.1260421281031747,24.75967458281719,91.62609385320152
2023-24,D. Schroder - O. Anunoby,684.0,2.4,0.0,51.970213453861014,0.7473673960784388,29.43586126964349,79.69356197290018
2023-24,S. Dinwiddie - R. O'Neale,536.0,-2.3,0.0,71.1408644169048,0.0674966611240692,25.18395969757965,67.59066332335159
2023-24,V. Micic - G. Williams,532.0,-11.2,0.0,59.41086519114689,4.60891060649612,25.561655648174764,73.14705375107789
2023-24,T. Rozier - P. Washington,497.0,-7.8,0.0,56.93791349948354,1.1739068252244618,51.28147893105914,93.61563683555369
2023-24,P. Washington - D. Gafford,483.0,7.5,0.0,15.278019228105775,1.3056843888173777,0.763016351385765,60.14061427280043
2023-24,K. Olynyk - O. Agbaji,477.0,-5.1,0.0,38.625877425926454,1.0867762729210968,7.719611477842507,45.14922732507051
2023-24,G. Williams - T. Mann,473.0,-6.3,0.0,47.692178603536114,3.4583672246243418,24.769553491159726,89.04525022475276
2023-24,K. Olynyk - O. Agbaji,451.0,-10.7,0.0,38.625877425926454,1.0867762729210968,7.719611477842507,45.14922732507051
2023-24,G. Hayward - T. Rozier,428.0,-6.6,0.0,48.762012756909996,1.7451452870304747,34.310474840538625,94.50574060949683
2023-24,B. Hield - B. Brown,416.0,10.0,0.0,47.53672922252011,0.2136193029490617,26.258766756032173,63.39281501340483
2023-24,D. Bertans - G. Williams,416.0,-11.7,0.0,42.03184686755549,1.0742675638400134,19.96873824549672,17.756108162327077
2023-24,G. Hayward - P. Washington,407.0,-15.0,0.0,36.53169146645113,1.5494941494930647,24.303998524489675,88.10884926468594
2023-24,P. Beverley - M. Morris Sr.,388.0,0.7,0.0,34.41916017371792,4.597317261106476,25.84472977257877,64.09462623957245
2023-24,K. Olynyk - I. Quickley,366.0,-11.4,0.0,74.81253689195401,3.07147265663597,25.446269419738428,108.50520002921283
2023-24,K. Olynyk - B. Brown,347.0,-17.8,0.0,34.23884457870439,2.1704459790857284,10.42951835599986,84.79316940681932
2023-24,V. Micić - T. Mann,341.0,-10.9,0.0,65.23143725575336,0.0,18.851932262266608,108.09044103963774
2023-24,R. Barrett - Q. Grimes,335.0,1.5,0.0,43.214904854162796,0.49942726717800373,18.993370312375593,59.41120730380318
2023-24,N. Batum - B. Hield,321.0,0.5,0.0,45.63294117647059,0.1427450980392157,18.547843137254905,30.992941176470588
2023-24,C. Payne - B. Hield,315.0,2.7,0.0,82.56993865030675,0.09432515337423313,46.203220858895705,55.060122699386504
2023-24,K. Lowry - N. Batum,314.0,-0.7,0.0,39.498503306648104,0.12680821441002438,13.441670727462583,32.051903933170905
2023-24,B. Bogdanovic - P. Achiuwa,305.0,-11.4,0.0,22.573221701540493,0.6808628355453048,16.441136671177265,83.53825233140245
2023-24,D. Roddy - J. Gilyard,302.0,-19.3,0.0,51.34491312720164,1.080596825984181,16.79263242715563,36.360111302349466
2024-25,A. Davis - M. Christie,801.0,2.3,0.0,26.78028696813901,4.904489822930152,27.260944124350104,85.48693008615662
2024-25,D. Finney-Smith - L. Dončić,667.0,14.3,0.0,65.871921004683,1.268688558774894,73.80545345888865,81.94519814867934
2024-25,D. Fox - K. Huerter,569.0,-2.1,0.0,73.26495260374433,0.16119749994618138,60.88787789633818,81.63792274517964
2024-25,A. Davis - D. Russell,506.0,2.9,11.932623400174363,52.38029959578348,14.33848299912816,45.09960846476975,125.0115621780138
2024-25,C. LeVert - G. Niang,481.0,8.3,0.0,57.16222790328797,0.5143973664272644,34.31485017789022,76.94858241655996
2024-25,D. Schröder - A. Wiggins,428.0,-12.5,0.5017410248593782,66.58469442230768,4.996275348750841,43.8507725517807,85.21510595990623
2024-25,Q. Grimes - J. Butler,400.0,-9.3,1.6260196721311433,80.87897630916285,0.2713397399660825,41.616732617297906,115.46924302379364
2024-25,C. LeVert - G. Niang,383.0,-0.7,0.0,57.16222790328797,0.5143973664272644,34.31485017789022,76.94858241655996
2024-25,J. Valančiūnas - Z. LaVine,382.0,-1.8,4.796651713195857,32.46524149905772,11.467598491102292,25.746470007928487,113.88463406916631
2024-25,D. Schröder - D. Finney-Smith,378.0,8.1,0.0,54.238466229389175,0.0,34.062607028737304,56.67003482637089
2024-25,B. Bogdanović - D. Hunter,361.0,-8.1,0.0,45.99144582011665,0.9382175381152156,50.99969303182237,63.29045328967564
2024-25,C. LeVert - T. Mann,354.0,4.3,0.0,39.86010996373536,0.6173495974731736,24.839850687539215,65.04912209803149
2024-25,J. Valančiūnas - K. Kuzma,350.0,-18.2,2.9065753888202,25.01809071386738,7.9733194507711325,14.042477386607668,112.64334287759486
2024-25,G. Niang - T. Mann,346.0,-3.8,0.0,36.50100226791768,0.6265153832497485,30.540464535551965,46.0688643491843
2024-25,K. Kuzma - K. Porter Jr.,338.0,-5.2,6.297547321577945,48.34650516947168,2.1500987051226286,41.08540502559642,141.41144979422492
2024-25,T. Mann - K. Porter Jr.,331.0,0.8,0.0,39.05227654055169,0.8664540253909717,29.184224842380136,85.51672402636447
2024-25,A. Wiggins - D. Mitchell,329.0,0.5,0.0,55.41957514916703,4.6619753844274925,19.7711352763748,70.73803972109421
2025-26,J. Harden - I. Zubac,980.0,-0.5,0.0,22.102769272285787,21.847815031864176,5.660424980426818,139.4177220500337
2025-26,N. Vučević - K. Huerter,600.0,-0.6,0.0,54.05810200129116,7.290708154094945,22.91220781213047,71.73859852092376
2025-26,N. Vučević - A. Dosunmu,584.0,-7.9,0.0,48.17622814913071,8.39869250082903,18.253446397271304,102.43820171490833
2025-26,N. Vučević - C. White,573.0,-1.7,2.1067210265346543,69.53859801980198,10.151287128712871,48.80145742574257,163.3376316831683
2025-26,K. Middleton - C. McCollum,549.0,-3.8,0.0,57.41158811555012,6.436904893876996,58.41847381986005,83.92531637912
2025-26,K. Huerter - A. Dosunmu,506.0,-4.9,0.0,58.164273292539406,0.0,21.913962086976937,78.96445615476568
2025-26,J. Jackson Jr. - V. Williams Jr.,486.0,-4.2,0.0,60.52121898719838,14.623496091537328,40.603421320947085,115.18912427778406
2025-26,J. Jackson Jr. - J. Landale,456.0,-7.7,0.0,26.713960652236416,8.956306731835545,19.64792376884216,56.69508358319299
2025-26,J. Harden - K. Ellis,441.0,4.1,0.0,65.07779628498736,0.5175658563614973,44.789574136350254,62.024157732454526
2025-26,L. Kennard - V. Krejčí,430.0,-0.5,0.0,45.17926521569673,0.0,30.708066502463055,38.34321949461235
2025-26,D. Hunter - D. Garland,402.0,-5.6,7.751072680851063,83.51617021276596,0.4940425531914893,64.350273556231,100.5196048632219
2025-26,D. Schröder - K. Ellis,346.0,-2.2,0.0,52.70368173294041,0.0,28.489035171648357,56.04651919323357
2025-26,C. McCollum - C. Kispert,332.0,-4.6,0.0,61.702695536897934,0.09756959787892178,65.95916924436588,69.10950066283694
2025-26,C. McCollum - M. Bagley III,321.0,-5.7,0.0,27.93645448648442,1.897367159419,16.297616178593255,109.19708020602951
2025-26,C. White - A. Dosunmu,308.0,-2.2,0.0,74.5118009569378,0.0,37.52433301435406,111.09469090909089
