comparable_name,season,games_in_season,actual_wins,simulated_wins_mean,simulated_wins_p10,simulated_wins_p50,simulated_wins_p90,actual_percentile,league_baseline_per36
ATL 2010-11,2010-11,82,44,46.748,35.0,47.0,59.0,40.2,13.093722641675315
BOS 2010-11,2010-11,82,56,47.687,35.0,48.0,59.0,83.1,13.093722641675315
BKN 2010-11,2010-11,82,24,46.826,35.0,47.0,58.0,0.8,13.093722641675315
CHA 2010-11,2010-11,82,34,36.23,24.0,36.0,48.0,44.3,13.093722641675315
CHI 2010-11,2010-11,82,62,41.045,29.0,41.0,54.0,99.0,13.093722641675315
CLE 2010-11,2010-11,82,19,38.143,26.0,38.0,50.0,2.0,13.093722641675315
DAL 2010-11,2010-11,82,57,45.112,33.0,45.0,57.0,90.3,13.093722641675315
DEN 2010-11,2010-11,82,50,50.117,38.0,51.0,61.0,49.4,13.093722641675315
DET 2010-11,2010-11,82,30,37.663,26.0,38.0,49.0,24.0,13.093722641675315
GSW 2010-11,2010-11,82,36,36.509,25.0,36.0,49.0,51.5,13.093722641675315
HOU 2010-11,2010-11,82,43,42.757,31.0,43.0,54.10000000000002,53.5,13.093722641675315
IND 2010-11,2010-11,82,37,41.768,30.0,41.0,54.0,33.0,13.093722641675315
LAC 2010-11,2010-11,82,32,32.024,21.0,32.0,44.0,53.6,13.093722641675315
LAL 2010-11,2010-11,82,57,49.113,37.900000000000006,49.0,61.0,80.60000000000001,13.093722641675315
MEM 2010-11,2010-11,82,46,38.704,27.0,39.0,50.0,79.7,13.093722641675315
MIA 2010-11,2010-11,82,58,45.214,33.0,46.0,57.0,92.60000000000001,13.093722641675315
MIL 2010-11,2010-11,82,35,47.371,35.900000000000006,48.0,59.0,10.0,13.093722641675315
MIN 2010-11,2010-11,82,17,39.632,28.0,39.5,51.10000000000002,0.4,13.093722641675315
NOP 2010-11,2010-11,82,46,45.649,34.0,46.0,57.0,53.300000000000004,13.093722641675315
NYK 2010-11,2010-11,82,42,38.365,26.0,39.0,51.0,67.80000000000001,13.093722641675315
OKC 2010-11,2010-11,82,55,46.106,34.0,47.0,57.0,85.5,13.093722641675315
ORL 2010-11,2010-11,82,52,52.379,40.0,53.0,63.10000000000002,48.6,13.093722641675315
PHI 2010-11,2010-11,82,41,44.131,32.0,44.0,56.0,37.0,13.093722641675315
PHX 2010-11,2010-11,82,40,49.741,38.0,50.0,61.0,15.4,13.093722641675315
POR 2010-11,2010-11,82,48,46.872,35.0,47.0,58.0,53.400000000000006,13.093722641675315
SAC 2010-11,2010-11,82,24,38.95,27.0,39.0,51.0,5.7,13.093722641675315
SAS 2010-11,2010-11,82,61,42.676,30.900000000000006,43.0,54.0,98.4,13.093722641675315
TOR 2010-11,2010-11,82,22,39.259,27.0,39.0,51.10000000000002,3.2,13.093722641675315
UTA 2010-11,2010-11,82,39,38.978,27.0,39.0,51.0,53.0,13.093722641675315
WAS 2010-11,2010-11,82,23,30.82,20.0,30.0,43.0,21.0,13.093722641675315
ATL 2011-12,2011-12,66,40,35.254,25.0,35.0,45.0,75.4,12.652645083507448
BOS 2011-12,2011-12,66,39,36.922,27.0,37.0,47.0,64.5,12.652645083507448
BKN 2011-12,2011-12,66,22,31.856,22.0,32.0,42.0,13.0,12.652645083507448
CHA 2011-12,2011-12,66,7,24.665,15.0,24.5,34.0,0.4,12.652645083507448
CHI 2011-12,2011-12,66,50,36.754,27.0,37.0,46.10000000000002,96.6,12.652645083507448
CLE 2011-12,2011-12,66,21,22.901,14.0,23.0,32.0,43.6,12.652645083507448
DAL 2011-12,2011-12,66,36,37.796,28.0,38.0,47.0,43.8,12.652645083507448
DEN 2011-12,2011-12,66,38,39.828,30.0,40.0,49.0,41.8,12.652645083507448
DET 2011-12,2011-12,66,25,27.897,19.0,28.0,38.0,38.5,12.652645083507448
GSW 2011-12,2011-12,66,23,32.443,23.0,32.0,43.0,10.6,12.652645083507448
HOU 2011-12,2011-12,66,34,36.091,27.0,36.0,46.0,41.9,12.652645083507448
IND 2011-12,2011-12,66,42,37.422,28.0,37.5,47.0,72.7,12.652645083507448
LAC 2011-12,2011-12,66,40,39.277,29.0,40.0,49.0,54.2,12.652645083507448
LAL 2011-12,2011-12,66,41,37.653,28.0,38.0,47.0,69.5,12.652645083507448
MEM 2011-12,2011-12,66,41,34.191,25.0,34.0,44.0,81.89999999999999,12.652645083507448
MIA 2011-12,2011-12,66,46,32.984,23.0,33.0,42.0,96.39999999999999,12.652645083507448
MIL 2011-12,2011-12,66,31,33.497,24.0,33.0,43.0,39.7,12.652645083507448
MIN 2011-12,2011-12,66,26,31.305,22.0,31.0,41.0,27.900000000000002,12.652645083507448
NOP 2011-12,2011-12,66,21,36.443,27.0,36.0,46.0,2.5,12.652645083507448
NYK 2011-12,2011-12,66,36,31.254,21.0,31.0,41.0,74.8,12.652645083507448
OKC 2011-12,2011-12,66,47,40.168,31.0,41.0,49.0,84.89999999999999,12.652645083507448
ORL 2011-12,2011-12,66,37,41.703,33.0,42.0,51.0,28.199999999999996,12.652645083507448
PHI 2011-12,2011-12,66,35,37.124,28.0,37.0,46.0,40.5,12.652645083507448
PHX 2011-12,2011-12,66,33,35.383,25.0,36.0,45.0,40.1,12.652645083507448
POR 2011-12,2011-12,66,28,37.996,28.0,38.0,48.0,11.200000000000001,12.652645083507448
SAC 2011-12,2011-12,66,22,26.05,17.0,26.0,36.0,32.300000000000004,12.652645083507448
SAS 2011-12,2011-12,66,50,38.269,29.0,39.0,48.0,95.89999999999999,12.652645083507448
TOR 2011-12,2011-12,66,23,33.109,23.0,33.0,43.0,12.1,12.652645083507448
UTA 2011-12,2011-12,66,36,30.793,21.0,31.0,41.0,77.0,12.652645083507448
WAS 2011-12,2011-12,66,20,27.756,18.0,27.5,38.0,17.9,12.652645083507448
ATL 2012-13,2012-13,82,44,50.048,39.0,50.0,61.0,25.3,12.611666057264038
BOS 2012-13,2012-13,81,41,47.458,36.0,48.0,59.0,24.8,12.611666057264038
BKN 2012-13,2012-13,82,49,39.47,27.0,40.0,52.0,84.0,12.611666057264038
CHA 2012-13,2012-13,82,21,30.483,19.0,30.0,42.0,15.9,12.611666057264038
CHI 2012-13,2012-13,82,45,43.135,31.0,43.0,55.0,58.5,12.611666057264038
CLE 2012-13,2012-13,82,24,32.972,22.0,33.0,45.0,18.5,12.611666057264038
DAL 2012-13,2012-13,82,41,41.144,29.0,41.0,54.0,52.0,12.611666057264038
DEN 2012-13,2012-13,82,57,46.134,34.0,46.0,57.0,90.2,12.611666057264038
DET 2012-13,2012-13,82,29,35.094,24.0,35.0,47.0,26.200000000000003,12.611666057264038
GSW 2012-13,2012-13,82,47,38.57,27.0,38.0,51.0,82.89999999999999,12.611666057264038
HOU 2012-13,2012-13,82,45,43.659,32.0,44.0,56.0,57.4,12.611666057264038
IND 2012-13,2012-13,81,49,44.554,32.0,45.0,56.10000000000002,69.19999999999999,12.611666057264038
LAC 2012-13,2012-13,82,56,49.643,38.0,50.0,61.10000000000002,76.7,12.611666057264038
LAL 2012-13,2012-13,82,45,48.924,37.0,49.0,60.0,33.800000000000004,12.611666057264038
MEM 2012-13,2012-13,82,56,40.391,28.900000000000006,40.0,52.10000000000002,95.89999999999999,12.611666057264038
MIA 2012-13,2012-13,82,66,48.168,35.0,49.0,60.0,98.3,12.611666057264038
MIL 2012-13,2012-13,82,38,45.636,34.0,46.0,58.0,21.9,12.611666057264038
MIN 2012-13,2012-13,82,31,43.849,31.0,44.0,56.0,10.9,12.611666057264038
NOP 2012-13,2012-13,82,27,35.377,24.0,35.0,47.0,20.7,12.611666057264038
NYK 2012-13,2012-13,82,54,48.344,36.0,49.0,60.0,74.4,12.611666057264038
OKC 2012-13,2012-13,82,60,41.373,29.0,41.0,54.0,98.4,12.611666057264038
ORL 2012-13,2012-13,82,20,39.342,27.0,39.0,51.0,1.5,12.611666057264038
PHI 2012-13,2012-13,82,34,44.21,32.0,44.0,56.0,15.1,12.611666057264038
PHX 2012-13,2012-13,82,25,43.759,32.0,44.0,55.0,2.1999999999999997,12.611666057264038
POR 2012-13,2012-13,82,33,33.285,22.0,33.0,45.0,51.300000000000004,12.611666057264038
SAC 2012-13,2012-13,82,28,43.211,31.0,43.0,55.0,6.6000000000000005,12.611666057264038
SAS 2012-13,2012-13,82,58,50.02,38.0,50.0,62.0,82.0,12.611666057264038
TOR 2012-13,2012-13,82,34,40.958,29.0,41.0,53.0,25.1,12.611666057264038
UTA 2012-13,2012-13,82,43,45.356,34.0,45.0,57.0,42.199999999999996,12.611666057264038
WAS 2012-13,2012-13,82,29,36.367,24.0,36.0,48.0,24.8,12.611666057264038
ATL 2013-14,2013-14,82,38,42.602,31.0,42.5,54.0,31.4,13.332814394465858
BOS 2013-14,2013-14,82,25,36.562,24.0,36.0,49.0,12.5,13.332814394465858
BKN 2013-14,2013-14,82,44,45.943,34.0,46.0,58.0,43.1,13.332814394465858
CHA 2013-14,2013-14,82,43,41.736,30.0,42.0,54.0,56.8,13.332814394465858
CHI 2013-14,2013-14,82,48,46.443,35.0,47.0,58.0,60.199999999999996,13.332814394465858
CLE 2013-14,2013-14,82,33,41.241,29.0,41.0,53.0,20.599999999999998,13.332814394465858
DAL 2013-14,2013-14,82,49,46.605,34.0,47.0,59.0,60.6,13.332814394465858
DEN 2013-14,2013-14,82,36,44.105,32.0,44.0,56.10000000000002,22.3,13.332814394465858
DET 2013-14,2013-14,82,29,42.33,31.0,42.0,55.0,7.5,13.332814394465858
GSW 2013-14,2013-14,82,51,47.369,34.900000000000006,48.0,60.0,65.5,13.332814394465858
HOU 2013-14,2013-14,82,54,47.496,35.0,48.0,59.0,76.7,13.332814394465858
IND 2013-14,2013-14,82,56,47.462,35.0,48.0,59.10000000000002,83.6,13.332814394465858
LAC 2013-14,2013-14,82,57,52.406,41.0,53.0,64.0,70.3,13.332814394465858
LAL 2013-14,2013-14,82,27,43.041,31.0,43.0,55.0,5.5,13.332814394465858
MEM 2013-14,2013-14,82,50,41.089,28.0,41.0,53.0,84.3,13.332814394465858
MIA 2013-14,2013-14,82,54,48.945,36.0,49.0,60.0,71.1,13.332814394465858
MIL 2013-14,2013-14,82,15,36.41,25.0,36.0,49.0,0.8999999999999999,13.332814394465858
MIN 2013-14,2013-14,82,40,42.761,30.0,43.0,55.0,41.199999999999996,13.332814394465858
NOP 2013-14,2013-14,82,34,46.215,34.0,46.0,58.0,10.4,13.332814394465858
NYK 2013-14,2013-14,82,37,40.456,28.0,40.0,52.0,38.0,13.332814394465858
OKC 2013-14,2013-14,82,59,46.308,34.0,47.0,58.0,92.9,13.332814394465858
ORL 2013-14,2013-14,82,23,33.644,22.0,33.0,46.0,13.900000000000002,13.332814394465858
PHI 2013-14,2013-14,82,19,27.437,17.0,27.0,39.0,18.3,13.332814394465858
PHX 2013-14,2013-14,82,48,41.736,29.0,42.0,54.0,76.0,13.332814394465858
POR 2013-14,2013-14,82,54,46.459,34.0,46.0,59.0,79.80000000000001,13.332814394465858
SAC 2013-14,2013-14,82,28,34.7,23.900000000000006,34.0,47.0,24.7,13.332814394465858
SAS 2013-14,2013-14,82,62,49.625,37.0,51.0,61.0,93.0,13.332814394465858
TOR 2013-14,2013-14,82,48,43.685,31.0,44.0,55.0,69.69999999999999,13.332814394465858
UTA 2013-14,2013-14,82,25,35.061,23.0,35.0,47.0,15.1,13.332814394465858
WAS 2013-14,2013-14,82,44,40.99,29.0,41.0,53.0,64.5,13.332814394465858
ATL 2014-15,2014-15,82,60,45.641,33.0,46.0,57.10000000000002,94.89999999999999,12.994738308786186
BOS 2014-15,2014-15,82,40,42.374,30.0,42.0,55.0,43.3,12.994738308786186
BKN 2014-15,2014-15,82,38,42.186,30.0,42.0,54.0,33.300000000000004,12.994738308786186
CHA 2014-15,2014-15,82,33,44.236,32.0,44.0,56.0,12.8,12.994738308786186
CHI 2014-15,2014-15,82,50,43.791,31.0,44.0,56.0,74.6,12.994738308786186
CLE 2014-15,2014-15,82,53,48.1,36.0,49.0,59.0,70.8,12.994738308786186
DAL 2014-15,2014-15,82,50,45.589,34.0,46.0,58.0,68.8,12.994738308786186
DEN 2014-15,2014-15,82,30,44.948,32.0,45.0,57.0,6.6000000000000005,12.994738308786186
DET 2014-15,2014-15,82,32,49.603,38.0,50.0,60.0,3.5000000000000004,12.994738308786186
GSW 2014-15,2014-15,82,67,49.726,38.0,50.0,61.0,98.4,12.994738308786186
HOU 2014-15,2014-15,82,56,47.094,35.0,47.0,59.0,84.5,12.994738308786186
IND 2014-15,2014-15,82,38,41.287,29.0,41.0,53.0,38.5,12.994738308786186
LAC 2014-15,2014-15,82,56,51.287,39.0,52.0,63.0,70.3,12.994738308786186
LAL 2014-15,2014-15,82,21,32.369,21.0,32.0,44.0,11.5,12.994738308786186
MEM 2014-15,2014-15,82,55,46.599,34.0,47.0,58.0,82.8,12.994738308786186
MIA 2014-15,2014-15,82,37,42.473,29.0,43.0,55.0,28.999999999999996,12.994738308786186
MIL 2014-15,2014-15,82,41,42.402,30.0,43.0,55.0,46.7,12.994738308786186
MIN 2014-15,2014-15,82,16,31.721,21.0,32.0,43.0,3.6999999999999997,12.994738308786186
NOP 2014-15,2014-15,82,45,44.569,32.0,45.0,57.0,54.7,12.994738308786186
NYK 2014-15,2014-15,82,17,38.103,26.0,38.0,50.0,1.0999999999999999,12.994738308786186
OKC 2014-15,2014-15,82,45,43.222,31.0,43.0,55.0,59.599999999999994,12.994738308786186
ORL 2014-15,2014-15,82,25,36.23,25.0,36.0,48.0,12.0,12.994738308786186
PHI 2014-15,2014-15,82,18,27.733,17.0,27.0,40.0,14.000000000000002,12.994738308786186
PHX 2014-15,2014-15,82,39,40.539,28.0,41.0,52.0,45.800000000000004,12.994738308786186
POR 2014-15,2014-15,82,51,48.125,35.0,49.0,60.0,61.7,12.994738308786186
SAC 2014-15,2014-15,82,29,38.879,27.0,39.0,51.0,15.4,12.994738308786186
SAS 2014-15,2014-15,82,55,49.626,37.0,50.0,62.0,74.0,12.994738308786186
TOR 2014-15,2014-15,82,49,51.257,40.0,51.0,63.0,42.199999999999996,12.994738308786186
UTA 2014-15,2014-15,82,38,31.395,21.0,31.0,43.0,80.30000000000001,12.994738308786186
WAS 2014-15,2014-15,82,46,42.64,31.0,42.0,55.0,66.10000000000001,12.994738308786186
ATL 2015-16,2015-16,82,48,48.751,37.0,49.0,60.0,48.199999999999996,13.407290387821742
BOS 2015-16,2015-16,82,48,51.564,40.900000000000006,52.0,62.0,34.8,13.407290387821742
BKN 2015-16,2015-16,82,21,35.465,24.0,35.0,48.0,5.8999999999999995,13.407290387821742
CHA 2015-16,2015-16,82,48,45.083,33.0,45.0,58.0,64.3,13.407290387821742
CHI 2015-16,2015-16,82,42,45.331,33.0,46.0,57.0,36.8,13.407290387821742
CLE 2015-16,2015-16,82,57,49.631,38.0,50.0,61.0,80.30000000000001,13.407290387821742
DAL 2015-16,2015-16,82,42,47.031,35.0,47.0,58.10000000000002,30.8,13.407290387821742
DEN 2015-16,2015-16,82,33,35.899,24.0,36.0,49.0,42.3,13.407290387821742
DET 2015-16,2015-16,82,44,44.333,32.0,45.0,56.10000000000002,49.9,13.407290387821742
GSW 2015-16,2015-16,82,73,54.663,43.0,55.0,65.0,99.7,13.407290387821742
HOU 2015-16,2015-16,82,41,46.571,35.0,47.0,58.0,29.099999999999998,13.407290387821742
IND 2015-16,2015-16,82,45,43.011,31.0,43.0,55.0,58.9,13.407290387821742
LAC 2015-16,2015-16,82,53,52.548,41.0,53.0,64.0,52.800000000000004,13.407290387821742
LAL 2015-16,2015-16,82,17,27.663,18.0,27.0,38.0,9.700000000000001,13.407290387821742
MEM 2015-16,2015-16,82,42,43.506,32.0,44.0,55.0,45.0,13.407290387821742
MIA 2015-16,2015-16,82,48,36.859,25.0,36.0,49.0,89.0,13.407290387821742
MIL 2015-16,2015-16,82,33,44.514,32.0,45.0,56.0,12.7,13.407290387821742
MIN 2015-16,2015-16,82,29,29.209,18.0,29.0,41.0,53.0,13.407290387821742
NOP 2015-16,2015-16,82,30,44.48,32.0,45.0,57.0,8.1,13.407290387821742
NYK 2015-16,2015-16,82,32,32.339,21.0,32.0,44.0,51.800000000000004,13.407290387821742
OKC 2015-16,2015-16,82,55,42.079,30.0,42.0,55.0,91.3,13.407290387821742
ORL 2015-16,2015-16,82,35,43.027,31.0,43.0,55.0,21.7,13.407290387821742
PHI 2015-16,2015-16,82,10,34.345,23.0,34.0,46.10000000000002,0.2,13.407290387821742
PHX 2015-16,2015-16,82,23,36.729,25.0,36.0,48.0,7.199999999999999,13.407290387821742
POR 2015-16,2015-16,82,44,42.283,30.0,43.0,54.0,56.89999999999999,13.407290387821742
SAC 2015-16,2015-16,82,33,38.41,26.0,38.0,51.0,30.599999999999998,13.407290387821742
SAS 2015-16,2015-16,82,67,51.81,40.0,53.0,63.0,97.0,13.407290387821742
TOR 2015-16,2015-16,82,56,48.303,36.0,49.0,60.0,82.3,13.407290387821742
UTA 2015-16,2015-16,82,40,40.667,29.0,40.0,53.0,51.6,13.407290387821742
WAS 2015-16,2015-16,82,41,46.324,35.0,46.0,58.0,30.4,13.407290387821742
ATL 2016-17,2016-17,82,43,41.714,30.0,42.0,54.0,56.99999999999999,13.646506658767573
BOS 2016-17,2016-17,82,53,49.98,39.0,50.0,61.0,64.8,13.646506658767573
BKN 2016-17,2016-17,82,20,32.074,20.0,32.0,44.0,10.4,13.646506658767573
CHA 2016-17,2016-17,82,36,48.87,37.0,49.0,60.0,9.9,13.646506658767573
CHI 2016-17,2016-17,82,41,40.718,29.0,40.0,53.0,53.900000000000006,13.646506658767573
CLE 2016-17,2016-17,82,51,52.975,42.0,54.0,64.0,39.6,13.646506658767573
DAL 2016-17,2016-17,82,33,38.361,26.0,38.0,50.0,31.6,13.646506658767573
DEN 2016-17,2016-17,82,40,44.989,32.0,45.0,57.0,30.7,13.646506658767573
DET 2016-17,2016-17,82,37,48.365,36.0,49.0,60.0,12.1,13.646506658767573
GSW 2016-17,2016-17,82,67,56.933,46.0,57.0,67.0,91.10000000000001,13.646506658767573
HOU 2016-17,2016-17,82,55,44.829,33.0,45.0,57.0,87.8,13.646506658767573
IND 2016-17,2016-17,82,42,45.631,33.0,46.0,58.0,37.8,13.646506658767573
LAC 2016-17,2016-17,82,51,48.593,36.0,49.0,60.0,60.8,13.646506658767573
LAL 2016-17,2016-17,82,26,29.328,18.0,29.0,41.0,40.300000000000004,13.646506658767573
MEM 2016-17,2016-17,82,43,38.843,26.0,39.0,51.0,68.4,13.646506658767573
MIA 2016-17,2016-17,82,41,38.11,26.0,38.0,50.0,63.4,13.646506658767573
MIL 2016-17,2016-17,82,42,41.054,29.0,41.0,53.0,55.50000000000001,13.646506658767573
MIN 2016-17,2016-17,82,31,40.795,29.0,41.0,53.0,17.299999999999997,13.646506658767573
NOP 2016-17,2016-17,82,34,33.047,21.0,33.0,46.0,57.4,13.646506658767573
NYK 2016-17,2016-17,82,31,32.483,21.900000000000006,32.0,44.0,46.5,13.646506658767573
OKC 2016-17,2016-17,82,47,37.409,25.0,37.0,50.0,85.39999999999999,13.646506658767573
ORL 2016-17,2016-17,82,29,47.013,35.0,47.0,59.0,3.2,13.646506658767573
PHI 2016-17,2016-17,82,28,38.28,26.0,38.0,51.0,16.900000000000002,13.646506658767573
PHX 2016-17,2016-17,82,24,30.693,20.0,30.0,42.0,27.1,13.646506658767573
POR 2016-17,2016-17,82,41,48.012,36.0,48.0,60.0,23.400000000000002,13.646506658767573
SAC 2016-17,2016-17,82,32,42.326,30.0,43.0,54.0,14.899999999999999,13.646506658767573
SAS 2016-17,2016-17,82,61,50.185,38.0,51.0,61.0,90.5,13.646506658767573
TOR 2016-17,2016-17,82,51,47.938,35.0,49.0,60.0,63.2,13.646506658767573
UTA 2016-17,2016-17,82,51,50.623,39.0,51.0,62.0,52.7,13.646506658767573
WAS 2016-17,2016-17,82,49,48.175,36.0,49.0,59.0,53.800000000000004,13.646506658767573
ATL 2017-18,2017-18,82,24,34.609,23.0,34.0,47.0,14.099999999999998,14.045598622825006
BOS 2017-18,2017-18,82,55,45.355,33.0,46.0,57.0,86.2,14.045598622825006
BKN 2017-18,2017-18,82,28,39.99,28.0,40.0,52.0,11.600000000000001,14.045598622825006
CHA 2017-18,2017-18,82,36,48.192,36.0,48.0,60.0,10.6,14.045598622825006
CHI 2017-18,2017-18,82,27,40.166,28.0,40.0,52.0,9.1,14.045598622825006
CLE 2017-18,2017-18,82,50,49.038,37.900000000000006,49.0,60.0,55.2,14.045598622825006
DAL 2017-18,2017-18,82,24,38.7,26.0,39.0,52.0,7.000000000000001,14.045598622825006
DEN 2017-18,2017-18,82,46,51.169,39.0,52.0,62.0,28.999999999999996,14.045598622825006
DET 2017-18,2017-18,82,39,42.453,30.0,43.0,55.0,39.300000000000004,14.045598622825006
GSW 2017-18,2017-18,82,58,56.172,45.0,57.0,67.0,57.49999999999999,14.045598622825006
HOU 2017-18,2017-18,82,65,50.033,38.0,50.5,62.0,96.5,14.045598622825006
IND 2017-18,2017-18,82,48,44.848,32.0,45.0,57.0,64.2,14.045598622825006
LAC 2017-18,2017-18,82,42,43.748,31.0,44.0,56.0,43.6,14.045598622825006
LAL 2017-18,2017-18,82,35,28.534,18.0,28.0,39.0,79.4,14.045598622825006
MEM 2017-18,2017-18,82,22,39.258,27.0,39.0,51.0,3.5000000000000004,14.045598622825006
MIA 2017-18,2017-18,82,44,45.881,34.0,46.0,58.0,43.4,14.045598622825006
MIL 2017-18,2017-18,82,44,49.713,38.0,50.0,61.0,29.2,14.045598622825006
MIN 2017-18,2017-18,82,47,46.568,35.0,47.0,58.0,50.9,14.045598622825006
NOP 2017-18,2017-18,82,48,42.684,31.0,43.0,54.0,73.5,14.045598622825006
NYK 2017-18,2017-18,82,29,38.282,26.900000000000006,37.0,51.0,16.400000000000002,14.045598622825006
OKC 2017-18,2017-18,82,48,44.126,32.0,44.0,55.0,67.60000000000001,14.045598622825006
ORL 2017-18,2017-18,82,25,40.827,28.0,40.5,53.0,4.3999999999999995,14.045598622825006
PHI 2017-18,2017-18,82,52,43.739,31.0,44.0,56.0,80.30000000000001,14.045598622825006
PHX 2017-18,2017-18,82,21,41.276,29.900000000000006,41.0,53.0,1.2,14.045598622825006
POR 2017-18,2017-18,82,49,45.947,34.0,46.0,57.0,64.2,14.045598622825006
SAC 2017-18,2017-18,82,27,28.921,18.0,28.0,41.0,45.4,14.045598622825006
SAS 2017-18,2017-18,82,47,50.612,39.0,51.0,62.0,34.599999999999994,14.045598622825006
TOR 2017-18,2017-18,82,59,39.946,28.0,40.0,53.0,98.9,14.045598622825006
UTA 2017-18,2017-18,82,48,39.587,27.0,40.0,51.0,84.0,14.045598622825006
WAS 2017-18,2017-18,82,43,48.18,36.0,48.5,60.0,30.2,14.045598622825006
ATL 2018-19,2018-19,82,29,29.319,18.0,29.0,40.0,51.0,14.703323551830634
BOS 2018-19,2018-19,82,49,50.03,38.0,50.5,62.0,46.0,14.703323551830634
BKN 2018-19,2018-19,82,42,42.779,30.0,43.0,55.0,48.1,14.703323551830634
CHA 2018-19,2018-19,82,39,45.284,33.0,46.0,57.0,26.0,14.703323551830634
CHI 2018-19,2018-19,82,22,34.625,23.0,34.0,46.10000000000002,9.4,14.703323551830634
CLE 2018-19,2018-19,82,19,35.969,24.0,36.0,48.0,3.4000000000000004,14.703323551830634
DAL 2018-19,2018-19,82,33,36.249,24.0,36.0,48.10000000000002,39.5,14.703323551830634
DEN 2018-19,2018-19,82,54,50.027,38.0,51.0,61.0,68.5,14.703323551830634
DET 2018-19,2018-19,82,41,46.045,33.0,46.0,58.0,30.0,14.703323551830634
GSW 2018-19,2018-19,82,57,52.077,41.0,52.0,63.0,71.2,14.703323551830634
HOU 2018-19,2018-19,82,53,50.08,38.0,51.0,61.0,63.4,14.703323551830634
IND 2018-19,2018-19,82,48,46.708,34.0,47.0,59.0,55.7,14.703323551830634
LAC 2018-19,2018-19,82,48,34.893,24.0,34.0,47.0,93.2,14.703323551830634
LAL 2018-19,2018-19,82,37,47.068,35.0,47.0,60.0,15.7,14.703323551830634
MEM 2018-19,2018-19,82,33,37.726,26.0,38.0,50.0,35.699999999999996,14.703323551830634
MIA 2018-19,2018-19,82,39,43.288,31.0,44.0,55.0,33.6,14.703323551830634
MIL 2018-19,2018-19,82,60,49.278,37.0,50.0,61.0,89.60000000000001,14.703323551830634
MIN 2018-19,2018-19,82,36,47.091,35.0,48.0,59.0,12.5,14.703323551830634
NOP 2018-19,2018-19,82,33,39.478,27.900000000000006,39.0,52.0,26.700000000000003,14.703323551830634
NYK 2018-19,2018-19,82,17,35.774,24.0,36.0,48.0,1.6,14.703323551830634
OKC 2018-19,2018-19,82,49,47.052,35.0,47.0,59.0,61.199999999999996,14.703323551830634
ORL 2018-19,2018-19,82,42,41.07,29.0,41.0,53.0,55.50000000000001,14.703323551830634
PHI 2018-19,2018-19,82,51,50.875,39.0,51.0,62.0,51.4,14.703323551830634
PHX 2018-19,2018-19,82,19,27.29,17.0,27.0,38.0,16.900000000000002,14.703323551830634
POR 2018-19,2018-19,82,53,45.474,33.0,46.0,57.0,80.2,14.703323551830634
SAC 2018-19,2018-19,82,39,43.214,31.0,44.0,55.0,33.900000000000006,14.703323551830634
SAS 2018-19,2018-19,82,48,46.002,34.0,46.0,58.0,58.599999999999994,14.703323551830634
TOR 2018-19,2018-19,82,58,49.895,38.0,50.0,62.0,80.30000000000001,14.703323551830634
UTA 2018-19,2018-19,82,50,52.168,40.0,53.0,63.0,40.6,14.703323551830634
WAS 2018-19,2018-19,82,32,46.831,35.0,47.0,59.0,5.800000000000001,14.703323551830634
ATL 2019-20,2019-20,67,20,34.142,24.0,34.0,44.0,3.8,15.18435372829042
BOS 2019-20,2019-20,72,48,42.586,32.0,43.0,53.0,77.10000000000001,15.18435372829042
BKN 2019-20,2019-20,72,35,41.95,30.0,42.0,53.0,23.3,15.18435372829042
CHA 2019-20,2019-20,65,23,29.796,20.0,30.0,40.0,21.6,15.18435372829042
CHI 2019-20,2019-20,65,22,30.32,20.900000000000006,30.0,40.0,16.1,15.18435372829042
CLE 2019-20,2019-20,65,19,25.941,16.0,26.0,36.0,18.4,15.18435372829042
DAL 2019-20,2019-20,75,43,43.854,33.0,44.0,55.0,47.199999999999996,15.18435372829042
DEN 2019-20,2019-20,73,46,45.899,34.900000000000006,46.0,56.0,51.1,15.18435372829042
DET 2019-20,2019-20,66,20,31.927,22.0,32.0,42.10000000000002,8.3,15.18435372829042
GSW 2019-20,2019-20,65,15,23.852,15.0,24.0,33.0,11.600000000000001,15.18435372829042
HOU 2019-20,2019-20,72,44,42.958,32.0,44.0,53.0,55.00000000000001,15.18435372829042
IND 2019-20,2019-20,73,45,44.153,34.0,45.0,54.0,55.300000000000004,15.18435372829042
LAC 2019-20,2019-20,72,49,42.612,32.0,43.0,53.0,79.60000000000001,15.18435372829042
LAL 2019-20,2019-20,71,52,40.574,30.0,41.0,51.0,92.80000000000001,15.18435372829042
MEM 2019-20,2019-20,73,34,30.62,19.0,30.0,42.0,67.2,15.18435372829042
MIA 2019-20,2019-20,73,44,32.564,22.0,32.0,44.0,91.5,15.18435372829042
MIL 2019-20,2019-20,73,56,45.336,35.0,46.0,55.0,92.9,15.18435372829042
MIN 2019-20,2019-20,64,19,31.577,22.0,32.0,41.0,4.9,15.18435372829042
NOP 2019-20,2019-20,72,30,37.258,27.0,37.0,49.0,21.2,15.18435372829042
NYK 2019-20,2019-20,66,21,32.058,22.0,32.0,42.0,9.4,15.18435372829042
OKC 2019-20,2019-20,72,44,35.882,25.0,36.0,47.0,83.3,15.18435372829042
ORL 2019-20,2019-20,73,33,40.03,29.0,40.0,51.0,20.599999999999998,15.18435372829042
PHI 2019-20,2019-20,73,43,41.677,30.0,42.0,52.0,59.099999999999994,15.18435372829042
PHX 2019-20,2019-20,73,34,41.072,30.0,42.0,51.0,21.5,15.18435372829042
POR 2019-20,2019-20,74,35,39.448,29.0,39.0,51.0,32.300000000000004,15.18435372829042
SAC 2019-20,2019-20,72,31,43.078,32.0,43.0,54.0,9.0,15.18435372829042
SAS 2019-20,2019-20,71,32,39.039,28.0,39.0,50.0,21.9,15.18435372829042
TOR 2019-20,2019-20,72,53,41.955,31.0,42.0,52.10000000000002,91.9,15.18435372829042
UTA 2019-20,2019-20,72,44,43.118,33.0,43.0,53.0,55.60000000000001,15.18435372829042
WAS 2019-20,2019-20,72,25,38.386,27.0,39.0,48.10000000000002,7.000000000000001,15.18435372829042
ATL 2020-21,2020-21,72,41,42.414,32.0,42.0,53.0,45.1,15.43437809095041
BOS 2020-21,2020-21,72,36,38.72,28.0,39.0,49.0,37.9,15.43437809095041
BKN 2020-21,2020-21,72,48,44.812,34.0,45.0,55.0,63.9,15.43437809095041
CHA 2020-21,2020-21,72,33,35.485,24.0,35.0,47.0,41.4,15.43437809095041
CHI 2020-21,2020-21,72,31,37.791,27.0,38.0,49.0,23.3,15.43437809095041
CLE 2020-21,2020-21,72,22,33.926,23.0,34.0,45.0,8.6,15.43437809095041
DAL 2020-21,2020-21,72,42,45.066,35.0,46.0,55.0,34.9,15.43437809095041
DEN 2020-21,2020-21,72,47,44.216,34.0,45.0,54.0,64.0,15.43437809095041
DET 2020-21,2020-21,72,20,27.776,18.0,27.0,38.0,19.2,15.43437809095041
GSW 2020-21,2020-21,72,39,35.058,24.0,35.0,46.0,69.1,15.43437809095041
HOU 2020-21,2020-21,72,17,30.941,20.0,31.0,42.0,5.7,15.43437809095041
IND 2020-21,2020-21,72,34,41.862,31.0,42.0,52.0,17.9,15.43437809095041
LAC 2020-21,2020-21,72,47,37.415,26.0,37.0,49.0,87.3,15.43437809095041
LAL 2020-21,2020-21,72,42,37.64,27.0,37.0,49.0,71.0,15.43437809095041
MEM 2020-21,2020-21,72,38,38.351,28.0,38.0,49.0,51.1,15.43437809095041
MIA 2020-21,2020-21,72,40,41.622,31.0,42.0,52.0,43.7,15.43437809095041
MIL 2020-21,2020-21,72,46,44.535,34.0,45.0,54.0,57.99999999999999,15.43437809095041
MIN 2020-21,2020-21,72,23,37.063,26.0,37.0,48.0,4.7,15.43437809095041
NOP 2020-21,2020-21,72,31,36.765,26.0,36.0,48.0,27.0,15.43437809095041
NYK 2020-21,2020-21,72,41,30.017,20.0,30.0,41.0,90.9,15.43437809095041
OKC 2020-21,2020-21,72,22,27.065,17.900000000000006,27.0,37.0,30.2,15.43437809095041
ORL 2020-21,2020-21,72,21,28.86,19.0,29.0,39.10000000000002,19.2,15.43437809095041
PHI 2020-21,2020-21,72,49,44.5,34.0,45.0,55.0,72.3,15.43437809095041
PHX 2020-21,2020-21,72,51,43.409,33.0,44.0,53.0,84.7,15.43437809095041
POR 2020-21,2020-21,72,42,41.199,30.0,42.0,52.0,54.900000000000006,15.43437809095041
SAC 2020-21,2020-21,72,31,39.018,28.0,39.0,49.0,18.099999999999998,15.43437809095041
SAS 2020-21,2020-21,72,33,37.573,26.0,37.0,49.0,32.300000000000004,15.43437809095041
TOR 2020-21,2020-21,72,27,37.609,27.0,38.0,49.0,12.2,15.43437809095041
UTA 2020-21,2020-21,72,52,43.439,33.0,44.0,54.0,86.8,15.43437809095041
WAS 2020-21,2020-21,72,34,37.179,26.0,37.0,49.0,39.0,15.43437809095041
ATL 2021-22,2021-22,82,43,48.156,35.0,49.0,60.0,30.3,15.767829639127497
BOS 2021-22,2021-22,82,51,49.467,37.0,50.0,61.0,56.49999999999999,15.767829639127497
BKN 2021-22,2021-22,82,44,45.329,33.0,45.0,58.0,45.9,15.767829639127497
CHA 2021-22,2021-22,82,43,47.769,35.0,48.0,59.0,31.1,15.767829639127497
CHI 2021-22,2021-22,82,46,46.063,33.0,47.0,58.0,48.6,15.767829639127497
CLE 2021-22,2021-22,82,44,39.054,27.0,39.0,52.0,69.8,15.767829639127497
DAL 2021-22,2021-22,82,52,48.964,38.0,49.0,60.0,64.9,15.767829639127497
DEN 2021-22,2021-22,82,48,50.665,39.0,51.0,62.0,40.1,15.767829639127497
DET 2021-22,2021-22,82,23,35.671,24.0,35.0,48.0,8.7,15.767829639127497
GSW 2021-22,2021-22,82,53,45.072,32.0,45.0,57.0,80.0,15.767829639127497
HOU 2021-22,2021-22,82,20,32.213,21.0,32.0,44.0,8.5,15.767829639127497
IND 2021-22,2021-22,82,25,43.172,31.0,43.0,55.0,2.6,15.767829639127497
LAC 2021-22,2021-22,82,42,46.924,35.0,47.0,59.0,32.6,15.767829639127497
LAL 2021-22,2021-22,82,33,39.507,27.0,40.0,52.0,27.700000000000003,15.767829639127497
MEM 2021-22,2021-22,82,56,48.806,37.0,49.0,60.0,80.60000000000001,15.767829639127497
MIA 2021-22,2021-22,82,53,44.897,32.0,45.0,58.0,78.0,15.767829639127497
MIL 2021-22,2021-22,82,51,51.021,39.0,51.0,63.0,50.9,15.767829639127497
MIN 2021-22,2021-22,82,46,41.337,29.0,41.0,53.0,69.39999999999999,15.767829639127497
NOP 2021-22,2021-22,82,36,42.305,30.0,42.0,54.0,27.900000000000002,15.767829639127497
NYK 2021-22,2021-22,82,37,46.885,35.0,47.0,58.0,15.7,15.767829639127497
OKC 2021-22,2021-22,82,24,23.841,14.0,23.0,34.0,57.49999999999999,15.767829639127497
ORL 2021-22,2021-22,82,22,30.629,19.0,30.0,42.0,19.1,15.767829639127497
PHI 2021-22,2021-22,82,51,51.936,40.0,52.0,63.0,47.599999999999994,15.767829639127497
PHX 2021-22,2021-22,82,64,53.142,42.0,54.0,64.0,91.2,15.767829639127497
POR 2021-22,2021-22,82,27,44.957,33.0,45.0,58.0,2.8000000000000003,15.767829639127497
SAC 2021-22,2021-22,82,30,43.468,31.0,44.0,56.0,8.4,15.767829639127497
SAS 2021-22,2021-22,82,34,42.355,31.0,42.0,54.0,18.9,15.767829639127497
TOR 2021-22,2021-22,82,48,40.628,29.0,41.0,52.0,79.80000000000001,15.767829639127497
UTA 2021-22,2021-22,82,49,50.714,39.0,51.0,62.0,42.3,15.767829639127497
WAS 2021-22,2021-22,82,35,41.154,29.0,41.0,53.0,28.9,15.767829639127497
ATL 2022-23,2022-23,82,41,49.208,38.0,50.0,61.0,19.5,15.818213721546403
BOS 2022-23,2022-23,82,57,50.948,38.0,52.0,63.0,76.1,15.818213721546403
BKN 2022-23,2022-23,82,45,44.077,32.0,44.0,56.0,57.3,15.818213721546403
CHA 2022-23,2022-23,82,27,44.103,32.0,44.0,57.0,4.0,15.818213721546403
CHI 2022-23,2022-23,82,40,44.686,32.0,45.0,57.0,32.6,15.818213721546403
CLE 2022-23,2022-23,82,51,47.79,36.0,48.0,59.0,64.3,15.818213721546403
DAL 2022-23,2022-23,82,38,43.464,30.0,43.0,56.0,30.599999999999998,15.818213721546403
DEN 2022-23,2022-23,82,53,49.08,37.0,50.0,60.0,68.4,15.818213721546403
DET 2022-23,2022-23,82,17,34.524,22.0,34.0,47.0,2.9000000000000004,15.818213721546403
GSW 2022-23,2022-23,82,44,47.208,36.0,47.0,59.0,38.4,15.818213721546403
HOU 2022-23,2022-23,82,22,32.448,21.0,32.0,44.0,14.2,15.818213721546403
IND 2022-23,2022-23,82,35,38.747,26.0,39.0,52.0,37.2,15.818213721546403
LAC 2022-23,2022-23,82,44,44.445,33.0,45.0,57.0,49.8,15.818213721546403
LAL 2022-23,2022-23,82,43,44.244,32.0,44.0,56.0,45.6,15.818213721546403
MEM 2022-23,2022-23,82,51,46.784,35.0,47.0,58.0,69.8,15.818213721546403
MIA 2022-23,2022-23,82,44,43.943,32.0,44.0,57.0,52.1,15.818213721546403
MIL 2022-23,2022-23,82,58,50.993,39.0,51.0,62.0,79.5,15.818213721546403
MIN 2022-23,2022-23,82,42,49.798,38.0,50.0,61.0,20.4,15.818213721546403
NOP 2022-23,2022-23,82,42,46.843,35.0,47.0,59.0,32.2,15.818213721546403
NYK 2022-23,2022-23,82,47,49.78,39.0,50.0,60.0,39.0,15.818213721546403
OKC 2022-23,2022-23,82,40,35.677,23.900000000000006,35.0,48.0,70.19999999999999,15.818213721546403
ORL 2022-23,2022-23,82,34,38.761,27.0,39.0,51.0,32.6,15.818213721546403
PHI 2022-23,2022-23,82,54,47.831,35.0,48.0,60.10000000000002,72.89999999999999,15.818213721546403
PHX 2022-23,2022-23,82,45,49.394,37.0,50.0,61.0,32.800000000000004,15.818213721546403
POR 2022-23,2022-23,82,33,35.003,23.0,35.0,47.0,45.300000000000004,15.818213721546403
SAC 2022-23,2022-23,82,48,45.458,33.0,46.0,58.0,61.5,15.818213721546403
SAS 2022-23,2022-23,82,22,30.905,20.0,30.0,43.0,17.599999999999998,15.818213721546403
TOR 2022-23,2022-23,82,41,49.529,38.0,50.0,61.0,18.3,15.818213721546403
UTA 2022-23,2022-23,82,37,33.313,21.900000000000006,33.0,46.0,67.30000000000001,15.818213721546403
WAS 2022-23,2022-23,82,35,43.339,31.0,44.0,56.0,20.5,15.818213721546403
ATL 2023-24,2023-24,82,36,48.312,36.0,49.0,60.0,11.5,16.317474132409853
BOS 2023-24,2023-24,82,64,51.078,39.900000000000006,51.0,63.0,93.5,16.317474132409853
BKN 2023-24,2023-24,82,32,45.159,33.0,45.0,57.0,8.4,16.317474132409853
CHA 2023-24,2023-24,82,21,37.025,26.0,37.0,49.0,4.8,16.317474132409853
CHI 2023-24,2023-24,82,39,45.794,34.0,46.0,57.0,24.7,16.317474132409853
CLE 2023-24,2023-24,82,48,49.544,37.0,50.0,61.0,44.1,16.317474132409853
DAL 2023-24,2023-24,82,50,44.1,32.0,44.0,56.0,74.6,16.317474132409853
DEN 2023-24,2023-24,82,57,49.014,37.0,49.0,60.0,81.8,16.317474132409853
DET 2023-24,2023-24,82,14,30.137,19.0,30.0,42.0,3.0,16.317474132409853
GSW 2023-24,2023-24,82,46,42.221,30.0,42.0,55.0,68.2,16.317474132409853
HOU 2023-24,2023-24,82,41,40.424,29.0,41.0,52.0,53.900000000000006,16.317474132409853
IND 2023-24,2023-24,82,47,47.086,35.0,47.5,58.10000000000002,50.0,16.317474132409853
LAC 2023-24,2023-24,82,51,43.133,31.0,43.0,56.0,79.2,16.317474132409853
LAL 2023-24,2023-24,82,47,43.441,31.0,43.0,55.0,65.2,16.317474132409853
MEM 2023-24,2023-24,82,27,42.145,31.0,42.0,53.0,5.8999999999999995,16.317474132409853
MIA 2023-24,2023-24,82,46,41.688,30.0,42.0,53.0,69.8,16.317474132409853
MIL 2023-24,2023-24,82,49,46.849,34.900000000000006,47.0,59.0,60.3,16.317474132409853
MIN 2023-24,2023-24,82,56,48.345,36.0,48.5,60.0,78.8,16.317474132409853
NOP 2023-24,2023-24,82,49,45.995,34.0,46.0,58.0,64.7,16.317474132409853
NYK 2023-24,2023-24,82,50,48.286,36.0,48.0,60.0,58.3,16.317474132409853
OKC 2023-24,2023-24,82,57,39.989,28.0,40.0,52.0,97.1,16.317474132409853
ORL 2023-24,2023-24,82,47,42.439,30.0,42.0,55.0,69.1,16.317474132409853
PHI 2023-24,2023-24,82,47,49.329,37.0,50.0,61.0,40.6,16.317474132409853
PHX 2023-24,2023-24,82,49,43.195,31.0,44.0,55.0,74.1,16.317474132409853
POR 2023-24,2023-24,82,21,33.746,22.0,33.5,46.0,8.7,16.317474132409853
SAC 2023-24,2023-24,82,46,50.666,40.0,51.0,61.0,30.5,16.317474132409853
SAS 2023-24,2023-24,82,22,38.29,27.0,38.0,50.0,4.3999999999999995,16.317474132409853
TOR 2023-24,2023-24,82,25,45.955,35.0,46.0,58.0,1.9,16.317474132409853
UTA 2023-24,2023-24,82,31,35.561,24.0,35.0,48.0,34.4,16.317474132409853
WAS 2023-24,2023-24,82,15,43.612,31.0,44.0,56.0,0.2,16.317474132409853
ATL 2024-25,2024-25,82,40,43.349,32.0,43.0,55.0,38.7,16.455690050533306
BOS 2024-25,2024-25,82,61,53.558,42.0,54.0,65.0,81.0,16.455690050533306
BKN 2024-25,2024-25,82,26,35.567,24.0,35.0,48.0,17.4,16.455690050533306
CHA 2024-25,2024-25,82,19,38.476,26.0,38.0,51.0,1.4000000000000001,16.455690050533306
CHI 2024-25,2024-25,82,39,47.067,35.0,47.0,59.0,20.1,16.455690050533306
CLE 2024-25,2024-25,82,64,46.373,34.900000000000006,47.0,58.0,98.0,16.455690050533306
DAL 2024-25,2024-25,82,39,44.518,32.0,45.0,57.0,31.2,16.455690050533306
DEN 2024-25,2024-25,82,50,49.942,38.0,50.0,62.0,50.9,16.455690050533306
DET 2024-25,2024-25,82,44,42.567,30.900000000000006,43.0,55.0,59.0,16.455690050533306
GSW 2024-25,2024-25,82,48,48.105,36.0,48.0,60.0,51.2,16.455690050533306
HOU 2024-25,2024-25,82,52,47.598,37.0,47.0,59.0,71.0,16.455690050533306
IND 2024-25,2024-25,82,50,50.739,39.0,51.0,61.10000000000002,45.7,16.455690050533306
LAC 2024-25,2024-25,82,50,42.739,30.0,43.0,55.0,78.0,16.455690050533306
LAL 2024-25,2024-25,82,50,44.1,32.0,44.0,56.0,73.8,16.455690050533306
MEM 2024-25,2024-25,82,48,34.182,23.0,34.0,46.0,93.5,16.455690050533306
MIA 2024-25,2024-25,82,37,43.223,31.0,43.0,55.0,28.599999999999998,16.455690050533306
MIL 2024-25,2024-25,82,48,46.211,33.0,47.0,58.0,58.599999999999994,16.455690050533306
MIN 2024-25,2024-25,82,49,48.339,36.0,49.0,60.0,52.1,16.455690050533306
NOP 2024-25,2024-25,82,21,43.875,32.0,44.0,56.0,0.8,16.455690050533306
NYK 2024-25,2024-25,82,51,47.169,35.0,47.0,59.0,67.30000000000001,16.455690050533306
OKC 2024-25,2024-25,82,68,55.826,45.0,56.5,66.0,95.8,16.455690050533306
ORL 2024-25,2024-25,82,41,45.368,33.0,46.0,57.0,33.300000000000004,16.455690050533306
PHI 2024-25,2024-25,82,24,34.025,22.0,34.0,46.0,16.900000000000002,16.455690050533306
PHX 2024-25,2024-25,82,36,42.993,30.0,44.0,55.10000000000002,25.0,16.455690050533306
POR 2024-25,2024-25,82,36,37.713,26.0,37.5,50.0,45.800000000000004,16.455690050533306
SAC 2024-25,2024-25,82,40,48.701,37.0,49.0,60.0,18.0,16.455690050533306
SAS 2024-25,2024-25,82,34,42.216,30.0,43.0,54.10000000000002,20.7,16.455690050533306
TOR 2024-25,2024-25,82,30,39.539,28.0,39.0,52.0,16.7,16.455690050533306
UTA 2024-25,2024-25,82,17,37.639,25.0,38.0,50.0,1.0,16.455690050533306
WAS 2024-25,2024-25,82,18,29.428,18.0,29.0,41.0,10.4,16.455690050533306
ATL 2025-26,2025-26,82,46,46.638,35.0,47.0,58.0,49.9,16.022327164389637
BOS 2025-26,2025-26,82,56,52.424,41.0,53.0,63.0,64.9,16.022327164389637
BKN 2025-26,2025-26,82,20,24.95,15.0,24.0,36.0,32.2,16.022327164389637
CHA 2025-26,2025-26,82,44,33.33,22.0,33.0,45.0,89.1,16.022327164389637
CHI 2025-26,2025-26,82,31,48.602,36.0,49.0,60.0,3.5000000000000004,16.022327164389637
CLE 2025-26,2025-26,82,52,51.633,40.0,52.0,63.0,52.0,16.022327164389637
DAL 2025-26,2025-26,82,26,34.801,23.0,35.0,47.0,19.400000000000002,16.022327164389637
DEN 2025-26,2025-26,82,54,48.526,37.0,49.0,59.10000000000002,74.0,16.022327164389637
DET 2025-26,2025-26,82,60,46.691,35.0,47.0,58.0,94.6,16.022327164389637
GSW 2025-26,2025-26,82,37,47.418,35.0,48.0,60.0,15.9,16.022327164389637
HOU 2025-26,2025-26,82,52,47.386,35.0,47.0,59.0,70.89999999999999,16.022327164389637
IND 2025-26,2025-26,82,19,40.958,28.0,41.0,53.0,0.7000000000000001,16.022327164389637
LAC 2025-26,2025-26,82,42,42.833,30.0,43.0,55.0,47.5,16.022327164389637
LAL 2025-26,2025-26,82,53,47.062,34.0,48.0,59.0,74.1,16.022327164389637
MEM 2025-26,2025-26,82,25,40.925,28.0,41.0,54.0,6.2,16.022327164389637
MIA 2025-26,2025-26,82,43,46.064,34.0,47.0,58.0,38.9,16.022327164389637
MIL 2025-26,2025-26,82,32,44.481,32.0,45.0,57.0,11.3,16.022327164389637
MIN 2025-26,2025-26,82,49,52.101,41.0,52.0,63.0,37.8,16.022327164389637
NOP 2025-26,2025-26,82,26,34.691,22.0,35.0,47.0,18.8,16.022327164389637
NYK 2025-26,2025-26,82,53,49.164,37.0,49.0,61.0,66.5,16.022327164389637
OKC 2025-26,2025-26,82,64,57.977,48.0,59.0,68.0,78.60000000000001,16.022327164389637
ORL 2025-26,2025-26,82,45,46.617,34.0,47.0,59.0,44.6,16.022327164389637
PHI 2025-26,2025-26,82,45,35.37,24.0,35.0,47.0,85.0,16.022327164389637
PHX 2025-26,2025-26,82,45,45.369,33.0,45.0,57.0,50.7,16.022327164389637
POR 2025-26,2025-26,82,42,43.214,31.0,44.0,55.0,45.0,16.022327164389637
SAC 2025-26,2025-26,82,22,41.129,29.0,41.0,53.0,2.7,16.022327164389637
SAS 2025-26,2025-26,82,62,44.065,32.0,44.0,56.0,98.4,16.022327164389637
TOR 2025-26,2025-26,82,46,44.225,32.0,45.0,56.0,56.8,16.022327164389637
UTA 2025-26,2025-26,82,22,35.222,24.0,35.0,48.0,8.0,16.022327164389637
WAS 2025-26,2025-26,82,17,36.472,25.0,36.0,48.0,0.8999999999999999,16.022327164389637
