held_out_season,comparable_name,x,y_actual,pred_bayes_loso,pred_fixed_current,beta_mu_fold,alpha_mu_fold
2010-11,ATL 2010-11,12.48424911262356,-0.8,2.148737793954849,2.621692313650948,0.1727463910977578,-0.007871185816256173
2010-11,BOS 2010-11,16.625458502399084,5.4,2.8641167708187187,3.4913462855038078,0.1727463910977578,-0.007871185816256173
2010-11,BKN 2010-11,13.23854852265687,-6.2,2.279040294845271,2.780095189757943,0.1727463910977578,-0.007871185816256173
2010-11,CHA 2010-11,-19.628650978085886,-4.0,-3.398649804398067,-4.122016705398036,0.1727463910977578,-0.007871185816256173
2010-11,CHI 2010-11,-5.537215644397662,7.3,-0.9644052051159977,-1.162815285323509,0.1727463910977578,-0.007871185816256173
2010-11,CLE 2010-11,-15.04012327077386,-9.0,-2.6059982025078456,-3.1584258868625104,0.1727463910977578,-0.007871185816256173
2010-11,DAL 2010-11,7.909560878041617,4.2,1.3584769110334456,1.6610077843887396,0.1727463910977578,-0.007871185816256173
2010-11,DEN 2010-11,23.52022794632046,4.8,4.055163309707231,4.939247868727296,0.1727463910977578,-0.007871185816256173
2010-11,DET 2010-11,-18.396780913820947,-3.6,-3.185848696494936,-3.8633239919023987,0.1727463910977578,-0.007871185816256173
2010-11,GSW 2010-11,-20.16592330983657,-2.3,-3.491461660744675,-4.23484389506568,0.1727463910977578,-0.007871185816256173
2010-11,HOU 2010-11,2.674071819515916,2.2,0.4540650705413331,0.5615550820983424,0.1727463910977578,-0.007871185816256173
2010-11,IND 2010-11,-4.626234664517995,-1.1,-0.8070365284830859,-0.9715092795487789,0.1727463910977578,-0.007871185816256173
2010-11,LAC 2010-11,-36.61304289401847,-3.1,-6.332642212865353,-7.688739007743878,0.1727463910977578,-0.007871185816256173
2010-11,LAL 2010-11,22.503930653513663,6.1,3.8796016200924353,4.725825437237869,0.1727463910977578,-0.007871185816256173
2010-11,MEM 2010-11,-12.702629001264668,2.3,-2.2022045032384434,-2.66755209026558,0.1727463910977578,-0.007871185816256173
2010-11,MIA 2010-11,10.326864146268818,7.5,1.7760573268085098,2.1686414707164516,0.1727463910977578,-0.007871185816256173
2010-11,MIL 2010-11,14.682371012350105,-0.8,2.528455419325557,3.083297912593522,0.1727463910977578,-0.007871185816256173
2010-11,MIN 2010-11,-11.672427091083064,-6.6,-2.0242408411525545,-2.451209689127443,0.1727463910977578,-0.007871185816256173
2010-11,NOP 2010-11,14.63735089160707,0.9,2.5206783559404125,3.073843687237485,0.1727463910977578,-0.007871185816256173
2010-11,NYK 2010-11,-14.112579001302263,0.8,-2.4457682773732214,-2.9636415902734754,0.1727463910977578,-0.007871185816256173
2010-11,OKC 2010-11,13.791699271818558,3.8,2.3745950904959736,2.8962568470818972,0.1727463910977578,-0.007871185816256173
2010-11,ORL 2010-11,32.41907362139315,5.5,5.592406785011929,6.808005460492562,0.1727463910977578,-0.007871185816256173
2010-11,PHI 2010-11,1.7650978177851189,1.5,0.2970430921406508,0.37067054173487496,0.1727463910977578,-0.007871185816256173
2010-11,PHX 2010-11,25.663996857950732,-0.9,4.425491652538928,5.389439340169654,0.1727463910977578,-0.007871185816256173
2010-11,POR 2010-11,17.021401975655493,1.5,2.932514576902475,3.5744944148876536,0.1727463910977578,-0.007871185816256173
2010-11,SAC 2010-11,-11.288398058671504,-5.3,-1.9579012117266936,-2.3705635923210155,0.1727463910977578,-0.007871185816256173
2010-11,SAS 2010-11,3.738725635936291,5.7,0.6379801750964076,0.7851323835466211,0.1727463910977578,-0.007871185816256173
2010-11,TOR 2010-11,-11.34470921821702,-6.3,-1.9676287613167116,-2.382388935825574,0.1727463910977578,-0.007871185816256173
2010-11,UTA 2010-11,-12.483564316068424,-1.8,-2.164361869453826,-2.621548506374369,0.1727463910977578,-0.007871185816256173
2010-11,WAS 2010-11,-39.39035030377836,-7.4,-6.812412044870436,-8.271973563793455,0.1727463910977578,-0.007871185816256173
2011-12,ATL 2011-12,2.9747168522861216,3.4,0.5012033227547111,0.6246905389800855,0.1716014791954036,-0.009262489285082325
2011-12,BOS 2011-12,9.508480466781409,2.5,1.6224068237152092,1.9967808980240958,0.1716014791954036,-0.009262489285082325
2011-12,BKN 2011-12,-11.564201240630696,-6.0,-1.9936965278906313,-2.428482260532446,0.1716014791954036,-0.009262489285082325
2011-12,CHA 2011-12,-39.09166721633972,-13.9,-6.717450407823445,-8.209250115431342,0.1716014791954036,-0.009262489285082325
2011-12,CHI 2011-12,9.14160475680272,8.2,1.5594504092020023,1.9197369989285709,0.1716014791954036,-0.009262489285082325
2011-12,CLE 2011-12,-48.67858904313957,-7.2,-8.362580374232998,-10.222503699059308,0.1716014791954036,-0.009262489285082325
2011-12,DAL 2011-12,18.35005302023731,1.0,3.139633752301724,3.8535111342498354,0.1716014791954036,-0.009262489285082325
2011-12,DEN 2011-12,22.239473234698025,2.9,3.8070640143156864,4.670289379286585,0.1716014791954036,-0.009262489285082325
2011-12,DET 2011-12,-26.96714778405851,-4.8,-4.636864938710573,-5.663101034652287,0.1716014791954036,-0.009262489285082325
2011-12,GSW 2011-12,-4.703178154588201,-3.4,-0.8163348175319263,-0.9876674124635222,0.1716014791954036,-0.009262489285082325
2011-12,HOU 2011-12,7.472763356374585,0.2,1.2730747563460056,1.569280304838663,0.1716014791954036,-0.009262489285082325
2011-12,IND 2011-12,12.73067624498188,3.3,2.175340385511595,2.6734420114461948,0.1716014791954036,-0.009262489285082325
2011-12,LAC 2011-12,21.063388296374896,2.6,3.605246099240002,4.423311542238728,0.1716014791954036,-0.009262489285082325
2011-12,LAL 2011-12,15.344454335344835,1.4,2.623868572106415,3.2223354104224153,0.1716014791954036,-0.009262489285082325
2011-12,MEM 2011-12,1.219816511926254,2.0,0.20005982850844056,0.25616146750451335,0.1716014791954036,-0.009262489285082325
2011-12,MIA 2011-12,-1.4267824507182212,6.0,-0.25410046831837213,-0.29962431465082645,0.1716014791954036,-0.009262489285082325
2011-12,MIL 2011-12,-4.164294466778259,0.3,-0.7238615795894661,-0.8745018380234343,0.1716014791954036,-0.009262489285082325
2011-12,MIN 2011-12,-12.888514697436932,-2.2,-2.2209506759969595,-2.7065880864617555,0.1716014791954036,-0.009262489285082325
2011-12,NOP 2011-12,9.235774042397608,-3.8,1.5756099979048594,1.9395125489034977,0.1716014791954036,-0.009262489285082325
2011-12,NYK 2011-12,-11.635538543850714,3.2,-2.0059381146449975,-2.4434630942086497,0.1716014791954036,-0.009262489285082325
2011-12,OKC 2011-12,27.112738161641783,6.1,4.643323484290316,5.693675013944774,0.1716014791954036,-0.009262489285082325
2011-12,ORL 2011-12,32.1223981119666,0.8,5.502988542032027,6.745703603512987,0.1716014791954036,-0.009262489285082325
2011-12,PHI 2011-12,10.340036571059995,4.2,1.7651030812433819,2.171407679922599,0.1716014791954036,-0.009262489285082325
2011-12,PHX 2011-12,6.075891745933106,-0.2,1.033369521748182,1.275937266645952,0.1716014791954036,-0.009262489285082325
2011-12,POR 2011-12,16.109803404055043,-0.6,2.7552036043979116,3.383058714851559,0.1716014791954036,-0.009262489285082325
2011-12,SAC 2011-12,-31.096224300819884,-5.7,-5.34542057669783,-6.530207103172176,0.1716014791954036,-0.009262489285082325
2011-12,SAS 2011-12,17.98486508922589,7.2,3.076966963155855,3.776821668737437,0.1716014791954036,-0.009262489285082325
2011-12,TOR 2011-12,-6.917742522784707,-3.3,-1.196357338887881,-1.4527259297847883,0.1716014791954036,-0.009262489285082325
2011-12,UTA 2011-12,-11.10651710501169,0.6,-1.9151572532141403,-2.332368592052455,0.1716014791954036,-0.009262489285082325
2011-12,WAS 2011-12,-28.786536675931472,-4.8,-4.94907476378766,-6.045172701945609,0.1716014791954036,-0.009262489285082325
2012-13,ATL 2012-13,21.4161407152031,0.4,3.702595742405911,4.497389550192651,0.17305374260152195,-0.0035475604408200996
2012-13,BOS 2012-13,18.538659715896895,-0.2,3.204636886211205,3.8931185403383477,0.17305374260152195,-0.0035475604408200996
2012-13,BKN 2012-13,-12.568189108165967,1.8,-2.178519723332625,-2.639319712714853,0.17305374260152195,-0.0035475604408200996
2012-13,CHA 2012-13,-42.22834228993679,-9.2,-7.311320237572506,-8.867951880886725,0.17305374260152195,-0.0035475604408200996
2012-13,CHI 2012-13,2.121492653104553,0.3,0.36358468308055514,0.4455134571519561,0.17305374260152195,-0.0035475604408200996
2012-13,CLE 2012-13,-31.012765957225227,-4.7,-5.370422777763717,-6.512680851017297,0.17305374260152195,-0.0035475604408200996
2012-13,DAL 2012-13,-3.050609439714137,-0.6,-0.5314669411988834,-0.6406279823399686,0.17305374260152195,-0.0035475604408200996
2012-13,DEN 2012-13,14.615157805948556,5.1,2.5256601965904255,3.069183139249197,0.17305374260152195,-0.0035475604408200996
2012-13,DET 2012-13,-27.15655515981997,-4.0,-4.7030910670123385,-5.702876583562193,0.17305374260152195,-0.0035475604408200996
2012-13,GSW 2012-13,-14.123131908545377,0.9,-2.4476083944695732,-2.965857700794529,0.17305374260152195,-0.0035475604408200996
2012-13,HOU 2012-13,6.971696237214914,3.5,1.2029305656901688,1.464056209815132,0.17305374260152195,-0.0035475604408200996
2012-13,IND 2012-13,6.594029541905158,4.0,1.1375739306108668,1.384746203800083,0.17305374260152195,-0.0035475604408200996
2012-13,LAC 2012-13,25.50864882512579,6.5,4.410819587455114,5.356816253276415,0.17305374260152195,-0.0035475604408200996
2012-13,LAL 2012-13,23.31086459577338,1.2,4.030484801135078,4.89528156511241,0.17305374260152195,-0.0035475604408200996
2012-13,MEM 2012-13,-6.67935423072332,4.1,-1.1594348082288002,-1.402664388451897,0.17305374260152195,-0.0035475604408200996
2012-13,MIA 2012-13,18.35597328888716,7.9,3.173022316294671,3.8547543906663035,0.17305374260152195,-0.0035475604408200996
2012-13,MIL 2012-13,8.102453077524771,-1.5,1.398612268878061,1.7015151462802018,0.17305374260152195,-0.0035475604408200996
2012-13,MIN 2012-13,6.855197390892371,-2.4,1.1827700043252931,1.439591452087398,0.17305374260152195,-0.0035475604408200996
2012-13,NOP 2012-13,-21.713100377501803,-3.9,-3.7610808442500265,-4.559751079275379,0.17305374260152195,-0.0035475604408200996
2012-13,NYK 2012-13,18.89042476907585,4.2,3.2655111451802465,3.9669892015059283,0.17305374260152195,-0.0035475604408200996
2012-13,OKC 2012-13,0.253871796029415,9.2,0.04038590400304037,0.05331307716617715,0.17305374260152195,-0.0035475604408200996
2012-13,ORL 2012-13,-10.83671006495598,-7.0,-1.8788807946690347,-2.275709113640756,0.17305374260152195,-0.0035475604408200996
2012-13,PHI 2012-13,5.85710016758074,-3.3,1.0100455443510283,1.2299910351919554,0.17305374260152195,-0.0035475604408200996
2012-13,PHX 2012-13,5.791213439583572,-6.5,0.9986435994833501,1.21615482231255,0.17305374260152195,-0.0035475604408200996
2012-13,POR 2012-13,-28.73571760740637,-3.2,-4.976371038742944,-6.0345006975553375,0.17305374260152195,-0.0035475604408200996
2012-13,SAC 2012-13,4.3627945459311945,-4.9,0.7514503639340807,0.9161868546455508,0.17305374260152195,-0.0035475604408200996
2012-13,SAS 2012-13,26.830838968778863,6.4,4.639629540245122,5.634476183443561,0.17305374260152195,-0.0035475604408200996
2012-13,TOR 2012-13,-5.714600827625333,-1.5,-0.9924806211351387,-1.2000661738013199,0.17305374260152195,-0.0035475604408200996
2012-13,UTA 2012-13,12.721746006636463,-0.1,2.197998198433586,2.671566661393657,0.17305374260152195,-0.0035475604408200996
2012-13,WAS 2012-13,-23.279226569472684,-2.5,-4.032104843156857,-4.888637579589264,0.17305374260152195,-0.0035475604408200996
2013-14,ATL 2013-14,-0.9441547767069096,-0.5,-0.16494748303670545,-0.19827250310845101,0.1698494146676972,-0.0045833468573265096
2013-14,BOS 2013-14,-22.35633106701617,-4.5,-3.801793092707278,-4.694829524073396,0.1698494146676972,-0.0045833468573265096
2013-14,BKN 2013-14,8.464624926051911,-1.0,1.4331282422141904,1.7775712344709014,0.1698494146676972,-0.0045833468573265096
2013-14,CHA 2013-14,-6.99696812713421,-0.2,-1.1930142876996055,-1.469363306698184,0.1698494146676972,-0.0045833468573265096
2013-14,CHI 2013-14,8.108465462592264,1.9,1.3726347658172082,1.7027777471443752,0.1698494146676972,-0.0045833468573265096
2013-14,CLE 2013-14,-6.661845339308385,-3.3,-1.1360938783455823,-1.398987521254761,0.1698494146676972,-0.0045833468573265096
2013-14,DAL 2013-14,16.666798546233608,2.4,2.8262626306048784,3.5000276947090576,0.1698494146676972,-0.0045833468573265096
2013-14,DEN 2013-14,5.820080019838414,-2.1,0.9839538378313877,1.222216804166067,0.1698494146676972,-0.0045833468573265096
2013-14,DET 2013-14,-0.3931835095437321,-3.7,-0.07136533581032034,-0.08256853700418373,0.1698494146676972,-0.0045833468573265096
2013-14,GSW 2013-14,14.22191708136998,4.8,2.411000944865889,2.9866025870876958,0.1698494146676972,-0.0045833468573265096
2013-14,HOU 2013-14,18.144252665230557,4.6,3.0772073479148885,3.8102930596984166,0.1698494146676972,-0.0045833468573265096
2013-14,IND 2013-14,13.975886260402646,4.4,2.3692127539343746,2.9349361146845556,0.1698494146676972,-0.0045833468573265096
2013-14,LAC 2013-14,34.2426062864493,7.0,5.811503287592497,7.190947320154353,0.1698494146676972,-0.0045833468573265096
2013-14,LAL 2013-14,0.2553756479294833,-6.3,0.03879205746388015,0.05362888606519149,0.1698494146676972,-0.0045833468573265096
2013-14,MEM 2013-14,-1.4669455488886598,1.6,-0.2537431896854492,-0.30805856526661857,0.1698494146676972,-0.0045833468573265096
2013-14,MIA 2013-14,19.98312147512432,4.8,3.3895381389260293,4.196455509776107,0.1698494146676972,-0.0045833468573265096
2013-14,MIL 2013-14,-18.91804247642382,-8.2,-3.2178017881365455,-3.9727889200490023,0.1698494146676972,-0.0045833468573265096
2013-14,MIN 2013-14,1.8289583327581769,2.7,0.3060641554132572,0.38408124987921716,0.1698494146676972,-0.0045833468573265096
2013-14,NOP 2013-14,11.816723934720144,-2.7,2.0024802967446576,2.4815120262912305,0.1698494146676972,-0.0045833468573265096
2013-14,NYK 2013-14,-9.804498405551143,-0.8,-1.6698716621505587,-2.05894466516574,0.1698494146676972,-0.0045833468573265096
2013-14,OKC 2013-14,15.453027872969033,6.3,2.6201043922100737,3.2451358533234966,0.1698494146676972,-0.0045833468573265096
2013-14,ORL 2013-14,-31.46213510928314,-5.4,-5.348408579365073,-6.607048372949459,0.1698494146676972,-0.0045833468573265096
2013-14,PHI 2013-14,-52.17782235231572,-10.5,-8.86695593203324,-10.957342693986302,0.1698494146676972,-0.0045833468573265096
2013-14,PHX 2013-14,-4.432653276541487,2.6,-0.7574669113027482,-0.9308571880737122,0.1698494146676972,-0.0045833468573265096
2013-14,POR 2013-14,13.261408898788844,4.0,2.2478591922709494,2.784895868745657,0.1698494146676972,-0.0045833468573265096
2013-14,SAC 2013-14,-22.57511570704814,-2.9,-3.8389535357549907,-4.740774298480109,0.1698494146676972,-0.0045833468573265096
2013-14,SAS 2013-14,26.089812297897826,7.7,4.426756000730708,5.478860582558543,0.1698494146676972,-0.0045833468573265096
2013-14,TOR 2013-14,1.2232032550194702,3.2,0.20317701002735247,0.25687268355408877,0.1698494146676972,-0.0045833468573265096
2013-14,UTA 2013-14,-23.99545283971017,-7.2,-4.080196966368431,-5.0390450963391356,0.1698494146676972,-0.0045833468573265096
2013-14,WAS 2013-14,-7.371114427904118,1.3,-1.2565628178854586,-1.5479340298598647,0.1698494146676972,-0.0045833468573265096
2014-15,ATL 2014-15,7.155194287438292,5.4,1.2128156413536824,1.5025908003620412,0.17088083357174236,-0.009869922851542003
2014-15,BOS 2014-15,-2.4132855220760234,0.2,-0.4222541645105103,-0.5067899596359648,0.17088083357174236,-0.009869922851542003
2014-15,BKN 2014-15,-5.0643297882474485,-2.9,-0.8752668185494714,-1.063509255531964,0.17088083357174236,-0.009869922851542003
2014-15,CHA 2014-15,3.793576611018011,-3.2,0.6383796106574812,0.7966510883137823,0.17088083357174236,-0.009869922851542003
2014-15,CHI 2014-15,1.7512506984850802,3.0,0.28938525629868456,0.3677626466818668,0.17088083357174236,-0.009869922851542003
2014-15,CLE 2014-15,20.006949092021895,4.5,3.4089342152205733,4.201459309324598,0.17088083357174236,-0.009869922851542003
2014-15,DAL 2014-15,12.620635905032088,2.9,2.1467548608058022,2.6503335400567383,0.17088083357174236,-0.009869922851542003
2014-15,DEN 2014-15,8.200468882063205,-3.5,1.3914330353945528,1.7220984652332731,0.17088083357174236,-0.009869922851542003
2014-15,DET 2014-15,20.37060859546446,-1.0,3.471076654305125,4.2778278050475365,0.17088083357174236,-0.009869922851542003
2014-15,GSW 2014-15,25.488920273734465,10.1,4.3456980203678865,5.352673257484238,0.17088083357174236,-0.009869922851542003
2014-15,HOU 2014-15,15.004181202793518,3.4,2.5540570681432824,3.1508780525866387,0.17088083357174236,-0.009869922851542003
2014-15,IND 2014-15,-5.876145449756052,0.3,-1.013990555494657,-1.2339905444487709,0.17088083357174236,-0.009869922851542003
2014-15,LAC 2014-15,30.603719385873987,6.6,5.219719156202296,6.426781071033537,0.17088083357174236,-0.009869922851542003
2014-15,LAL 2014-15,-36.43154133738731,-6.8,-6.235322074887675,-7.650623680851335,0.17088083357174236,-0.009869922851542003
2014-15,MEM 2014-15,12.153851146284468,3.2,2.0669902921324246,2.5523087407197385,0.17088083357174236,-0.009869922851542003
2014-15,MIA 2014-15,-0.5693423279853249,-2.6,-0.10715961444535066,-0.11956188887691822,0.17088083357174236,-0.009869922851542003
2014-15,MIL 2014-15,-4.95786996067153,0.4,-0.8570748744713946,-1.0411526917410214,0.17088083357174236,-0.009869922851542003
2014-15,MIN 2014-15,-35.151005854930446,-8.8,-6.016503104227253,-7.3817112295353935,0.17088083357174236,-0.009869922851542003
2014-15,NOP 2014-15,3.8515464535700232,0.8,0.6482855456747917,0.8088247552497049,0.17088083357174236,-0.009869922851542003
2014-15,NYK 2014-15,-16.83319865327364,-9.3,-2.8863409404016727,-3.5349717171874646,0.17088083357174236,-0.009869922851542003
2014-15,OKC 2014-15,7.017524041572216,2.2,1.1892904349820606,1.4736800487301653,0.17088083357174236,-0.009869922851542003
2014-15,ORL 2014-15,-23.048213956890407,-5.7,-3.948367936144841,-4.840124930946986,0.17088083357174236,-0.009869922851542003
2014-15,PHI 2014-15,-53.327070906533066,-9.0,-9.122444251299324,-11.198684890371943,0.17088083357174236,-0.009869922851542003
2014-15,PHX 2014-15,-7.754403327100618,-0.9,-1.334948827237988,-1.6284246986911297,0.17088083357174236,-0.009869922851542003
2014-15,POR 2014-15,17.84608650505703,4.2,3.0396842151260257,3.7476781660619762,0.17088083357174236,-0.009869922851542003
2014-15,SAC 2014-15,-8.623183746434066,-3.7,-1.4834067494844954,-1.8108685867511538,0.17088083357174236,-0.009869922851542003
2014-15,SAS 2014-15,24.50707624849636,6.2,4.177919694897764,5.146486012184235,0.17088083357174236,-0.009869922851542003
2014-15,TOR 2014-15,27.73496787489609,3.1,4.729504506696197,5.824343253728179,0.17088083357174236,-0.009869922851542003
2014-15,UTA 2014-15,-37.70316560814351,0.2,-6.452618290264553,-7.9176647777101365,0.17088083357174236,-0.009869922851542003
2014-15,WAS 2014-15,-0.3538007643718401,0.7,-0.07032769238572165,-0.07429816051808642,0.17088083357174236,-0.009869922851542003
2015-16,ATL 2015-16,20.592406036856943,3.6,3.529315991017407,4.324405267739958,0.171953918091126,-0.011628909943500389
2015-16,BOS 2015-16,27.349640339194224,3.2,4.691248904764059,5.743424471230787,0.171953918091126,-0.011628909943500389
2015-16,BKN 2015-16,-24.64868461964538,-7.4,-4.250066806083999,-5.17622377012553,0.171953918091126,-0.011628909943500389
2015-16,CHA 2015-16,5.576615602366758,2.7,0.9472919925715684,1.171089276497019,0.171953918091126,-0.011628909943500389
2015-16,CHI 2015-16,9.218353030720223,-1.5,1.5735030120360483,1.9358541364512467,0.171953918091126,-0.011628909943500389
2015-16,CLE 2015-16,21.77141355855244,6.0,3.732050953831856,4.571996847296012,0.171953918091126,-0.011628909943500389
2015-16,DAL 2015-16,15.013028296421568,-0.3,2.569920128039131,3.1527359422485293,0.171953918091126,-0.011628909943500389
2015-16,DEN 2015-16,-23.026236694770603,-3.1,-3.9710805285029647,-4.835509705901827,0.171953918091126,-0.011628909943500389
2015-16,DET 2015-16,6.768136467944657,0.6,1.1521786738950182,1.421308658268378,0.171953918091126,-0.011628909943500389
2015-16,GSW 2015-16,40.807750255203246,10.8,7.005423634922845,8.569627553592682,0.171953918091126,-0.011628909943500389
2015-16,HOU 2015-16,14.204876863102427,0.2,2.4309553226689453,2.9830241412515095,0.171953918091126,-0.011628909943500389
2015-16,IND 2015-16,-0.0558785066145333,1.7,-0.02123743809295029,-0.011734486389051993,0.171953918091126,-0.011628909943500389
2015-16,LAC 2015-16,33.83179712908648,4.3,5.805881162467029,7.104677397108161,0.171953918091126,-0.011628909943500389
2015-16,LAL 2015-16,-48.51387145269858,-9.6,-8.353779188004248,-10.1879130050667,0.171953918091126,-0.011628909943500389
2015-16,MEM 2015-16,4.859614021420356,-2.2,0.8240007614503029,1.0205189444982747,0.171953918091126,-0.011628909943500389
2015-16,MIA 2015-16,-23.157097822223747,1.6,-3.993582612094355,-4.862990542666987,0.171953918091126,-0.011628909943500389
2015-16,MIL 2015-16,7.175128095094891,-4.2,1.2221624788137835,1.5067768999699271,0.171953918091126,-0.011628909943500389
2015-16,MIN 2015-16,-47.28701621176595,-3.5,-8.14281662239525,-9.93027340447085,0.171953918091126,-0.011628909943500389
2015-16,NOP 2015-16,0.8686371302569569,-3.8,0.13773664800361513,0.18241379735396093,0.171953918091126,-0.011628909943500389
2015-16,NYK 2015-16,-35.47894508356499,-2.7,-6.112372526802392,-7.450578467548647,0.171953918091126,-0.011628909943500389
2015-16,OKC 2015-16,0.3707003658557113,7.3,0.05211447040320304,0.07784707682969937,0.171953918091126,-0.011628909943500389
2015-16,ORL 2015-16,0.1925486862722891,-1.6,0.021480591084318733,0.04043522411718071,0.171953918091126,-0.011628909943500389
2015-16,PHI 2015-16,-28.72610375102063,-10.2,-4.951195001423689,-6.032481787714333,0.171953918091126,-0.011628909943500389
2015-16,PHX 2015-16,-21.09273566692123,-6.7,-3.638607451131046,-4.429474490053458,0.171953918091126,-0.011628909943500389
2015-16,POR 2015-16,-2.2698691062045957,0.8,-0.40194179630938287,-0.4766725123029651,0.171953918091126,-0.011628909943500389
2015-16,SAC 2015-16,-11.711427242272208,-2.5,-2.0254547106913576,-2.4593997208771636,0.171953918091126,-0.011628909943500389
2015-16,SAS 2015-16,31.650173154756917,10.6,5.430742372279526,6.646536362498952,0.171953918091126,-0.011628909943500389
2015-16,TOR 2015-16,19.06081527304198,4.5,3.265952958267244,4.002771207338816,0.171953918091126,-0.011628909943500389
2015-16,UTA 2015-16,-5.355716505364825,1.8,-0.9325653472262951,-1.1247004661266131,0.171953918091126,-0.011628909943500389
2015-16,WAS 2015-16,12.011948356919303,-0.5,2.053872673937037,2.5225091549530534,0.171953918091126,-0.011628909943500389
2016-17,ATL 2016-17,-5.751295998638838,-0.9,-1.009897640391381,-1.207772159714156,0.17446017212468506,-0.006525550528836776
2016-17,BOS 2016-17,21.55894980134994,2.6,3.754652542642119,4.527379458283487,0.17446017212468506,-0.006525550528836776
2016-17,BKN 2016-17,-36.62421896684072,-6.7,-6.395993095416024,-7.691085983036551,0.17446017212468506,-0.006525550528836776
2016-17,CHA 2016-17,17.293898437887606,0.2,3.0105709476518574,3.631718671956397,0.17446017212468506,-0.006525550528836776
2016-17,CHI 2016-17,-7.793679765245884,0.4,-1.3662122638583087,-1.6366727507016354,0.17446017212468506,-0.006525550528836776
2016-17,CLE 2016-17,33.47988606925412,3.2,5.834381135828083,7.030776074543366,0.17446017212468506,-0.006525550528836776
2016-17,DAL 2016-17,-19.08244700449933,-2.9,-3.3356525394939704,-4.007313870944859,0.17446017212468506,-0.006525550528836776
2016-17,DEN 2016-17,4.98855606166282,0.5,0.8637787986424998,1.0475967729491922,0.17446017212468506,-0.006525550528836776
2016-17,DET 2016-17,18.605744239564075,-1.1,3.2394357920133796,3.9072062903084555,0.17446017212468506,-0.006525550528836776
2016-17,GSW 2016-17,50.8768785359452,11.6,8.869463436018858,10.684144492548493,0.17446017212468506,-0.006525550528836776
2016-17,HOU 2016-17,4.766058459221398,5.8,0.8249618286232396,1.0008722764364935,0.17446017212468506,-0.006525550528836776
2016-17,IND 2016-17,8.388795335505137,-0.2,1.4569851276221444,1.7616470204560786,0.17446017212468506,-0.006525550528836776
2016-17,LAC 2016-17,22.303600046910788,4.3,3.884564352655353,4.683756009851265,0.17446017212468506,-0.006525550528836776
2016-17,LAL 2016-17,-44.8838308856747,-6.9,-7.8369664124589,-9.425604485991686,0.17446017212468506,-0.006525550528836776
2016-17,MEM 2016-17,-11.68475838698332,0.5,-2.045050509957304,-2.4537992612664974,0.17446017212468506,-0.006525550528836776
2016-17,MIA 2016-17,-18.4218137941547,1.1,-3.2203983559059637,-3.868580896772487,0.17446017212468506,-0.006525550528836776
2016-17,MIL 2016-17,-6.865785025209178,-0.2,-1.2043315877979153,-1.4418148552939272,0.17446017212468506,-0.006525550528836776
2016-17,MIN 2016-17,-4.756909506799445,-1.1,-0.8364168018666187,-0.9989509964278835,0.17446017212468506,-0.006525550528836776
2016-17,NOP 2016-17,-27.13696199044506,-2.1,-4.740844610322918,-5.698762017993462,0.17446017212468506,-0.006525550528836776
2016-17,NYK 2016-17,-35.12333207759742,-3.7,-6.134148110378955,-7.375899736295457,0.17446017212468506,-0.006525550528836776
2016-17,OKC 2016-17,-15.739023525910042,0.8,-2.7523583039335704,-3.3051949404411087,0.17446017212468506,-0.006525550528836776
2016-17,ORL 2016-17,12.68794034954952,-6.6,2.2070147067613095,2.664467473405399,0.17446017212468506,-0.006525550528836776
2016-17,PHI 2016-17,-19.10064420245997,-5.7,-3.3388272257823712,-4.011135282516594,0.17446017212468506,-0.006525550528836776
2016-17,PHX 2016-17,-38.59487540883392,-5.6,-6.739794157484777,-8.104923835855123,0.17446017212468506,-0.006525550528836776
2016-17,POR 2016-17,16.94446958287081,-0.5,2.9496095294602953,3.5583386124028697,0.17446017212468506,-0.006525550528836776
2016-17,SAC 2016-17,-3.037434385790561,-3.9,-0.5364368762912951,-0.6378612210160178,0.17446017212468506,-0.006525550528836776
2016-17,SAS 2016-17,25.497938573798308,7.2,4.441849201880663,5.354567100497644,0.17446017212468506,-0.006525550528836776
2016-17,TOR 2016-17,15.230618467931038,4.2,2.6506107689518195,3.1984298782655176,0.17446017212468506,-0.006525550528836776
2016-17,UTA 2016-17,25.4697673650397,3.9,4.436934447951676,5.348651146658337,0.17446017212468506,-0.006525550528836776
2016-17,WAS 2016-17,16.503909598592315,1.8,2.872749358771821,3.4658210157043863,0.17446017212468506,-0.006525550528836776
2017-18,ATL 2017-18,-28.545851918587275,-5.5,-5.016668038456957,-5.994628902903328,0.17540418515341843,-0.00960614316700989
2017-18,BOS 2017-18,4.633488025776657,3.6,0.8031270484124661,0.973032485413098,0.17540418515341843,-0.00960614316700989
2017-18,BKN 2017-18,-13.537981156304994,-3.7,-2.384224696511021,-2.8429760428240485,0.17540418515341843,-0.00960614316700989
2017-18,CHA 2017-18,16.911796050655084,0.3,2.956793662578945,3.5514771706375674,0.17540418515341843,-0.00960614316700989
2017-18,CHI 2017-18,-15.41512806525884,-7.0,-2.7134841204893285,-3.237176893704356,0.17540418515341843,-0.00960614316700989
2017-18,CLE 2017-18,18.18327903702479,0.9,3.1798170997395583,3.8184885977752057,0.17540418515341843,-0.00960614316700989
2017-18,DAL 2017-18,-13.976217573754823,-3.0,-2.4610931982183617,-2.935005690488513,0.17540418515341843,-0.00960614316700989
2017-18,DEN 2017-18,26.976349217073107,1.5,4.722158409667756,5.665033335585353,0.17540418515341843,-0.00960614316700989
2017-18,DET 2017-18,-1.5978465386702965,-0.1,-0.28987511328268334,-0.3355477731207622,0.17540418515341843,-0.00960614316700989
2017-18,GSW 2017-18,45.6073312950688,6.0,7.990110639666534,9.577539571964449,0.17540418515341843,-0.00960614316700989
2017-18,HOU 2017-18,19.723337031284103,8.5,3.449949717311621,4.141900776569662,0.17540418515341843,-0.00960614316700989
2017-18,IND 2017-18,5.089074682926054,1.4,0.8830388547765258,1.0687056834144713,0.17540418515341843,-0.00960614316700989
2017-18,LAC 2017-18,2.2931073690235166,0.0,0.39261448636585927,0.4815525474949385,0.17540418515341843,-0.00960614316700989
2017-18,LAL 2017-18,-50.55456558353126,-1.5,-8.877088525131363,-10.616458772541563,0.17540418515341843,-0.00960614316700989
2017-18,MEM 2017-18,-11.825928903785666,-6.2,-2.0839235662177935,-2.48344506979499,0.17540418515341843,-0.00960614316700989
2017-18,MIA 2017-18,8.239210355234405,0.5,1.4355858355004882,1.7302341745992251,0.17540418515341843,-0.00960614316700989
2017-18,MIL 2017-18,20.026466880862174,-0.3,3.503119961572541,4.205558044981056,0.17540418515341843,-0.00960614316700989
2017-18,MIN 2017-18,14.0314346153301,2.2,2.4515662120684354,2.946601269219321,0.17540418515341843,-0.00960614316700989
2017-18,NOP 2017-18,-0.0774985393130691,1.3,-0.02319971130579894,-0.016274693255744512,0.17540418515341843,-0.00960614316700989
2017-18,NYK 2017-18,-16.460310402276505,-3.6,-2.8968134766506575,-3.456665184478066,0.17540418515341843,-0.00960614316700989
2017-18,OKC 2017-18,5.850957921347231,3.4,1.01667636339384,1.2287011634829184,0.17540418515341843,-0.00960614316700989
2017-18,ORL 2017-18,-8.029908045458441,-4.8,-1.4180856207375265,-1.6862806895462725,0.17540418515341843,-0.00960614316700989
2017-18,PHI 2017-18,-1.269131204822827,4.5,-0.23221706800173403,-0.2665175530127937,0.17540418515341843,-0.00960614316700989
2017-18,PHX 2017-18,-4.770792838834723,-9.4,-0.8464231735985783,-1.0018664961552917,0.17540418515341843,-0.00960614316700989
2017-18,POR 2017-18,7.65871178039751,2.6,1.3337639559985022,1.608329473883477,0.17540418515341843,-0.00960614316700989
2017-18,SAC 2017-18,-47.68373595792046,-7.0,-8.373532993936808,-10.013584551163296,0.17540418515341843,-0.00960614316700989
2017-18,SAS 2017-18,24.881855155511573,2.9,4.354775385490881,5.22518958265743,0.17540418515341843,-0.00960614316700989
2017-18,TOR 2017-18,-12.477315759762789,7.8,-2.198179546910108,-2.6202363095501857,0.17540418515341843,-0.00960614316700989
2017-18,UTA 2017-18,-10.782157284348855,4.3,-1.9008416558242158,-2.2642530297132595,0.17540418515341843,-0.00960614316700989
2017-18,WAS 2017-18,16.897970355115618,0.6,2.9543685777186655,3.5485737745742796,0.17540418515341843,-0.00960614316700989
2018-19,ATL 2018-19,-47.08391674851407,-6.0,-8.088508068747474,-9.887622517187955,0.1716060374074545,-0.008623689912495578
2018-19,BOS 2018-19,17.16095385465134,4.4,2.9362995992164027,3.603800309476781,0.1716060374074545,-0.008623689912495578
2018-19,BKN 2018-19,-4.301974983118683,-0.1,-0.7468685697914937,-0.9034147464549234,0.1716060374074545,-0.008623689912495578
2018-19,CHA 2018-19,3.784683589560004,-1.1,0.6408508637329177,0.7947835538076008,0.1716060374074545,-0.008623689912495578
2018-19,CHI 2018-19,-29.21468684177431,-8.4,-5.022040332929087,-6.135084236772605,0.1716060374074545,-0.008623689912495578
2018-19,CLE 2018-19,-25.263020103419365,-9.6,-4.3439104628051535,-5.305234221718067,0.1716060374074545,-0.008623689912495578
2018-19,DAL 2018-19,-22.82466290760111,-1.3,-3.925473646646831,-4.793179210596232,0.1716060374074545,-0.008623689912495578
2018-19,DEN 2018-19,21.989186040112983,4.0,3.7648533922466094,4.617729068423726,0.1716060374074545,-0.008623689912495578
2018-19,DET 2018-19,6.128467382457743,-0.2,1.0430583129719126,1.2869781503161262,0.1716060374074545,-0.008623689912495578
2018-19,GSW 2018-19,35.71266446097211,6.5,6.119885143496955,7.499659536804142,0.1716060374074545,-0.008623689912495578
2018-19,HOU 2018-19,23.84090722981425,4.8,4.082619927994662,5.006590518260992,0.1716060374074545,-0.008623689912495578
2018-19,IND 2018-19,9.55487968755284,3.3,1.6310513511734241,2.006524734386096,0.1716060374074545,-0.008623689912495578
2018-19,LAC 2018-19,-28.47598128376229,0.9,-4.895273999307781,-5.979956069590081,0.1716060374074545,-0.008623689912495578
2018-19,LAL 2018-19,13.198493411215011,-1.7,2.2563174641345096,2.771683616355152,0.1716060374074545,-0.008623689912495578
2018-19,MEM 2018-19,-18.58188324880892,-2.6,-3.1973870418085517,-3.9021954822498732,0.1716060374074545,-0.008623689912495578
2018-19,MIA 2018-19,-1.840726763190432,-0.2,-0.3245035156934555,-0.3865526202699907,0.1716060374074545,-0.008623689912495578
2018-19,MIL 2018-19,19.033161400490755,8.9,3.25758171736224,3.9969638941030583,0.1716060374074545,-0.008623689912495578
2018-19,MIN 2018-19,13.31431147810737,-1.5,2.2761925436540986,2.7960054104025476,0.1716060374074545,-0.008623689912495578
2018-19,NOP 2018-19,-13.234505436925517,-1.3,-2.279744724990696,-2.7792461417543586,0.1716060374074545,-0.008623689912495578
2018-19,NYK 2018-19,-25.29368844763978,-9.2,-4.349173335830667,-5.311674574004353,0.1716060374074545,-0.008623689912495578
2018-19,OKC 2018-19,15.249964315729043,3.4,2.608362256914849,3.202492506303099,0.1716060374074545,-0.008623689912495578
2018-19,ORL 2018-19,-10.399558880941214,0.7,-1.7932507802563193,-2.183907364997655,0.1716060374074545,-0.008623689912495578
2018-19,PHI 2018-19,23.48190796524038,2.7,4.0210134867689495,4.93120067270048,0.1716060374074545,-0.008623689912495578
2018-19,PHX 2018-19,-52.9745279904713,-9.3,-9.09937252188756,-11.124650877998972,0.1716060374074545,-0.008623689912495578
2018-19,POR 2018-19,7.983309829842014,4.2,1.3613604753826722,1.6764950642668228,0.1716060374074545,-0.008623689912495578
2018-19,SAC 2018-19,-2.792390906860291,-1.1,-0.4878148283313985,-0.586402090440661,0.1716060374074545,-0.008623689912495578
2018-19,SAS 2018-19,10.833350565179089,1.7,1.8504446724236954,2.2750036186876086,0.1716060374074545,-0.008623689912495578
2018-19,TOR 2018-19,21.572550313438768,6.1,3.6933561861496718,4.530235565822141,0.1716060374074545,-0.008623689912495578
2018-19,UTA 2018-19,27.902336185771603,5.3,4.779585657338398,5.8594905990120365,0.1716060374074545,-0.008623689912495578
2018-19,WAS 2018-19,11.540396832892426,-2.9,1.9717780806897116,2.4234833349074094,0.1716060374074545,-0.008623689912495578
2019-20,ATL 2019-20,-4.505811448588759,-8.0,-0.7698300407995721,-0.9462204042036393,0.1713326691977685,0.002162661589003843
2019-20,BOS 2019-20,14.985842003569246,6.3,2.5697269722365577,3.1470268207495415,0.1713326691977685,0.002162661589003843
2019-20,BKN 2019-20,11.2574683170065,-0.6,1.9309347567510382,2.364068346571365,0.1713326691977685,0.002162661589003843
2019-20,CHA 2019-20,-25.168227434822317,-6.8,-4.309976923795609,-5.285327761312686,0.1713326691977685,0.002162661589003843
2019-20,CHI 2019-20,-21.4919239033686,-3.1,-3.680106026970462,-4.513304019707406,0.1713326691977685,0.002162661589003843
2019-20,CLE 2019-20,-36.17596444294115,-7.9,-6.1959618872236675,-7.5969525330176415,0.1713326691977685,0.002162661589003843
2019-20,DAL 2019-20,15.92789568964919,4.9,2.731131544800231,3.34485809482633,0.1713326691977685,0.002162661589003843
2019-20,DEN 2019-20,25.83990308863888,2.1,4.429382229577166,5.426379648614165,0.1713326691977685,0.002162661589003843
2019-20,DET 2019-20,-14.834180213802412,-3.6,-2.5394170298024874,-3.1151778448985064,0.1713326691977685,0.002162661589003843
2019-20,GSW 2019-20,-44.617695969635705,-8.7,-7.642306282343198,-9.369716153623498,0.1713326691977685,0.002162661589003843
2019-20,HOU 2019-20,15.978164781264098,3.0,2.7397442824447604,3.3554146040654604,0.1713326691977685,0.002162661589003843
2019-20,IND 2019-20,19.67666733780652,2.0,3.3734185974919444,4.132100140939369,0.1713326691977685,0.002162661589003843
2019-20,LAC 2019-20,19.56142429669316,6.4,3.3536736996515244,4.107899102305564,0.1713326691977685,0.002162661589003843
2019-20,LAL 2019-20,8.920108933656252,5.8,1.53046873472719,1.873222876067813,0.1713326691977685,0.002162661589003843
2019-20,MEM 2019-20,-30.767094002800803,-1.1,-5.269245677369512,-6.461089740588169,0.1713326691977685,0.002162661589003843
2019-20,MIA 2019-20,-24.236920131157618,2.9,-4.15041355761536,-5.0897532275431,0.1713326691977685,0.002162661589003843
2019-20,MIL 2019-20,24.70432039408385,10.1,4.234819815424259,5.1879072827576085,0.1713326691977685,0.002162661589003843
2019-20,MIN 2019-20,-9.792574021234003,-4.3,-1.6756251837857432,-2.0564405444591407,0.1713326691977685,0.002162661589003843
2019-20,NOP 2019-20,-4.169614256361271,-1.3,-0.7122284784784413,-0.8756189938358668,0.1713326691977685,0.002162661589003843
2019-20,NYK 2019-20,-12.692572612135478,-6.5,-2.1724896830346605,-2.6654402485484505,0.1713326691977685,0.002162661589003843
2019-20,OKC 2019-20,-9.7984317470287,2.0,-1.676628803581577,-2.0576706668760267,0.1713326691977685,0.002162661589003843
2019-20,ORL 2019-20,6.197369670666774,-1.0,1.0639745492696375,1.3014476308400225,0.1713326691977685,0.002162661589003843
2019-20,PHI 2019-20,9.919666787800168,2.4,1.7017256498952607,2.083130025438035,0.1713326691977685,0.002162661589003843
2019-20,PHX 2019-20,7.505812543689956,0.2,1.2881535591974962,1.5762206341748908,0.1713326691977685,0.002162661589003843
2019-20,POR 2019-20,3.1491753947198333,-1.1,0.541719287738289,0.661326832891165,0.1713326691977685,0.002162661589003843
2019-20,SAC 2019-20,17.252025443619715,-2.0,2.9579982299121856,3.62292534316014,0.1713326691977685,0.002162661589003843
2019-20,SAS 2019-20,9.152694993202104,-1.1,1.5703183251273718,1.9220659485724418,0.1713326691977685,0.002162661589003843
2019-20,TOR 2019-20,11.605928684936783,6.2,1.99063740169817,2.4372450238367245,0.1713326691977685,0.002162661589003843
2019-20,UTA 2019-20,21.82559818218513,2.5,3.7416006549807457,4.583375618258877,0.1713326691977685,0.002162661589003843
2019-20,WAS 2019-20,-5.209056359311859,-4.7,-0.8903188684535072,-1.0939018354554904,0.1713326691977685,0.002162661589003843
2020-21,ATL 2020-21,15.54378365930522,2.3,2.6469568281938023,3.264194568454096,0.17088813393988067,-0.00929135571007668
2020-21,BOS 2020-21,3.3629740066873097,1.5,0.5654009967810415,0.706224541404335,0.17088813393988067,-0.00929135571007668
2020-21,BKN 2020-21,28.57596573967298,4.5,4.874002105072601,6.000952805331326,0.17088813393988067,-0.00929135571007668
2020-21,CHA 2020-21,-11.955898414557083,-1.9,-2.0524125253485144,-2.5107386670569873,0.17088813393988067,-0.00929135571007668
2020-21,CHI 2020-21,-1.6479290098239543,-0.9,-0.2909028690642875,-0.3460650920630304,0.17088813393988067,-0.00929135571007668
2020-21,CLE 2020-21,-16.41118016487067,-8.4,-2.8137673098360088,-3.446347834622841,0.17088813393988067,-0.00929135571007668
2020-21,DAL 2020-21,26.68775239839691,2.3,4.551328850701546,5.604428003663351,0.17088813393988067,-0.00929135571007668
2020-21,DEN 2020-21,25.569810462273598,4.9,4.360285839384296,5.369660197077455,0.17088813393988067,-0.00929135571007668
2020-21,DET 2020-21,-39.08960048298605,-4.5,-6.689240238703021,-8.20881610142707,0.17088813393988067,-0.00929135571007668
2020-21,GSW 2020-21,-15.02783995279458,1.1,-2.5773708823903267,-3.1558463900868614,0.17088813393988067,-0.00929135571007668
2020-21,HOU 2020-21,-30.081044941613627,-7.9,-5.149784992744116,-6.317019437738861,0.17088813393988067,-0.00929135571007668
2020-21,IND 2020-21,15.061573646746822,0.0,2.5645528589805715,3.1629304658168325,0.17088813393988067,-0.00929135571007668
2020-21,LAC 2020-21,1.144210853670529,6.2,0.1862407019074379,0.2402842792708111,0.17088813393988067,-0.00929135571007668
2020-21,LAL 2020-21,1.2403259980296326,2.8,0.20266563957032735,0.26046845958622283,0.17088813393988067,-0.00929135571007668
2020-21,MEM 2020-21,1.248078406047043,1.0,0.20399043410996315,0.262096465269879,0.17088813393988067,-0.00929135571007668
2020-21,MIA 2020-21,12.30763645224961,0.0,2.0939376708253126,2.584603654972418,0.17088813393988067,-0.00929135571007668
2020-21,MIL 2020-21,24.972308457729767,5.9,4.258179836802463,5.244184776123251,0.17088813393988067,-0.00929135571007668
2020-21,MIN 2020-21,-3.5023917336788912,-5.6,-0.6078085434049258,-0.7355022640725671,0.17088813393988067,-0.00929135571007668
2020-21,NOP 2020-21,-3.543449343557043,-0.3,-0.6148248017410349,-0.7441243621469791,0.17088813393988067,-0.00929135571007668
2020-21,NYK 2020-21,-28.359232353265995,2.3,-4.855547652527194,-5.955438794185858,0.17088813393988067,-0.00929135571007668
2020-21,OKC 2020-21,-41.08528648851541,-10.6,-7.030279296117867,-8.627910162588236,0.17088813393988067,-0.00929135571007668
2020-21,ORL 2020-21,-36.85366511801632,-9.3,-6.307145416573158,-7.7392696747834275,0.17088813393988067,-0.00929135571007668
2020-21,PHI 2020-21,24.128701864091013,5.6,4.114017480236157,5.067027391459113,0.17088813393988067,-0.00929135571007668
2020-21,PHX 2020-21,17.915937279752498,5.8,3.0523297338107698,3.7623468287480244,0.17088813393988067,-0.00929135571007668
2020-21,POR 2020-21,11.019775909440554,1.8,1.8738575858898712,2.3141529409825163,0.17088813393988067,-0.00929135571007668
2020-21,SAC 2020-21,3.983614396084732,-3.7,0.6714610747728879,0.8365590231777936,0.17088813393988067,-0.00929135571007668
2020-21,SAS 2020-21,0.1901287193754086,-1.7,0.02319938635236613,0.03992703106883581,0.17088813393988067,-0.00929135571007668
2020-21,TOR 2020-21,-2.9053913681533032,-0.5,-0.5057882649788316,-0.6101321873121937,0.17088813393988067,-0.00929135571007668
2020-21,UTA 2020-21,19.74541102882576,9.3,3.3649650888818967,4.146536316053409,0.17088813393988067,-0.00929135571007668
2020-21,WAS 2020-21,-2.2350799065464884,-1.8,-0.39123999014632893,-0.46936678037476254,0.17088813393988067,-0.00929135571007668
2021-22,ATL 2021-22,15.177816682488,1.6,2.6068772568563428,3.18734150332248,0.17226845522001571,-0.007781776648448798
2021-22,BOS 2021-22,19.363463247374582,7.3,3.3279321246863196,4.066327281948662,0.17226845522001571,-0.007781776648448798
2021-22,BKN 2021-22,3.4215798018662724,0.8,0.5816484902310614,0.7185317583919172,0.17226845522001571,-0.007781776648448798
2021-22,CHA 2021-22,11.668469611761296,0.4,2.0023274581513664,2.450378618469872,0.17226845522001571,-0.007781776648448798
2021-22,CHI 2021-22,6.648025683811923,-0.4,1.13746333816482,1.3960853936005038,0.17226845522001571,-0.007781776648448798
2021-22,CLE 2021-22,-14.089312431081453,2.1,-2.4349258642630147,-2.958755610527105,0.17226845522001571,-0.007781776648448798
2021-22,DAL 2021-22,17.60660948117342,3.3,3.025281640335379,3.6973879910464182,0.17226845522001571,-0.007781776648448798
2021-22,DEN 2021-22,22.256462061492925,2.3,3.826304561347824,4.6738570329135145,0.17226845522001571,-0.007781776648448798
2021-22,DET 2021-22,-26.19378717248283,-7.7,-4.520145029213929,-5.5006953062213935,0.17226845522001571,-0.007781776648448798
2021-22,GSW 2021-22,5.4294676723572906,5.5,0.927544231935556,1.140188211195031,0.17226845522001571,-0.007781776648448798
2021-22,HOU 2021-22,-39.19848082187119,-8.5,-6.760443514803612,-8.231680972592951,0.17226845522001571,-0.007781776648448798
2021-22,IND 2021-22,-4.571297271828144,-3.5,-0.7952720960177555,-0.9599724270839103,0.17226845522001571,-0.007781776648448798
2021-22,LAC 2021-22,9.32983708507912,0.0,1.5994548454525457,1.959265787866615,0.17226845522001571,-0.007781776648448798
2021-22,LAL 2021-22,-13.25554465188661,-3.0,-2.291293976928896,-2.783664376896188,0.17226845522001571,-0.007781776648448798
2021-22,MEM 2021-22,16.450561704673973,5.7,2.826131075717285,3.4546179579815344,0.17226845522001571,-0.007781776648448798
2021-22,MIA 2021-22,1.7719225561479988,4.5,0.2974645848686685,0.3721037367910797,0.17226845522001571,-0.007781776648448798
2021-22,MIL 2021-22,23.809023874496106,3.4,4.093761986507468,4.999895013644182,0.17226845522001571,-0.007781776648448798
2021-22,MIN 2021-22,-5.77502966708677,2.6,-1.0026372162472483,-1.2127562300882215,0.17226845522001571,-0.007781776648448798
2021-22,NOP 2021-22,-4.662322366941353,-1.0,-0.810952848539163,-0.9790876970576842,0.17226845522001571,-0.007781776648448798
2021-22,NYK 2021-22,7.397485862648239,-0.1,1.2665716854218687,1.55347203115613,0.17226845522001571,-0.007781776648448798
2021-22,OKC 2021-22,-70.07069944677836,-8.1,-12.078752926530967,-14.714846883823455,0.17226845522001571,-0.007781776648448798
2021-22,ORL 2021-22,-42.313189785997466,-8.0,-7.29700961651358,-8.885769855059467,0.17226845522001571,-0.007781776648448798
2021-22,PHI 2021-22,29.76137114651509,2.6,5.119163655991253,6.2498879407681684,0.17226845522001571,-0.007781776648448798
2021-22,PHX 2021-22,26.967829990177805,7.5,4.637924636395493,5.6632442979373385,0.17226845522001571,-0.007781776648448798
2021-22,POR 2021-22,2.784240728601631,-8.9,0.4718550726284052,0.5846905530063425,0.17226845522001571,-0.007781776648448798
2021-22,SAC 2021-22,-0.6302334626188184,-5.5,-0.11635112168175417,-0.13234902714995186,0.17226845522001571,-0.007781776648448798
2021-22,SAS 2021-22,-4.742755267490338,0.1,-0.8248089000656018,-0.995978606172971,0.17226845522001571,-0.007781776648448798
2021-22,TOR 2021-22,-8.290936151539384,2.3,-1.4360485398019205,-1.7410965918232706,0.17226845522001571,-0.007781776648448798
2021-22,UTA 2021-22,22.77060643801981,6.0,3.914875418852169,4.78182735198416,0.17226845522001571,-0.007781776648448798
2021-22,WAS 2021-22,-8.821185131082629,-3.4,-1.5273937123898251,-1.852448877527352,0.17226845522001571,-0.007781776648448798
2022-23,ATL 2022-23,19.153874279956696,0.3,3.3099443897211316,4.022313598790906,0.17336998793559633,-0.01076256311488969
2022-23,BOS 2022-23,23.786476591649706,6.5,4.113098596609764,4.995160084246438,0.17336998793559633,-0.01076256311488969
2022-23,BKN 2022-23,1.235577028665162,0.9,0.2034494114382894,0.259471176019684,0.17336998793559633,-0.01076256311488969
2022-23,CHA 2022-23,3.6793428498167913,-6.2,0.6271250623687701,0.7726619984615262,0.17336998793559633,-0.01076256311488969
2022-23,CHI 2022-23,2.467522078635966,1.3,0.41703170988904525,0.5181796365135528,0.17336998793559633,-0.01076256311488969
2022-23,CLE 2022-23,14.321641268007127,5.4,2.4721802107374446,3.0075446662814964,0.17336998793559633,-0.01076256311488969
2022-23,DAL 2022-23,0.6918096995484433,0.1,0.10917647614955245,0.14528003690517308,0.17336998793559633,-0.01076256311488969
2022-23,DEN 2022-23,19.17937908560448,3.3,3.3143661575685877,4.027669607976941,0.17336998793559633,-0.01076256311488969
2022-23,DET 2022-23,-30.356781903194715,-8.2,-5.273717475435286,-6.37492419967089,0.17336998793559633,-0.01076256311488969
2022-23,GSW 2022-23,9.009353613164734,1.8,1.5511889641070014,1.8919642587645942,0.17336998793559633,-0.01076256311488969
2022-23,HOU 2022-23,-39.23297517655554,-7.9,-6.812582996151874,-8.238924787076664,0.17336998793559633,-0.01076256311488969
2022-23,IND 2022-23,-17.19684530081375,-3.2,-2.9921794254472855,-3.611337513170887,0.17336998793559633,-0.01076256311488969
2022-23,LAC 2022-23,0.7273037099641897,0.5,0.11533007230711634,0.15273377909247984,0.17336998793559633,-0.01076256311488969
2022-23,LAL 2022-23,1.0789004210521824,0.6,0.17628638986663697,0.2265690884209583,0.17336998793559633,-0.01076256311488969
2022-23,MEM 2022-23,8.294820548710646,3.9,1.4273103753430114,1.7419123152292357,0.17336998793559633,-0.01076256311488969
2022-23,MIA 2022-23,1.190386714211499,-0.3,0.19561476716665205,0.24998120998441478,0.17336998793559633,-0.01076256311488969
2022-23,MIL 2022-23,26.66522901752434,3.6,4.612187869953218,5.599698093680111,0.17336998793559633,-0.01076256311488969
2022-23,MIN 2022-23,20.750223116784568,0.0,3.586703368302983,4.357546854524759,0.17336998793559633,-0.01076256311488969
2022-23,NOP 2022-23,13.714279646458294,1.9,2.366881933736979,2.879998725756242,0.17336998793559633,-0.01076256311488969
2022-23,NYK 2022-23,20.90816442577965,2.9,3.6140856511379926,4.390714529413726,0.17336998793559633,-0.01076256311488969
2022-23,OKC 2022-23,-29.68047555836567,1.1,-5.156466252591508,-6.232899867256791,0.17336998793559633,-0.01076256311488969
2022-23,ORL 2022-23,-17.76365066730355,-2.6,-3.090446464997454,-3.7303666401337456,0.17336998793559633,-0.01076256311488969
2022-23,PHI 2022-23,13.022758127833455,4.3,2.2469928563957855,2.7347792068450256,0.17336998793559633,-0.01076256311488969
2022-23,PHX 2022-23,22.363533923595483,2.1,3.8664030434161587,4.696342123955051,0.17336998793559633,-0.01076256311488969
2022-23,POR 2022-23,-31.886558619378377,-4.0,-5.538934846264204,-6.696177310069459,0.17336998793559633,-0.01076256311488969
2022-23,SAC 2022-23,5.839264623746104,2.6,1.0015906742567267,1.2262455709866817,0.17336998793559633,-0.01076256311488969
2022-23,SAS 2022-23,-43.41285278811837,-10.0,-7.537248327240791,-9.116699085504857,0.17336998793559633,-0.01076256311488969
2022-23,TOR 2022-23,20.555435421394336,1.5,3.5529330279031757,4.316641438492811,0.17336998793559633,-0.01076256311488969
2022-23,UTA 2022-23,-39.203636265588656,-0.9,-6.807496509511502,-8.232763615773617,0.17336998793559633,-0.01076256311488969
2022-23,WAS 2022-23,0.0985000872146457,-1.2,0.006314395817168621,0.020685018315075597,0.17336998793559633,-0.01076256311488969
2023-24,ATL 2023-24,13.359843612113892,-2.2,2.2736191918722026,2.805567158543917,0.1701717200988719,0.00015162414685585058
2023-24,BOS 2023-24,26.999601180120425,11.3,4.594720198951481,5.669916247825289,0.1701717200988719,0.00015162414685585058
2023-24,BKN 2023-24,1.2567563027144075,-2.9,0.21401600592486514,0.26391882357002555,0.1701717200988719,0.00015162414685585058
2023-24,CHA 2023-24,-21.764153054763824,-10.2,-3.703491737677422,-4.570472141500403,0.1701717200988719,0.00015162414685585058
2023-24,CHI 2023-24,4.951024402829759,-1.4,0.842675963027886,1.0397151245942493,0.1701717200988719,0.00015162414685585058
2023-24,CLE 2023-24,19.666167805616382,2.4,3.346777227381653,4.12989523917944,0.1701717200988719,0.00015162414685585058
2023-24,DAL 2023-24,2.520598769925371,2.2,0.42908625250415694,0.5293257416843279,0.1701717200988719,0.00015162414685585058
2023-24,DEN 2023-24,19.11123940381225,5.3,3.2523441067149252,4.013360274800572,0.1701717200988719,0.00015162414685585058
2023-24,DET 2023-24,-46.06475455855973,-9.1,-7.8387668950156035,-9.673598457297542,0.1701717200988719,0.00015162414685585058
2023-24,GSW 2023-24,-6.06159772964557,2.6,-1.0313608880543474,-1.2729355232255697,0.1701717200988719,0.00015162414685585058
2023-24,HOU 2023-24,-11.81586795531284,1.1,-2.010574950269871,-2.481332270615696,0.1701717200988719,0.00015162414685585058
2023-24,IND 2023-24,10.930070320194872,3.0,1.8601404913360449,2.295314767240923,0.1701717200988719,0.00015162414685585058
2023-24,LAC 2023-24,-3.807899199103744,3.3,-0.647845132527745,-0.7996588318117862,0.1701717200988719,0.00015162414685585058
2023-24,LAL 2023-24,0.5182319593272524,0.6,0.08834004807578302,0.108828711458723,0.1701717200988719,0.00015162414685585058
2023-24,MEM 2023-24,-5.334672623364781,-7.0,-0.9076587923354904,-1.120281250906604,0.1701717200988719,0.00015162414685585058
2023-24,MIA 2023-24,-10.735010425872671,1.8,-1.8266435653032203,-2.254352189433261,0.1701717200988719,0.00015162414685585058
2023-24,MIL 2023-24,11.38806516777572,2.6,1.9380782623452983,2.391493685232901,0.1701717200988719,0.00015162414685585058
2023-24,MIN 2023-24,16.861427820068158,6.5,2.869489799610826,3.540899842214313,0.1701717200988719,0.00015162414685585058
2023-24,NOP 2023-24,8.4910155496528,4.4,1.4450823456175412,1.783113265427088,0.1701717200988719,0.00015162414685585058
2023-24,NYK 2023-24,13.332869125885608,4.6,2.2690288971519523,2.7999025164359774,0.1701717200988719,0.00015162414685585058
2023-24,OKC 2023-24,-13.884097319223926,7.4,-2.362529098685616,-2.9156604370370243,0.1701717200988719,0.00015162414685585058
2023-24,ORL 2023-24,-3.794696871826005,2.0,-0.6455984697855838,-0.796886343083461,0.1701717200988719,0.00015162414685585058
2023-24,PHI 2023-24,16.01723217647708,3.0,2.7258315748409583,3.3636187570601868,0.1701717200988719,0.00015162414685585058
2023-24,PHX 2023-24,1.0269388606517822,3.1,0.17490757650034536,0.21565716073687424,0.1701717200988719,0.00015162414685585058
2023-24,POR 2023-24,-31.670341928698832,-9.0,-5.389244937979249,-6.650771805026754,0.1701717200988719,0.00015162414685585058
2023-24,SAC 2023-24,24.37491910975909,1.7,4.148073536325424,5.118733013049409,0.1701717200988719,0.00015162414685585058
2023-24,SAS 2023-24,-19.90801506571516,-6.5,-3.3876295433401493,-4.180683163800183,0.1701717200988719,0.00015162414685585058
2023-24,TOR 2023-24,8.745315801796878,-6.4,1.4883570569464755,1.8365163183773443,0.1701717200988719,0.00015162414685585058
2023-24,UTA 2023-24,-20.62760029710489,-4.9,-3.510082599923485,-4.331796062392027,0.1701717200988719,0.00015162414685585058
2023-24,WAS 2023-24,-4.082610339530476,-9.3,-0.6945931998244846,-0.8573481713013998,0.1701717200988719,0.00015162414685585058
2024-25,ATL 2024-25,-0.1597286210886181,-1.1,-0.040518098081538105,-0.0335430104286098,0.16883833396849046,-0.013549783809851534
2024-25,BOS 2024-25,35.51712056465652,9.1,5.983101679684767,7.45859531857787,0.16883833396849046,-0.013549783809851534
2024-25,BKN 2024-25,-30.171755451806742,-7.1,-5.107698707197621,-6.336068644879416,0.16883833396849046,-0.013549783809851534
2024-25,CHA 2024-25,-19.367870961519955,-9.1,-3.283588849469586,-4.067252901919191,0.16883833396849046,-0.013549783809851534
2024-25,CHI 2024-25,9.93002167208789,-1.6,1.6630185315764716,2.0853045511384565,0.16883833396849046,-0.013549783809851534
2024-25,CLE 2024-25,5.60268979259277,9.5,0.9323990265137791,1.1765648564444817,0.16883833396849046,-0.013549783809851534
2024-25,DAL 2024-25,1.6114379395975789,-1.2,0.25852271320542064,0.33840196731549155,0.16883833396849046,-0.013549783809851534
2024-25,DEN 2024-25,23.086705399145103,3.9,3.8843710926031614,4.848208133820472,0.16883833396849046,-0.013549783809851534
2024-25,DET 2024-25,-4.894128086884166,1.9,-0.8398662162277696,-1.027766898245675,0.16883833396849046,-0.013549783809851534
2024-25,GSW 2024-25,13.946015884521556,3.3,2.3410723036308716,2.9286633357495266,0.16883833396849046,-0.013549783809851534
2024-25,HOU 2024-25,14.454370331339137,4.5,2.4269020214970256,3.0354177695812186,0.16883833396849046,-0.013549783809851534
2024-25,IND 2024-25,25.14941696275386,2.2,4.232635876460403,5.281377562178311,0.16883833396849046,-0.013549783809851534
2024-25,LAC 2024-25,0.2768391380889738,4.7,0.033191275042363674,0.0581362189986845,0.16883833396849046,-0.013549783809851534
2024-25,LAL 2024-25,1.0269754465798826,1.2,0.15984303961724233,0.21566484378177533,0.16883833396849046,-0.013549783809851534
2024-25,MEM 2024-25,-31.30604759595309,4.9,-5.299210703048837,-6.574269995150148,0.16883833396849046,-0.013549783809851534
2024-25,MIA 2024-25,-3.152979840984329,0.6,-0.5458936471978816,-0.6621257666067091,0.16883833396849046,-0.013549783809851534
2024-25,MIL 2024-25,6.632169524369203,2.5,1.1062146692812407,1.3927556001175327,0.16883833396849046,-0.013549783809851534
2024-25,MIN 2024-25,15.709655429085416,5.0,2.638842266055981,3.299027640107937,0.16883833396849046,-0.013549783809851534
2024-25,NOP 2024-25,1.6844846484468403,-9.4,0.2708557978294113,0.35374177617383645,0.16883833396849046,-0.013549783809851534
2024-25,NYK 2024-25,8.553641254991064,4.1,1.4306327550469875,1.7962646635481232,0.16883833396849046,-0.013549783809851534
2024-25,OKC 2024-25,43.26437581222032,12.9,7.291135348512084,9.085518920566267,0.16883833396849046,-0.013549783809851534
2024-25,ORL 2024-25,5.187229661894406,-0.1,0.8622534302163362,1.0893182289978254,0.16883833396849046,-0.013549783809851534
2024-25,PHI 2024-25,-29.70079703195165,-6.2,-5.028182872220855,-6.237167376709847,0.16883833396849046,-0.013549783809851534
2024-25,PHX 2024-25,-1.5020405410526223,-3.0,-0.2671518063143063,-0.3154285136210507,0.16883833396849046,-0.013549783809851534
2024-25,POR 2024-25,-20.656814880349543,-3.0,-3.501211993303591,-4.337931124873404,0.16883833396849046,-0.013549783809851534
2024-25,SAC 2024-25,16.965099335789446,0.5,2.850809323654783,3.5626708605157837,0.16883833396849046,-0.013549783809851534
2024-25,SAS 2024-25,-3.710641776654924,-2.8,-0.6400483593341483,-0.779234773097534,0.16883833396849046,-0.013549783809851534
2024-25,TOR 2024-25,-15.412347116911604,-4.3,-2.615744793573274,-3.236592894551437,0.16883833396849046,-0.013549783809851534
2024-25,UTA 2024-25,-20.468358693202877,-9.3,-3.4693933646396937,-4.298355325572604,0.16883833396849046,-0.013549783809851534
2024-25,WAS 2024-25,-48.09473819980062,-12.4,-8.133785254114905,-10.09989502195813,0.16883833396849046,-0.013549783809851534
2025-26,ATL 2025-26,7.361596554994975,2.4,1.2583560058878693,1.5459352765489447,0.17196598713346908,-0.007588212570187039
2025-26,BOS 2025-26,28.63430754449297,7.7,4.916538750201887,6.013204584343524,0.17196598713346908,-0.007588212570187039
2025-26,BKN 2025-26,-62.71467479092171,-10.0,-10.792379170745528,-13.170081706093558,0.17196598713346908,-0.007588212570187039
2025-26,CHA 2025-26,-36.08998393341514,4.8,-6.213837925310961,-7.57889662601718,0.17196598713346908,-0.007588212570187039
2025-26,CHI 2025-26,17.394315255949266,-5.2,2.9836423809298895,3.652806203749346,0.17196598713346908,-0.007588212570187039
2025-26,CLE 2025-26,27.98837199357536,4.1,4.805459805563739,5.877558118650826,0.17196598713346908,-0.007588212570187039
2025-26,DAL 2025-26,-28.16745469563756,-5.5,-4.851432364342769,-5.915165486083887,0.17196598713346908,-0.007588212570187039
2025-26,DEN 2025-26,16.49921349024075,5.1,2.829715322204913,3.464834832950557,0.17196598713346908,-0.007588212570187039
2025-26,DET 2025-26,5.914573269345794,8.2,1.009517218166092,1.2420603865626167,0.17196598713346908,-0.007588212570187039
2025-26,GSW 2025-26,9.95659050116592,-0.6,1.704606701446532,2.090884005244843,0.17196598713346908,-0.007588212570187039
2025-26,HOU 2025-26,15.353056113953286,5.2,2.6326152375813328,3.22414178393019,0.17196598713346908,-0.007588212570187039
2025-26,IND 2025-26,-8.747322332524277,-8.0,-1.5118301322573635,-1.8369376898300982,0.17196598713346908,-0.007588212570187039
2025-26,LAC 2025-26,0.5088636225924859,1.1,0.07991902260524286,0.10686136074442203,0.17196598713346908,-0.007588212570187039
2025-26,LAL 2025-26,16.774174346936135,1.8,2.8769992373495996,3.522576612856588,0.17196598713346908,-0.007588212570187039
2025-26,MEM 2025-26,-10.60112252452555,-6.0,-1.830620712223077,-2.2262357301503655,0.17196598713346908,-0.007588212570187039
2025-26,MIA 2025-26,6.956072832046971,2.3,1.1886197185650762,1.4607752947298638,0.17196598713346908,-0.007588212570187039
2025-26,MIL 2025-26,4.487302186620525,-6.2,0.7640751375181858,0.9423334591903102,0.17196598713346908,-0.007588212570187039
2025-26,MIN 2025-26,28.293469209293814,3.4,4.8579261494364365,5.941628533951701,0.17196598713346908,-0.007588212570187039
2025-26,NOP 2025-26,-26.85733581226819,-4.5,-4.626136477301957,-5.64004052057632,0.17196598713346908,-0.007588212570187039
2025-26,NYK 2025-26,18.971166844904477,6.3,3.254807220987552,3.98394503742994,0.17196598713346908,-0.007588212570187039
2025-26,OKC 2025-26,51.90260900527531,11.1,8.917895179824463,10.899547891107815,0.17196598713346908,-0.007588212570187039
2025-26,ORL 2025-26,8.13399551239391,0.6,1.3911823550578393,1.708139057602721,0.17196598713346908,-0.007588212570187039
2025-26,PHI 2025-26,-28.142963889670227,-0.2,-4.847220778718903,-5.910022416830747,0.17196598713346908,-0.007588212570187039
2025-26,PHX 2025-26,2.5140790328051423,1.5,0.4247478700377065,0.5279565968890799,0.17196598713346908,-0.007588212570187039
2025-26,POR 2025-26,-6.495457573870951,-0.3,-1.1245859861444731,-1.3640460905128997,0.17196598713346908,-0.007588212570187039
2025-26,SAC 2025-26,-7.642289595668132,-10.0,-1.3218020868490974,-1.6048808150903076,0.17196598713346908,-0.007588212570187039
2025-26,SAS 2025-26,1.794822759435391,8.3,0.30106025498573685,0.3769127794814321,0.17196598713346908,-0.007588212570187039
2025-26,TOR 2025-26,0.5682570409089465,2.8,0.09013267041526407,0.11933397859087876,0.17196598713346908,-0.007588212570187039
2025-26,UTA 2025-26,-30.541006670888493,-8.4,-5.259602572779391,-6.413611400886583,0.17196598713346908,-0.007588212570187039
2025-26,WAS 2025-26,-24.007225297542163,-12.0,-4.1360144091976165,-5.041517312483854,0.17196598713346908,-0.007588212570187039
