LeagueID,SeasonID,TeamID,TeamCity,TeamName,TeamSlug,Conference,ConferenceRecord,PlayoffRank,ClinchIndicator,Division,DivisionRecord,DivisionRank,WINS,LOSSES,WinPCT,LeagueRank,Record,HOME,ROAD,L10,Last10Home,Last10Road,OT,ThreePTSOrLess,TenPTSOrMore,LongHomeStreak,strLongHomeStreak,LongRoadStreak,strLongRoadStreak,LongWinStreak,LongLossStreak,CurrentHomeStreak,strCurrentHomeStreak,CurrentRoadStreak,strCurrentRoadStreak,CurrentStreak,strCurrentStreak,ConferenceGamesBack,DivisionGamesBack,ClinchedConferenceTitle,ClinchedDivisionTitle,ClinchedPlayoffBirth,ClinchedPlayIn,EliminatedConference,EliminatedDivision,AheadAtHalf,BehindAtHalf,TiedAtHalf,AheadAtThird,BehindAtThird,TiedAtThird,Score100PTS,OppScore100PTS,OppOver500,LeadInFGPCT,LeadInReb,FewerTurnovers,PointsPG,OppPointsPG,DiffPointsPG,vsEast,vsAtlantic,vsCentral,vsSoutheast,vsWest,vsNorthwest,vsPacific,vsSouthwest,Jan,Feb,Mar,Apr,May,Jun,Jul,Aug,Sep,Oct,Nov,Dec,Score_80_Plus,Opp_Score_80_Plus,Score_Below_80,Opp_Score_Below_80,TotalPoints,OppTotalPoints,DiffTotalPoints,LeagueGamesBack,PlayoffSeeding,ClinchedPostSeason,NEUTRAL,season
0,22010,1610612741,Chicago,Bulls,bulls,East,39-13,1, - e,Central,15-1,1,62,20,0.756,0,62-20,36-5,26-15,9-1,9-1,9-1,3-2,9-5,31-5,14,W 14,7,W 7,9,2,4,W 4,7,W 7,9,W 9,0.0,0.0,1,1,1,,0,0,45-6,15-13,2-1,50-3,11-16,1-1,25-5,4-13,26-11,49-5,51-13,31-6,98.6,91.3,7.3,39-13,10-8,15-1,14-4,23-7,7-3,7-3,9-1,12-4,8-3,13-3,8-0,,,,,,1-1,8-5,12-4,62-19,50-20,0-1,12-0,8087,7487,600,,,,,2010-11
0,22010,1610612759,San Antonio,Spurs,spurs,West,38-14,1, - w,Southwest,10-6,1,61,21,0.744,0,61-21,36-5,25-16,4-6,7-3,3-7,3-1,7-4,32-9,22,W 22,8,W 8,12,6,3,W 3,-2,L 2,-2,L 2,0.0,0.0,1,1,1,,0,0,46-5,13-13,2-3,51-3,10-17,0-1,46-7,19-14,26-18,51-3,31-6,28-9,103.7,98.0,5.7,23-7,6-4,9-1,8-2,38-14,14-4,14-4,10-6,12-3,9-3,8-8,4-3,,,,,,1-1,14-1,13-2,61-19,59-20,0-2,2-1,8502,8034,468,,,,,2010-11
0,22010,1610612747,Los Angeles,Lakers,lakers,West,36-16,2, - p,Pacific,12-4,1,57,25,0.695,0,57-25,30-11,27-14,5-5,7-3,7-3,4-0,4-4,30-9,10,W 10,5,W 5,9,5,1,W 1,1,W 1,2,W 2,4.0,0.0,0,1,1,,0,0,41-9,15-15,1-1,49-5,7-18,1-2,41-4,14-11,31-15,47-4,33-10,32-9,101.5,95.4,6.1,21-9,9-1,6-4,6-4,36-16,12-6,12-4,12-6,10-5,9-4,12-1,3-5,,,,,,3-0,10-5,10-5,57-23,55-25,0-2,2-0,8321,7820,501,,,,,2010-11
0,22010,1610612748,Miami,Heat,heat,East,38-14,2, - se,Southeast,13-3,1,58,24,0.707,0,58-24,30-11,28-13,8-2,8-2,7-3,2-2,2-8,35-6,7,W 7,13,W 13,12,5,2,W 2,5,W 5,4,W 4,4.0,0.0,0,1,1,,0,0,46-9,11-15,1-0,46-6,10-16,2-2,41-4,13-9,23-19,54-5,41-6,26-10,102.1,94.6,7.5,38-14,13-5,12-6,13-3,20-10,6-4,9-1,5-5,9-5,9-3,9-6,6-1,,,,,,3-1,7-7,15-1,58-23,50-24,0-1,8-0,8369,7757,612,,,,,2010-11
0,22010,1610612738,Boston,Celtics,celtics,East,37-15,3, - a,Atlantic,13-3,1,56,26,0.683,0,56-26,33-8,23-18,5-5,7-3,4-6,3-1,8-8,30-7,8,W 8,6,W 6,14,2,4,W 4,-4,L 4,1,W 1,6.0,0.0,0,1,1,,0,0,36-10,15-16,5-0,46-8,7-16,3-2,30-4,15-7,24-15,52-10,28-7,32-12,96.5,91.1,5.4,37-15,13-3,13-5,11-7,19-11,8-2,7-3,4-6,12-4,7-4,9-7,4-4,,,,,,2-1,11-3,11-3,56-19,50-26,0-7,6-0,7913,7473,440,,,,,2010-11
0,22010,1610612742,Dallas,Mavericks,mavericks,West,35-17,3, - x,Southwest,8-8,2,57,25,0.695,0,57-25,29-12,28-13,6-4,6-4,5-5,1-0,10-6,22-8,9,W 9,8,W 8,12,6,3,W 3,1,W 1,4,W 4,4.0,4.0,0,0,1,,0,0,38-9,18-15,1-1,41-6,12-18,4-1,43-4,16-12,27-17,44-10,37-9,27-6,100.2,96.0,4.2,22-8,9-1,4-6,9-1,35-17,12-6,15-3,8-8,8-8,11-1,10-6,4-3,,,,,,2-1,11-3,11-3,57-22,55-25,0-3,2-0,8220,7873,347,,,,,2010-11
0,22010,1610612753,Orlando,Magic,magic,East,36-16,4, - x,Southeast,11-5,2,52,30,0.634,0,52-30,29-12,23-18,6-4,7-3,6-4,3-3,6-7,33-9,8,W 8,3,W 3,9,4,1,W 1,2,W 2,2,W 2,10.0,6.0,0,0,1,,0,0,37-8,15-21,0-1,43-5,9-23,0-2,31-8,8-16,19-21,46-6,34-13,18-11,99.2,93.7,5.5,36-16,12-6,13-5,11-5,16-14,4-6,7-3,5-5,10-6,7-4,9-6,5-2,,,,,,1-1,12-3,8-8,51-28,42-30,1-2,10-0,8135,7687,448,,,,,2010-11
0,22010,1610612760,Oklahoma City,Thunder,thunder,West,33-19,4, - nw,Northwest,13-3,1,55,27,0.671,0,55-27,30-11,25-16,7-3,8-2,8-2,8-2,10-5,22-8,6,W 6,5,W 5,6,3,-1,L 1,3,W 3,-1,L 1,6.0,0.0,0,1,1,,0,0,40-7,14-17,1-3,43-6,11-19,1-2,44-10,27-19,24-17,42-8,37-11,31-10,104.8,101.0,3.8,22-8,6-4,8-2,8-2,33-19,13-3,12-6,8-10,7-6,6-5,14-2,5-3,,,,,,2-1,10-5,11-5,55-26,53-27,0-1,2-0,8596,8285,311,,,,,2010-11
0,22010,1610612737,Atlanta,Hawks,hawks,East,31-21,5, - x,Southeast,9-7,3,44,38,0.537,0,44-38,24-17,20-21,4-6,5-5,3-7,1-1,7-1,21-21,10,W 10,6,W 6,6,6,-2,L 2,-4,L 4,-6,L 6,18.0,14.0,0,0,1,,0,0,34-10,10-27,0-1,37-5,6-32,1-1,22-7,10-24,14-26,34-3,31-6,16-12,95.0,95.8,-0.8,31-21,10-8,12-6,9-7,13-17,5-5,6-4,2-8,9-4,6-6,7-8,1-6,,,,,,3-0,8-7,10-7,44-33,40-38,0-5,4-0,7790,7857,-67,,,,,2010-11
0,22010,1610612743,Denver,Nuggets,nuggets,West,30-22,5, - x,Northwest,9-7,2,50,32,0.61,0,50-32,33-8,17-24,7-3,9-1,6-4,0-1,7-8,29-10,10,W 10,-4,L 4,7,3,2,W 2,-2,L 2,-1,L 1,11.0,5.0,0,0,1,,0,0,35-8,12-24,3-0,39-7,7-24,4-1,44-14,26-27,22-19,40-5,33-7,25-10,107.5,102.7,4.8,20-10,5-5,8-2,7-3,30-22,9-7,12-6,9-9,10-7,7-6,10-3,5-3,,,,,,2-1,8-5,8-7,50-32,48-32,0-0,2-0,8811,8421,390,,,,,2010-11
0,22010,1610612752,New York,Knicks,knicks,East,28-24,6, - x,Atlantic,10-6,2,42,40,0.512,0,42-40,23-18,19-22,7-3,5-5,4-6,2-1,4-5,18-14,4,W 4,8,W 8,8,6,-1,L 1,-1,L 1,-2,L 2,20.0,14.0,0,0,1,,0,0,32-12,8-25,2-3,35-9,5-29,2-2,35-18,22-36,19-22,33-4,17-9,25-20,106.5,105.7,0.8,28-24,10-6,8-10,10-8,14-16,5-5,4-6,5-5,7-8,5-5,7-11,5-2,,,,,,1-2,9-7,8-5,42-40,41-40,0-0,1-0,8734,8670,64,,,,,2010-11
0,22010,1610612757,Portland,Trail Blazers,blazers,West,30-22,6, - x,Northwest,10-6,3,48,34,0.585,0,48-34,30-11,18-23,6-4,9-1,4-6,2-3,7-4,19-15,8,W 8,7,W 7,6,6,2,W 2,-1,L 1,-1,L 1,13.0,7.0,0,0,1,,0,0,32-13,13-19,3-2,34-13,10-21,4-0,30-6,10-17,24-22,34-3,22-12,40-19,96.3,94.8,1.5,18-12,5-5,8-2,5-5,30-22,10-6,10-8,10-8,8-6,8-4,10-6,5-2,,,,,,3-0,5-9,9-7,48-27,43-34,0-7,5-0,7896,7771,125,,,,,2010-11
0,22010,1610612740,New Orleans,Hornets,hornets,West,27-25,7, - x,Southwest,9-7,3,46,36,0.561,0,46-36,28-13,18-23,5-5,6-4,4-6,4-2,8-6,16-17,7,W 7,-7,L 7,10,4,-1,L 1,-3,L 3,-3,L 3,15.0,15.0,0,0,1,,0,0,30-14,12-20,4-2,34-11,7-25,5-0,18-5,7-22,24-22,35-6,24-14,31-18,94.9,94.0,0.9,19-11,4-6,6-4,9-1,27-25,9-9,9-9,9-7,12-4,4-8,8-6,3-4,,,,,,3-0,9-5,7-9,45-33,38-36,1-3,8-0,7784,7711,73,,,,,2010-11
0,22010,1610612755,Philadelphia,76ers,sixers,East,25-27,7, - x,Atlantic,9-7,3,41,41,0.5,0,41-41,26-15,15-26,4-6,5-5,4-6,2-8,3-8,26-13,5,W 5,-8,L 8,4,5,-2,L 2,-2,L 2,-2,L 2,21.0,15.0,0,0,1,,0,0,30-10,9-28,2-3,34-9,5-31,2-1,27-14,6-25,16-25,36-10,22-17,28-21,99.0,97.5,1.5,25-27,9-7,9-9,7-11,16-14,6-4,6-4,4-6,8-6,9-3,9-7,2-5,,,,,,0-3,5-10,8-7,40-38,35-41,1-3,6-0,8119,7996,123,,,,,2010-11
0,22010,1610612754,Indiana,Pacers,pacers,East,28-24,8, - x,Central,9-7,2,37,45,0.451,0,37-45,24-17,13-28,5-5,7-3,3-7,1-3,7-6,19-28,5,W 5,-9,L 9,4,6,-1,L 1,-3,L 3,-2,L 2,25.0,25.0,0,0,1,1.0,0,0,29-10,4-33,4-2,33-11,4-33,0-1,30-12,15-30,12-31,32-9,28-19,15-11,99.8,100.9,-1.1,28-24,10-8,9-7,9-9,9-21,3-7,4-6,2-8,4-10,8-5,8-10,3-3,,,,,,2-1,7-6,5-10,37-40,36-45,0-5,1-0,8183,8271,-88,,,,,2010-11
0,22010,1610612763,Memphis,Grizzlies,grizzlies,West,30-22,8, - x,Southwest,8-8,4,46,36,0.561,0,46-36,30-11,16-25,6-4,8-2,4-6,2-5,9-10,23-12,6,W 6,-6,L 6,5,5,2,W 2,-2,L 2,-2,L 2,15.0,15.0,0,0,1,1.0,0,0,32-8,13-26,1-2,36-8,9-25,1-3,33-14,9-22,23-24,37-11,32-16,37-19,99.9,97.6,2.3,16-14,5-5,7-3,4-6,30-22,11-7,11-7,8-8,11-6,8-4,9-5,4-3,,,,,,2-1,6-9,6-8,46-35,43-36,0-1,3-0,8195,8003,192,,,,,2010-11
0,22010,1610612745,Houston,Rockets,rockets,West,25-27,9, - o,Southwest,5-11,5,43,39,0.524,0,43-39,25-16,18-23,5-5,8-2,5-5,2-6,7-8,21-11,8,W 8,6,W 6,5,5,-1,L 1,1,W 1,1,W 1,18.0,18.0,0,0,0,,1,1,31-14,10-24,2-1,35-10,7-26,1-3,31-23,19-34,18-29,28-4,30-9,18-20,105.9,103.7,2.2,18-12,7-3,7-3,4-6,25-27,9-9,11-7,5-11,6-11,8-4,9-5,4-3,,,,,,0-3,5-9,11-4,43-39,40-39,0-0,3-0,8685,8506,179,,,,,2010-11
0,22010,1610612749,Milwaukee,Bucks,bucks,East,26-26,9, - o,Central,6-10,3,35,47,0.427,0,35-47,22-19,13-28,6-4,7-3,4-6,3-3,3-8,16-21,3,W 3,-6,L 6,3,5,3,W 3,1,W 1,3,W 3,27.0,27.0,0,0,0,,1,1,26-13,8-30,1-4,24-8,7-38,4-1,17-4,4-16,15-30,26-6,22-17,22-28,91.9,92.7,-0.8,26-26,12-6,6-10,8-10,9-21,2-8,4-6,3-7,7-9,3-9,8-8,5-3,,,,,,1-2,5-9,6-7,34-38,28-46,1-9,7-1,7534,7603,-69,,,,,2010-11
0,22010,1610612756,Phoenix,Suns,suns,West,23-29,10, - o,Pacific,9-7,2,40,42,0.488,0,40-42,23-18,17-24,4-6,5-5,2-8,5-4,7-6,15-18,3,W 3,5,W 5,5,4,3,W 3,-2,L 2,2,W 2,21.0,17.0,0,0,0,,1,1,24-10,14-31,2-1,30-11,7-31,3-0,36-17,21-35,14-29,28-9,17-4,18-17,105.0,105.9,-0.9,17-13,6-4,7-3,4-6,23-29,9-9,9-7,5-13,8-7,9-3,5-11,4-4,,,,,,1-2,7-7,6-8,40-41,37-41,0-1,3-1,8611,8684,-73,,,,,2010-11
0,22010,1610612766,Charlotte,Bobcats,bobcats,East,22-30,10, - pi,Southeast,4-12,4,34,48,0.415,0,34-48,21-20,13-28,4-6,5-5,3-7,3-2,11-7,9-24,-4,L 4,-9,L 9,4,6,1,W 1,1,W 1,2,W 2,28.0,24.0,0,0,0,1.0,1,1,22-6,9-41,3-1,21-4,10-43,3-1,16-7,9-22,11-29,30-9,18-18,15-16,93.3,97.3,-4.0,22-30,11-7,7-11,4-12,12-18,4-6,6-4,2-8,9-7,6-6,6-9,2-6,,,,,,0-3,6-8,5-9,34-41,34-48,0-7,0-0,7650,7978,-328,,,,,2010-11
0,22010,1610612762,Utah,Jazz,jazz,West,21-31,11, - o,Northwest,7-9,4,39,43,0.476,0,39-43,21-20,18-23,3-7,4-6,3-7,5-2,6-4,16-24,-7,L 7,6,W 6,7,8,1,W 1,1,W 1,2,W 2,22.0,16.0,0,0,0,,1,1,24-7,15-34,0-2,25-5,11-35,3-3,27-15,13-31,15-31,32-12,17-14,23-11,99.4,101.3,-1.8,18-12,5-5,7-3,6-4,21-31,7-9,9-9,5-13,7-9,3-9,4-10,3-4,,,,,,1-2,13-3,8-6,39-40,37-43,0-3,2-0,8153,8303,-150,,,,,2010-11
0,22010,1610612765,Detroit,Pistons,pistons,East,22-30,11, - o,Central,7-9,4,30,52,0.366,0,30-52,21-20,9-32,5-5,6-4,2-8,5-2,3-7,13-27,-4,L 4,-11,L 11,3,5,-1,L 1,2,W 2,1,W 1,32.0,32.0,0,0,0,,1,1,22-18,8-33,0-1,22-10,7-41,1-1,25-15,12-36,9-31,22-10,18-18,21-25,97.0,100.6,-3.6,22-30,9-9,7-9,6-12,8-22,1-9,5-5,2-8,6-9,5-8,4-9,4-4,,,,,,0-3,6-9,5-10,29-45,28-52,1-7,2-0,7951,8246,-295,,,,,2010-11
0,22010,1610612744,Golden State,Warriors,warriors,West,21-31,12, - pi,Pacific,5-11,3,36,46,0.439,0,36-46,26-15,10-31,6-4,7-3,1-9,3-3,4-4,14-24,5,W 5,-8,L 8,4,7,1,W 1,-1,L 1,1,W 1,25.0,21.0,0,0,0,1.0,1,1,24-10,9-34,3-2,29-7,6-37,1-2,30-23,17-42,15-28,28-10,14-10,23-23,103.4,105.7,-2.3,15-15,5-5,6-4,4-6,21-31,11-7,5-11,5-13,7-8,6-5,6-12,4-2,,,,,,2-1,6-9,5-9,36-43,34-45,0-3,2-1,8477,8668,-191,,,,,2010-11
0,22010,1610612751,New Jersey,Nets,nets,East,13-39,12, - o,Atlantic,3-13,4,24,58,0.293,0,24-58,19-22,5-36,1-9,4-6,1-9,5-4,7-7,4-34,5,W 5,-12,L 12,5,8,-2,L 2,-7,L 7,-5,L 5,38.0,32.0,0,0,0,,1,1,12-17,10-40,2-1,13-7,8-47,3-4,13-11,7-35,11-34,16-10,16-20,8-13,94.2,100.4,-6.2,13-39,3-13,6-12,4-14,11-19,4-6,4-6,3-7,6-10,2-9,6-8,1-7,,,,,,2-1,4-11,3-12,24-53,22-58,0-5,2-0,7722,8234,-512,,,,,2010-11
0,22010,1610612746,Los Angeles,Clippers,clippers,West,19-33,13, - o,Pacific,7-9,4,32,50,0.39,0,32-50,23-18,9-32,4-6,7-3,3-7,1-4,4-5,9-24,9,W 9,-11,L 11,4,9,2,W 2,-3,L 3,1,W 1,29.0,25.0,0,0,0,,1,1,25-16,7-32,0-2,26-7,5-42,1-1,23-14,11-37,14-31,29-14,23-25,10-11,98.6,101.8,-3.1,13-17,3-7,5-5,5-5,19-33,7-11,7-9,5-13,9-5,2-12,8-6,3-4,,,,,,0-3,3-12,7-8,32-47,32-50,0-3,0-0,8089,8346,-257,,,,,2010-11
0,22010,1610612764,Washington,Wizards,wizards,East,16-36,13, - o,Southeast,3-13,5,23,59,0.28,0,23-59,20-21,3-38,6-4,6-4,2-8,5-3,8-2,7-36,-5,L 5,-25,L 25,3,8,4,W 4,-3,L 3,-1,L 1,39.0,35.0,0,0,0,,1,1,13-12,9-46,1-1,17-6,5-51,1-2,14-17,7-47,4-34,15-10,13-15,11-25,97.3,104.7,-7.4,16-36,8-10,5-13,3-13,7-23,4-6,1-9,2-8,5-11,2-10,3-12,5-3,,,,,,0-2,5-9,3-12,23-54,20-59,0-5,3-0,7977,8584,-607,,,,,2010-11
0,22010,1610612758,Sacramento,Kings,kings,West,15-37,14, - o,Pacific,7-9,5,24,58,0.293,0,24-58,11-30,13-28,4-6,3-7,6-4,1-6,8-8,7-23,-5,L 5,-12,L 12,4,8,-2,L 2,1,W 1,-2,L 2,37.0,33.0,0,0,0,,0,0,12-15,12-39,0-4,16-11,8-42,0-5,19-23,11-45,13-39,20-5,22-30,9-19,99.4,104.7,-5.3,9-21,4-6,3-7,2-8,15-37,5-13,7-9,3-15,6-10,3-10,6-10,3-5,,,,,,2-1,2-11,2-11,24-56,24-57,0-2,0-1,8151,8589,-438,,,,,2010-11
0,22010,1610612761,Toronto,Raptors,raptors,East,14-38,14, - o,Atlantic,5-11,5,22,60,0.268,0,22-60,16-25,6-35,2-8,5-5,1-9,0-2,2-7,8-30,-5,L 5,-14,L 14,4,13,-1,L 1,-8,L 8,-2,L 2,40.0,34.0,0,0,0,,1,1,14-12,6-46,2-2,17-9,4-46,1-5,15-23,9-45,9-35,20-12,15-20,5-27,99.1,105.4,-6.3,14-38,5-11,5-13,4-14,8-22,3-7,2-8,3-7,2-15,3-8,4-10,2-6,,,,,,1-1,5-10,5-10,22-55,21-60,0-5,1-0,8124,8639,-515,,,,,2010-11
0,22010,1610612739,Cleveland,Cavaliers,cavaliers,East,15-37,15, - o,Central,3-13,5,19,63,0.232,0,19-63,12-29,7-34,5-5,4-6,3-7,2-1,2-5,2-38,-11,L 11,-26,L 26,3,26,1,W 1,1,W 1,2,W 2,43.0,43.0,0,0,0,,1,1,8-12,9-50,2-1,10-5,7-55,2-3,12-15,7-47,6-35,13-10,7-17,11-21,95.5,104.5,-9.0,15-37,8-10,3-13,4-14,4-26,0-10,3-7,1-9,0-16,3-8,4-11,4-4,,,,,,1-2,6-8,1-14,19-58,19-63,0-5,0-0,7827,8566,-739,,,,,2010-11
0,22010,1610612750,Minnesota,Timberwolves,timberwolves,West,7-45,15, - o,Northwest,1-15,5,17,65,0.207,0,17-65,12-29,5-36,0-10,2-8,0-10,0-4,3-10,11-33,-7,L 7,-12,L 12,2,15,-6,L 6,-11,L 11,-15,L 15,44.0,38.0,0,0,0,,0,0,12-17,4-45,1-3,14-10,3-53,0-2,14-31,6-56,4-44,14-17,13-36,7-12,101.1,107.7,-6.6,10-20,3-7,6-4,1-9,7-45,1-15,3-15,3-15,3-11,3-10,3-12,0-7,,,,,,1-2,3-11,4-12,17-63,16-65,0-2,1-0,8288,8832,-544,,,,,2010-11
0,22016,1610612738,Boston,Celtics,celtics,East,36-16,1, - e,Atlantic,11-5,1,53,29,0.646,0,53-29,30-11,23-18,7-3,8-2,5-5,2-1,7-6,17-11,7,W 7,5,W 5,7,3,2,W 2,1,W 1,3,W 3,0.0,0.0,1,1,1,,0,0,37-9,15-19,1-1,42-5,9-24,2-0,46-18,31-28,21-18,40-2,26-3,20-15,108.0,105.4,2.6,36-16,11-5,11-7,14-4,17-13,5-5,6-4,6-4,10-4,8-4,11-5,4-2,,,,,,2-1,8-7,10-6,53-29,53-29,0-0,0-0,8857,8641,216,,,,,2016-17
0,22016,1610612744,Golden State,Warriors,warriors,West,42-10,1, - w,Pacific,14-2,1,67,15,0.817,0,67-15,36-5,31-10,9-1,9-1,7-3,0-3,3-4,48-6,10,W 10,8,W 8,14,3,1,W 1,5,W 5,1,W 1,0.0,0.0,1,1,1,1.0,0,0,50-6,15-8,2-1,62-3,5-9,0-3,67-9,41-13,32-10,61-7,37-2,39-7,115.9,104.3,11.6,25-5,9-1,8-2,8-2,42-10,15-3,14-2,13-5,12-2,9-3,12-4,5-1,,,,,,2-1,14-1,13-3,67-15,66-15,0-0,1-0,9503,8549,954,,,,,2016-17
0,22016,1610612739,Cleveland,Cavaliers,cavaliers,East,35-17,2, - c,Central,8-8,1,51,31,0.622,0,51-31,31-10,20-21,4-6,6-4,3-7,3-4,3-4,25-15,9,W 9,3,W 3,6,4,-2,L 2,-2,L 2,-4,L 4,2.0,0.0,0,1,1,,0,0,44-9,7-22,0-0,44-5,5-26,2-0,48-14,33-28,25-17,42-8,34-9,23-6,110.3,107.2,3.2,35-17,16-2,8-8,11-7,16-14,6-4,6-4,4-6,7-8,9-2,7-10,3-4,,,,,,3-0,10-3,12-4,51-29,51-31,0-2,0-0,9048,8787,261,,,,,2016-17
0,22016,1610612759,San Antonio,Spurs,spurs,West,36-16,2, - sw,Southwest,11-5,1,61,21,0.744,0,61-21,31-10,30-11,5-5,6-4,6-4,4-1,8-5,30-8,9,W 9,13,W 13,9,3,-2,L 2,-2,L 2,-3,L 3,6.0,0.0,0,1,1,,0,0,37-8,22-12,2-1,49-5,9-16,3-0,52-7,23-15,28-13,51-6,36-11,38-6,105.3,98.1,7.2,25-5,9-1,8-2,8-2,36-16,13-5,12-6,11-5,10-5,8-2,13-4,3-4,,,,,,4-0,11-4,12-2,61-20,58-21,0-1,3-0,8637,8047,590,,,,,2016-17
0,22016,1610612745,Houston,Rockets,rockets,West,36-16,3, - x,Southwest,10-6,2,55,27,0.671,0,55-27,30-11,25-16,5-5,7-3,5-5,3-0,8-3,30-11,6,W 6,5,W 5,10,3,1,W 1,-1,L 1,1,W 1,12.0,6.0,0,0,1,,0,0,43-7,9-19,3-1,50-8,5-18,0-1,53-24,37-27,20-20,41-2,33-7,24-12,115.3,109.6,5.8,19-11,8-2,5-5,6-4,36-16,13-5,13-5,10-6,10-7,6-3,9-6,4-2,,,,,,2-1,9-6,15-2,55-27,55-27,0-0,0-0,9458,8985,473,,,,,2016-17
0,22016,1610612761,Toronto,Raptors,raptors,East,34-18,3, - x,Atlantic,14-2,2,51,31,0.622,0,51-31,28-13,23-18,8-2,7-3,7-3,3-1,8-7,26-8,4,W 4,7,W 7,6,5,3,W 3,3,W 3,4,W 4,2.0,2.0,0,0,1,,0,0,33-11,17-20,1-0,39-8,12-22,0-1,42-16,26-27,19-16,41-10,31-10,34-15,106.9,102.6,4.2,34-18,14-2,10-8,10-8,17-13,8-2,3-7,6-4,8-9,6-5,10-6,5-1,,,,,,2-1,10-5,10-4,51-30,48-31,0-1,3-0,8762,8417,345,,,,,2016-17
0,22016,1610612746,LA,Clippers,clippers,West,31-21,4, - x,Pacific,10-6,2,51,31,0.622,0,51-31,29-12,22-19,8-2,8-2,5-5,1-1,3-6,33-14,6,W 6,7,W 7,7,6,5,W 5,2,W 2,7,W 7,16.0,16.0,0,0,1,,0,0,44-12,6-18,1-1,45-8,4-22,2-1,45-17,25-25,24-13,47-7,31-10,31-12,108.7,104.4,4.3,20-10,6-4,5-5,9-1,31-21,10-8,10-6,11-7,8-4,6-5,10-8,5-0,,,,,,3-0,11-5,8-9,51-30,48-31,0-1,3-0,8911,8559,352,,,,,2016-17
0,22016,1610612764,Washington,Wizards,wizards,East,32-20,4, - se,Southeast,8-8,1,49,33,0.598,0,49-33,30-11,19-22,5-5,6-4,4-6,4-3,9-6,18-12,17,W 17,5,W 5,7,3,-1,L 1,-1,L 1,-1,L 1,4.0,0.0,0,1,1,,0,0,30-10,16-21,3-2,36-5,9-27,4-1,46-24,33-30,21-19,37-7,24-13,25-14,109.2,107.4,1.8,32-20,12-6,12-6,8-8,17-13,6-4,8-2,3-7,12-4,7-3,11-7,3-3,,,,,,0-2,6-9,10-5,49-33,49-33,0-0,0-0,8953,8805,148,,,,,2016-17
0,22016,1610612737,Atlanta,Hawks,hawks,East,30-22,5, - x,Southeast,6-10,2,43,39,0.524,0,43-39,23-18,20-21,6-4,6-4,3-7,5-0,7-8,17-21,4,W 4,5,W 5,7,7,4,W 4,-1,L 1,-1,L 1,10.0,6.0,0,0,1,,0,0,30-5,13-33,0-1,34-7,8-31,1-1,37-11,18-33,20-20,36-4,29-14,20-14,103.2,104.0,-0.9,30-22,13-5,11-7,6-10,13-17,4-6,2-8,7-3,11-4,5-6,6-10,4-3,,,,,,3-0,7-9,7-7,43-38,41-39,0-1,2-0,8459,8529,-70,,,,,2016-17
0,22016,1610612762,Utah,Jazz,jazz,West,31-21,5, - nw,Northwest,8-8,1,51,31,0.622,0,51-31,29-12,22-19,7-3,9-1,3-7,2-1,4-4,23-10,9,W 9,-4,L 4,6,4,9,W 9,1,W 1,2,W 2,16.0,0.0,0,1,1,,0,0,38-6,13-25,0-0,39-8,9-22,3-1,40-10,17-23,15-22,43-6,39-12,22-9,100.7,96.8,3.9,20-10,6-4,6-4,8-2,31-21,8-8,12-6,11-7,9-6,7-4,10-6,4-2,,,,,,1-2,10-6,10-5,51-26,47-31,0-5,4-0,8258,7935,323,,,,,2016-17
0,22016,1610612749,Milwaukee,Bucks,bucks,East,27-25,6, - x,Central,10-6,2,42,40,0.512,0,42-40,23-18,19-22,5-5,8-2,6-4,1-3,8-2,21-22,6,W 6,-7,L 7,6,5,1,W 1,-1,L 1,-1,L 1,11.0,9.0,0,0,1,,0,0,30-6,9-31,3-3,34-5,8-34,0-1,34-17,18-36,17-20,35-10,22-10,23-20,103.6,103.8,-0.2,27-25,10-8,10-6,7-11,15-15,4-6,7-3,4-6,5-10,5-6,14-4,2-4,,,,,,1-2,7-6,8-8,42-37,40-40,0-3,2-0,8497,8512,-15,,,,,2016-17
0,22016,1610612760,Oklahoma City,Thunder,thunder,West,29-23,6, - x,Northwest,10-6,2,47,35,0.573,0,47-35,28-13,19-22,6-4,5-5,7-3,4-1,12-7,23-21,5,W 5,-7,L 7,6,4,-1,L 1,2,W 2,-1,L 1,20.0,4.0,0,0,1,,0,0,34-8,9-25,4-2,33-4,13-31,1-0,42-18,24-32,19-21,38-2,40-22,16-13,106.6,105.8,0.8,18-12,9-1,4-6,5-5,29-23,10-6,8-10,11-7,7-8,7-4,8-7,4-3,,,,,,3-0,9-8,9-5,47-35,46-35,0-0,1-0,8741,8679,62,,,,,2016-17
0,22016,1610612754,Indiana,Pacers,pacers,East,26-26,7, - x,Central,8-8,3,42,40,0.512,0,42-40,29-12,13-28,6-4,8-2,2-8,4-2,4-2,23-19,5,W 5,-8,L 8,7,6,3,W 3,2,W 2,5,W 5,11.0,9.0,0,0,1,1.0,0,0,30-10,9-28,3-2,37-7,3-33,2-0,35-23,20-35,19-21,37-9,23-9,27-14,105.1,105.3,-0.2,26-26,8-10,8-8,10-8,16-14,5-5,6-4,5-5,9-4,6-7,6-10,5-1,,,,,,1-2,8-8,7-8,42-40,39-40,0-0,3-0,8618,8636,-18,,,,,2016-17
0,22016,1610612763,Memphis,Grizzlies,grizzlies,West,28-24,7, - x,Southwest,8-8,3,43,39,0.524,0,43-39,24-17,19-22,3-7,5-5,2-8,5-2,7-5,17-20,6,W 6,6,W 6,6,5,-2,L 2,-6,L 6,-2,L 2,24.0,18.0,0,0,1,1.0,0,0,30-10,10-29,3-0,33-6,7-33,3-0,31-17,11-30,19-23,34-6,26-15,26-23,100.5,100.0,0.5,15-15,5-5,5-5,5-5,28-24,11-7,9-9,8-8,7-7,7-4,6-9,1-5,,,,,,2-1,9-7,11-6,43-38,39-39,0-1,4-0,8239,8199,40,,,,,2016-17
0,22016,1610612741,Chicago,Bulls,bulls,East,28-24,8, - x,Central,9-7,4,41,41,0.5,0,41-41,25-16,16-25,7-3,6-4,4-6,2-2,5-6,17-23,4,W 4,-6,L 6,4,5,4,W 4,-1,L 1,2,W 2,12.0,10.0,0,0,1,,0,0,28-12,11-26,2-3,35-8,5-30,1-3,34-14,15-35,21-20,26-5,33-19,26-15,102.9,102.4,0.4,28-24,10-8,9-7,9-9,13-17,4-6,5-5,4-6,8-7,6-5,6-9,5-2,,,,,,3-0,7-7,6-11,41-40,38-41,0-1,3-0,8435,8400,35,,,,,2016-17
0,22016,1610612757,Portland,Trail Blazers,blazers,West,28-24,8, - x,Northwest,11-5,3,41,41,0.5,0,41-41,25-16,16-25,7-3,8-2,6-4,4-5,7-11,18-16,8,W 8,-8,L 8,6,6,-1,L 1,-2,L 2,-1,L 1,26.0,10.0,0,0,1,,0,0,30-15,11-24,0-2,31-9,9-30,1-2,37-26,25-36,16-24,32-10,21-16,22-10,107.9,108.5,-0.5,13-17,5-5,3-7,5-5,28-24,11-5,9-9,8-10,8-7,2-7,13-3,4-3,,,,,,2-1,8-9,4-11,41-40,41-41,0-1,0-0,8851,8894,-43,,,,,2016-17
0,22016,1610612743,Denver,Nuggets,nuggets,West,24-28,9, - o,Northwest,6-10,4,40,42,0.488,0,40-42,22-19,18-23,5-5,6-4,6-4,0-3,5-10,24-19,5,W 5,3,W 3,4,5,-1,L 1,2,W 2,2,W 2,27.0,11.0,0,0,0,,1,1,30-9,8-29,2-4,38-7,2-32,0-3,40-29,29-41,16-24,34-7,33-26,9-6,111.7,111.2,0.5,16-14,6-4,7-3,3-7,24-28,6-10,12-6,6-12,7-7,6-7,8-7,5-2,,,,,,1-2,6-9,7-8,40-42,40-42,0-0,0-0,9161,9119,42,,,,,2016-17
0,22016,1610612748,Miami,Heat,heat,East,27-25,9, - o,Southeast,9-7,3,41,41,0.5,0,41-41,23-18,18-23,6-4,6-4,5-5,2-1,8-6,19-13,8,W 8,-8,L 8,13,6,2,W 2,1,W 1,3,W 3,12.0,8.0,0,0,0,,1,1,28-9,8-30,5-2,32-3,8-35,1-3,36-13,18-27,18-26,32-10,26-15,20-15,103.2,102.1,1.1,27-25,7-11,11-7,9-7,14-16,4-6,5-5,5-5,9-6,8-3,10-6,4-2,,,,,,1-2,5-10,4-12,41-41,40-41,0-0,1-0,8460,8373,87,,,,,2016-17
0,22016,1610612740,New Orleans,Pelicans,pelicans,West,20-32,10, - o,Southwest,6-10,4,34,48,0.415,0,34-48,21-20,13-28,4-6,6-4,3-7,3-5,7-6,17-22,6,W 6,-5,L 5,4,8,-2,L 2,1,W 1,1,W 1,33.0,27.0,0,0,0,,1,1,22-13,11-34,1-1,26-4,8-43,0-1,31-24,16-37,15-30,28-6,16-5,21-20,104.3,106.4,-2.1,14-16,5-5,4-6,5-5,20-32,7-11,7-11,6-10,5-9,4-7,10-6,1-5,,,,,,0-3,7-9,7-9,34-47,33-48,0-1,1-0,8556,8728,-172,,,,,2016-17
0,22016,1610612765,Detroit,Pistons,pistons,East,21-31,10, - o,Central,5-11,5,37,45,0.451,0,37-45,24-17,13-28,3-7,5-5,2-8,3-1,5-7,23-26,5,W 5,-7,L 7,3,5,-2,L 2,-1,L 1,-2,L 2,16.0,14.0,0,0,0,,1,1,26-6,10-39,1-0,27-6,9-38,1-1,33-14,12-34,18-25,29-10,29-21,21-21,101.3,102.5,-1.1,21-31,7-11,5-11,9-9,16-14,7-3,4-6,5-5,6-7,8-4,6-11,2-3,,,,,,2-1,8-9,5-10,37-41,37-45,0-4,0-0,8309,8401,-92,,,,,2016-17
0,22016,1610612742,Dallas,Mavericks,mavericks,West,19-33,11, - o,Southwest,5-11,5,33,49,0.402,0,33-49,21-20,12-29,2-8,4-6,4-6,2-2,4-6,14-26,6,W 6,-10,L 10,4,8,-4,L 4,1,W 1,1,W 1,34.0,28.0,0,0,0,,1,1,21-11,11-37,1-1,25-8,7-40,1-1,23-12,11-31,15-29,26-4,10-8,29-33,97.9,100.8,-2.9,14-16,4-6,6-4,4-6,19-33,6-12,8-10,5-11,8-6,6-5,7-9,2-5,,,,,,0-3,3-11,7-10,33-45,30-49,0-4,3-0,8029,8269,-240,,,,,2016-17
0,22016,1610612766,Charlotte,Hornets,hornets,East,22-30,11, - pi,Southeast,10-6,4,36,46,0.439,0,36-46,22-19,14-27,4-6,4-6,4-6,0-6,0-9,19-18,5,W 5,-12,L 12,4,7,-2,L 2,-3,L 3,-5,L 5,17.0,13.0,0,0,0,1.0,1,1,24-12,11-32,1-2,25-14,10-30,1-2,29-27,16-42,17-28,25-9,19-13,26-24,104.9,104.7,0.2,22-30,7-11,5-13,10-6,14-16,7-3,4-6,3-7,4-11,3-8,9-7,1-5,,,,,,2-1,8-7,9-7,36-43,34-46,0-3,2-0,8601,8585,16,,,,,2016-17
0,22016,1610612752,New York,Knicks,knicks,East,22-30,12, - o,Atlantic,5-11,3,31,51,0.378,0,31-51,19-22,12-29,4-6,4-6,2-8,1-3,7-10,10-25,6,W 6,-7,L 7,4,6,1,W 1,-1,L 1,1,W 1,22.0,22.0,0,0,0,,1,1,19-14,12-36,0-1,23-9,7-41,1-1,26-31,18-49,13-31,25-12,22-20,14-17,104.3,108.0,-3.7,22-30,5-11,9-9,8-10,9-21,3-7,3-7,3-7,5-12,3-7,5-11,2-4,,,,,,1-1,8-8,7-8,31-51,30-51,0-0,1-0,8556,8857,-301,,,,,2016-17
0,22016,1610612758,Sacramento,Kings,kings,West,21-31,12, - o,Pacific,7-9,3,32,50,0.39,0,32-50,17-24,15-26,5-5,4-6,3-7,2-6,10-6,9-27,-6,L 6,-4,L 4,4,8,1,W 1,-2,L 2,-1,L 1,35.0,35.0,0,0,0,,1,1,15-12,14-37,3-1,21-9,10-40,1-1,25-21,17-46,12-33,26-13,18-14,15-20,102.8,106.7,-3.9,11-19,5-5,3-7,3-7,21-31,8-10,7-9,6-12,5-11,6-5,4-12,3-3,,,,,,2-2,5-9,7-8,32-49,32-50,0-1,0-0,8430,8748,-318,,,,,2016-17
0,22016,1610612750,Minnesota,Timberwolves,timberwolves,West,18-34,13, - o,Northwest,5-11,5,31,51,0.378,0,31-51,20-21,11-30,3-7,6-4,1-9,2-3,7-10,18-19,-7,L 7,-7,L 7,3,6,-1,L 1,-5,L 5,-6,L 6,36.0,20.0,0,0,0,,1,1,24-20,7-26,0-5,24-12,6-38,1-1,26-32,15-44,17-30,25-14,22-26,19-21,105.6,106.7,-1.1,13-17,3-7,4-6,6-4,18-34,5-11,9-9,4-14,8-7,5-7,6-8,1-7,,,,,,0-2,5-11,6-9,31-50,31-51,0-1,0-0,8657,8748,-91,,,,,2016-17
0,22016,1610612753,Orlando,Magic,magic,East,20-32,13, - o,Southeast,7-9,5,29,53,0.354,0,29-53,16-25,13-28,3-7,5-5,1-9,2-2,5-5,10-32,-6,L 6,-5,L 5,3,5,1,W 1,-5,L 5,1,W 1,24.0,20.0,0,0,0,,1,1,21-11,7-40,1-2,20-10,7-41,2-2,23-22,15-46,8-28,24-7,16-17,18-23,101.1,107.6,-6.6,20-32,8-10,5-13,7-9,9-21,2-8,3-7,4-6,4-12,3-7,5-11,2-4,,,,,,0-3,7-8,8-8,29-48,29-53,0-5,0-0,8288,8827,-539,,,,,2016-17
0,22016,1610612747,Los Angeles,Lakers,lakers,West,16-36,14, - o,Pacific,6-10,4,26,56,0.317,0,26-56,17-24,9-32,5-5,5-5,2-8,1-0,2-4,14-31,-9,L 9,-12,L 12,5,8,4,W 4,-1,L 1,-1,L 1,41.0,41.0,0,0,0,,1,1,15-11,10-43,1-2,18-6,8-47,0-3,24-30,15-52,11-28,18-7,17-22,11-22,104.6,111.5,-6.9,10-20,3-7,3-7,4-6,16-36,4-14,6-10,6-12,5-10,2-8,2-12,5-2,,,,,,1-2,9-8,2-14,26-55,26-56,0-1,0-0,8575,9139,-564,,,,,2016-17
0,22016,1610612755,Philadelphia,76ers,sixers,East,19-33,14, - o,Atlantic,7-9,4,28,54,0.341,0,28-54,17-24,11-30,1-9,3-7,3-7,1-4,9-8,7-29,-8,L 8,-7,L 7,3,8,-5,L 5,-3,L 3,-8,L 8,25.0,25.0,0,0,0,,1,1,16-16,10-34,2-4,22-14,5-38,1-2,22-26,16-51,8-32,18-13,18-11,9-16,102.4,108.1,-5.7,19-33,7-9,5-13,7-11,9-21,3-7,4-6,2-8,10-5,4-8,6-11,0-6,,,,,,0-2,4-12,4-10,28-53,26-54,0-1,2-0,8400,8867,-467,,,,,2016-17
0,22016,1610612751,Brooklyn,Nets,nets,East,11-41,15, - o,Atlantic,3-13,5,20,62,0.244,0,20-62,13-28,7-34,5-5,6-4,3-7,1-1,3-6,9-30,-16,L 16,-15,L 15,3,16,3,W 3,-3,L 3,-2,L 2,33.0,33.0,0,0,0,,1,1,16-17,4-43,0-2,13-6,6-54,1-2,18-36,14-58,7-36,17-15,12-11,6-14,105.8,112.5,-6.7,11-41,3-13,4-14,4-14,9-21,2-8,5-5,2-8,1-15,0-10,7-10,4-3,,,,,,1-3,4-9,3-12,20-61,20-62,0-1,0-0,8673,9225,-552,,,,,2016-17
0,22016,1610612756,Phoenix,Suns,suns,West,11-41,15, - o,Pacific,3-13,5,24,58,0.293,0,24-58,15-26,9-32,2-8,2-8,1-9,3-3,9-5,7-32,-8,L 8,-8,L 8,3,13,2,W 2,-8,L 8,-1,L 1,43.0,43.0,0,0,0,,1,1,17-16,6-42,1-0,18-8,4-50,2-0,21-43,16-55,11-30,18-13,15-23,11-28,107.7,113.3,-5.6,13-17,6-4,3-7,4-6,11-41,3-15,3-13,5-13,5-9,3-9,4-12,2-4,,,,,,0-4,6-9,4-11,24-58,24-58,0-0,0-0,8831,9293,-462,,,,,2016-17
0,22020,1610612755,Philadelphia,76ers,sixers,East,31-11,1, - e,Atlantic,10-2,1,49,23,0.681,0,49-23,29-7,20-16,8-2,8-2,5-5,4-2,7-3,27-12,7,W 7,6,W 6,8,4,7,W 7,-2,L 2,2,W 2,0.0,0.0,1,1,1,0.0,0,0,37-4,11-14,1-5,39-3,8-19,2-1,48-15,33-23,24-15,40-7,36-8,29-10,113.6,108.1,5.6,31-11,10-2,8-7,13-2,18-12,5-5,6-4,7-3,11-5,7-6,10-3,10-6,7-2,,,,,,,4-1,49-23,49-23,0-0,0-0,8182,7780,402,,,,,2020-21
0,22020,1610612762,Utah,Jazz,jazz,West,28-14,1, - w,Northwest,7-5,1,52,20,0.722,0,52-20,31-5,21-15,7-3,7-3,5-5,0-3,3-2,39-7,24,W 24,4,W 4,11,2,-1,L 1,2,W 2,2,W 2,0.0,0.0,1,1,1,0.0,0,0,41-4,10-16,1-0,45-2,6-18,1-0,51-16,31-20,21-13,43-1,44-9,11-6,116.4,107.2,9.3,24-6,7-3,10-0,7-3,28-14,7-5,8-7,13-2,13-3,12-2,9-4,9-7,7-2,,,,,,,2-2,52-20,51-20,0-0,1-0,8382,7716,666,,,,,2020-21
0,22020,1610612751,Brooklyn,Nets,nets,East,26-16,2, - x,Atlantic,8-4,2,48,24,0.667,0,48-24,28-8,20-16,6-4,8-2,5-5,2-2,3-5,24-11,9,W 9,8,W 8,8,4,3,W 3,2,W 2,5,W 5,1.0,1.0,0,0,1,0.0,0,0,33-6,13-18,2-0,37-3,9-20,2-1,47-21,37-24,25-12,40-6,33-8,22-7,118.6,114.1,4.5,26-16,8-4,9-6,9-6,22-8,7-3,9-1,6-4,10-7,9-4,11-2,10-6,5-3,,,,,,,3-2,48-24,48-24,0-0,0-0,8537,8213,324,,,,,2020-21
0,22020,1610612756,Phoenix,Suns,suns,West,30-12,2, - p,Pacific,7-5,1,51,21,0.708,0,51-21,27-9,24-12,7-3,9-1,5-5,4-3,9-3,23-8,10,W 10,7,W 7,7,3,4,W 4,2,W 2,3,W 3,1.0,0.0,0,1,1,0.0,0,0,38-9,8-11,5-1,41-7,9-14,1-0,51-18,37-20,27-12,38-7,32-8,27-7,115.3,109.5,5.8,21-9,7-3,8-2,6-4,30-12,11-4,7-5,12-3,6-7,12-3,11-3,12-4,6-3,,,,,,,4-1,51-21,51-21,0-0,0-0,8300,7881,419,,,,,2020-21
0,22020,1610612743,Denver,Nuggets,nuggets,West,26-16,3, - x,Northwest,9-3,2,47,25,0.653,0,47-25,25-11,22-14,6-4,8-2,6-4,4-2,6-4,29-11,7,W 7,6,W 6,8,3,-1,L 1,-1,L 1,-1,L 1,5.0,5.0,0,0,1,0.0,0,0,37-10,9-15,1-0,34-5,12-18,1-2,46-20,33-24,23-15,39-6,36-9,26-13,115.1,110.1,4.9,21-9,5-5,9-1,7-3,26-16,9-3,6-9,11-4,11-5,6-7,11-3,13-3,5-4,,,,,,,1-3,47-25,47-25,0-0,0-0,8284,7929,355,,,,,2020-21
0,22020,1610612749,Milwaukee,Bucks,bucks,East,30-12,3, - c,Central,11-1,1,46,26,0.639,0,46-26,26-10,20-16,8-2,8-2,6-4,1-1,6-5,29-12,8,W 8,4,W 4,8,5,8,W 8,-1,L 1,-1,L 1,3.0,0.0,0,1,1,0.0,0,0,41-5,4-20,1-1,39-6,4-19,3-1,45-23,35-26,22-14,43-7,38-9,15-11,120.1,114.2,5.9,30-12,8-7,11-1,11-4,16-14,6-4,5-5,5-5,9-5,10-5,9-4,9-7,7-2,,,,,,,2-3,46-26,46-26,0-0,0-0,8649,8225,424,,,,,2020-21
0,22020,1610612746,LA,Clippers,clippers,West,27-15,4, - x,Pacific,9-3,2,47,25,0.653,0,47-25,26-10,21-15,4-6,8-2,5-5,0-0,3-4,31-7,7,W 7,4,W 4,7,3,-1,L 1,-2,L 2,-2,L 2,5.0,4.0,0,0,1,0.0,0,0,37-8,10-17,0-0,41-7,4-17,2-1,46-18,34-25,22-16,37-8,34-7,22-11,114.0,107.8,6.2,20-10,4-6,9-1,7-3,27-15,10-5,9-3,8-7,12-4,8-7,8-5,11-4,4-4,,,,,,,4-1,47-24,47-25,0-1,0-0,8209,7764,445,,,,,2020-21
0,22020,1610612752,New York,Knicks,knicks,East,25-17,4, - x,Atlantic,4-8,3,41,31,0.569,0,41-31,25-11,16-20,7-3,9-1,5-5,4-2,2-9,24-15,7,W 7,4,W 4,9,5,4,W 4,-1,L 1,3,W 3,8.0,8.0,0,0,1,0.0,0,0,34-12,7-17,0-2,34-6,5-22,2-3,37-15,21-27,18-19,35-7,28-7,23-8,107.0,104.7,2.3,25-17,4-8,11-4,10-5,16-14,4-6,4-6,8-2,7-9,9-5,6-7,11-4,6-3,,,,,,,2-3,41-31,40-31,0-0,1-0,7706,7540,166,,,,,2020-21
0,22020,1610612737,Atlanta,Hawks,hawks,East,24-18,5, - se,Southeast,9-3,1,41,31,0.569,0,41-31,25-11,16-20,7-3,10-0,4-6,2-2,3-3,25-15,11,W 11,5,W 5,8,4,11,W 11,-5,L 5,4,W 4,8.0,0.0,0,1,1,0.0,0,0,30-8,10-21,1-2,32-9,9-20,0-2,39-23,28-30,14-20,31-3,31-13,15-15,113.7,111.4,2.3,24-18,7-8,8-7,9-3,17-13,5-5,6-4,6-4,7-8,4-11,9-4,11-6,7-1,,,,,,,3-1,41-31,41-31,0-0,0-0,8186,8019,167,,,,,2020-21
0,22020,1610612742,Dallas,Mavericks,mavericks,West,21-21,5, - sw,Southwest,7-5,1,42,30,0.583,0,42-30,21-15,21-15,7-3,8-2,6-4,1-0,5-4,26-17,-6,L 6,4,W 4,5,6,4,W 4,-2,L 2,-1,L 1,10.0,0.0,0,1,1,0.0,0,0,34-5,8-22,0-3,35-5,6-25,1-0,39-22,28-30,25-15,36-3,26-4,24-17,112.4,110.2,2.3,21-9,6-4,6-4,9-1,21-21,8-7,6-9,7-5,7-9,8-4,9-5,10-6,7-3,,,,,,,1-3,42-30,40-30,0-0,2-0,8096,7933,163,,,,,2020-21
0,22020,1610612748,Miami,Heat,heat,East,24-18,6, - x,Southeast,6-6,2,40,32,0.556,0,40-32,21-15,19-17,8-2,7-3,6-4,0-4,4-5,17-17,5,W 5,6,W 6,6,6,2,W 2,1,W 1,1,W 1,9.0,1.0,0,0,1,0.0,0,0,28-9,11-22,1-1,35-7,4-23,1-2,36-23,22-28,14-20,34-9,24-7,27-15,108.1,108.0,0.0,24-18,9-6,9-6,6-6,16-14,5-5,5-5,6-4,5-10,10-5,7-7,9-6,7-2,,,,,,,2-2,40-32,40-32,0-0,0-0,7781,7779,2,,,,,2020-21
0,22020,1610612757,Portland,Trail Blazers,blazers,West,23-19,6, - x,Northwest,6-6,3,42,30,0.583,0,42-30,20-16,22-14,8-2,4-6,7-3,1-0,10-9,19-12,-6,L 6,4,W 4,6,5,4,W 4,-1,L 1,1,W 1,10.0,10.0,0,0,1,0.0,0,0,27-8,12-20,3-2,30-4,10-25,2-1,42-25,36-30,14-22,27-4,28-8,28-17,116.1,114.3,1.8,19-11,7-3,6-4,6-4,23-19,6-6,7-8,10-5,8-6,8-6,11-4,6-10,7-2,,,,,,,2-2,42-30,42-30,0-0,0-0,8360,8231,129,,,,,2020-21
0,22020,1610612738,Boston,Celtics,celtics,East,20-22,7, - x,Atlantic,4-8,4,36,36,0.5,0,36-36,21-15,15-21,4-6,5-5,5-5,2-2,7-5,17-12,5,W 5,-7,L 7,6,4,-3,L 3,-1,L 1,-1,L 1,13.0,13.0,0,0,1,1.0,0,0,26-8,9-27,1-1,27-7,7-28,2-1,35-24,27-33,18-18,27-9,28-9,14-18,112.6,111.2,1.5,20-22,4-8,7-8,9-6,16-14,6-4,6-4,4-6,7-6,7-9,6-8,11-5,2-6,,,,,,,3-2,36-35,36-36,0-1,0-0,8109,8004,105,,,,,2020-21
0,22020,1610612747,Los Angeles,Lakers,lakers,West,25-17,7, - x,Pacific,4-8,3,42,30,0.583,0,42-30,21-15,21-15,6-4,5-5,4-6,5-1,7-5,22-13,5,W 5,10,W 10,7,4,4,W 4,2,W 2,5,W 5,10.0,9.0,0,0,1,1.0,0,0,31-7,11-22,0-1,31-5,10-24,1-1,38-18,23-28,20-21,32-7,28-11,20-10,109.5,106.8,2.8,17-13,4-6,8-2,5-5,25-17,10-5,4-8,11-4,12-4,9-5,6-7,6-9,6-3,,,,,,,3-2,42-30,42-30,0-0,0-0,7887,7686,201,,,,,2020-21
0,22020,1610612763,Memphis,Grizzlies,grizzlies,West,19-23,8, - x,Southwest,6-6,2,38,34,0.528,0,38-34,18-18,20-16,6-4,6-4,4-6,2-2,3-7,23-21,-5,L 5,5,W 5,7,4,4,W 4,-1,L 1,-1,L 1,14.0,4.0,0,0,1,1.0,0,0,27-11,9-23,2-0,34-11,4-22,0-1,36-25,29-32,19-25,31-5,27-12,21-17,113.3,112.3,1.0,19-11,6-4,5-5,8-2,19-23,7-8,6-9,6-6,7-3,7-9,7-8,10-7,6-4,,,,,,,1-3,38-34,37-34,0-0,1-0,8157,8083,74,,,,,2020-21
0,22020,1610612764,Washington,Wizards,wizards,East,16-26,8, - x,Southeast,3-9,3,34,38,0.472,0,34-38,19-17,15-21,6-4,9-1,6-4,4-1,11-8,14-20,5,W 5,-7,L 7,8,5,4,W 4,-2,L 2,2,W 2,15.0,7.0,0,0,1,1.0,0,0,26-6,8-30,0-2,22-7,10-30,2-1,34-32,31-38,14-24,24-9,20-11,18-13,116.6,118.5,-1.8,16-26,4-11,9-6,3-9,18-12,9-1,7-3,2-8,4-7,9-7,4-10,12-5,5-4,,,,,,,0-5,34-38,34-38,0-0,0-0,8398,8530,-132,,,,,2020-21
0,22020,1610612744,Golden State,Warriors,warriors,West,25-17,9, - pi,Pacific,5-7,4,39,33,0.542,0,39-33,25-11,14-22,8-2,9-1,5-5,1-0,6-4,25-18,6,W 6,-5,L 5,6,4,6,W 6,-1,L 1,6,W 6,13.0,12.0,0,0,0,1.0,0,0,25-8,12-24,2-1,33-8,6-23,0-2,39-23,29-33,15-20,34-9,19-3,22-12,113.7,112.7,1.1,14-16,3-7,8-2,3-7,25-17,10-5,5-7,10-5,9-7,8-7,4-8,8-8,8-1,,,,,,,2-2,39-32,39-33,0-1,0-0,8187,8111,76,,,,,2020-21
0,22020,1610612754,Indiana,Pacers,pacers,East,20-22,9, - pi,Central,7-5,2,34,38,0.472,0,34-38,13-23,21-15,5-5,4-6,7-3,5-2,5-4,15-17,-6,L 6,4,W 4,3,4,-2,L 2,2,W 2,1,W 1,15.0,12.0,0,0,0,1.0,0,0,25-8,8-29,1-1,29-7,4-29,1-2,34-30,27-37,15-21,29-5,17-5,20-20,115.3,115.3,0.0,20-22,5-10,7-5,8-7,14-16,5-5,2-8,7-3,7-8,4-8,6-8,8-8,5-5,,,,,,,4-1,34-38,34-38,0-0,0-0,8302,8305,-3,,,,,2020-21
0,22020,1610612759,San Antonio,Spurs,spurs,West,17-25,10, - pi,Southwest,6-6,3,33,39,0.458,0,33-39,14-22,19-17,2-8,2-8,3-7,2-5,7-8,18-20,-5,L 5,4,W 4,3,5,-2,L 2,-3,L 3,-4,L 4,19.0,9.0,0,0,0,1.0,0,0,28-9,5-29,0-1,24-7,7-31,2-1,33-26,24-36,13-29,23-11,16-6,23-22,111.1,112.8,-1.7,16-14,3-7,7-3,6-4,17-25,5-10,6-9,6-6,9-7,6-3,7-9,7-10,2-8,,,,,,,2-2,33-39,32-39,0-0,1-0,7998,8123,-125,,,,,2020-21
0,22020,1610612766,Charlotte,Hornets,hornets,East,20-22,10, - pi,Southeast,8-4,4,33,39,0.458,0,33-39,18-18,15-21,3-7,4-6,3-7,1-2,9-4,14-24,5,W 5,-4,L 4,4,5,-3,L 3,-2,L 2,-5,L 5,16.0,8.0,0,0,0,1.0,0,0,23-6,10-30,0-3,27-3,4-35,2-1,33-27,23-39,14-27,22-7,21-9,16-17,109.5,111.4,-1.9,20-22,4-11,8-7,8-4,13-17,4-6,4-6,5-5,7-9,7-6,8-5,6-10,3-7,,,,,,,2-2,33-39,33-39,0-0,0-0,7881,8020,-139,,,,,2020-21
0,22020,1610612740,New Orleans,Pelicans,pelicans,West,18-24,11, - o,Southwest,6-6,4,31,41,0.431,0,31-41,18-18,13-23,4-6,4-6,4-6,2-4,3-10,13-21,3,W 3,-4,L 4,4,5,-1,L 1,-3,L 3,-4,L 4,21.0,11.0,0,0,0,0.0,1,1,19-11,9-29,3-1,24-9,6-30,1-2,30-35,25-41,17-27,27-14,28-28,11-10,114.6,114.9,-0.3,13-17,5-5,5-5,3-7,18-24,5-10,7-8,6-6,4-9,7-8,7-6,7-10,3-6,,,,,,,3-2,31-41,31-41,0-0,0-0,8251,8272,-21,,,,,2020-21
0,22020,1610612741,Chicago,Bulls,bulls,East,21-21,11, - o,Central,7-5,3,31,41,0.431,0,31-41,15-21,16-20,5-5,5-5,4-6,2-2,3-5,16-20,-4,L 4,-4,L 4,3,6,2,W 2,-1,L 1,1,W 1,18.0,15.0,0,0,0,0.0,1,1,24-8,7-31,0-2,28-6,3-33,0-2,31-28,21-41,8-29,27-11,22-18,9-13,110.7,111.6,-0.9,21-21,7-8,7-5,7-8,10-20,3-7,1-9,6-4,5-8,8-6,4-10,7-10,5-4,,,,,,,2-3,31-41,31-41,0-0,0-0,7969,8033,-64,,,,,2020-21
0,22020,1610612758,Sacramento,Kings,kings,West,18-24,12, - o,Pacific,5-7,5,31,41,0.431,0,31-41,16-20,15-21,6-4,4-6,5-5,1-0,10-5,12-22,-6,L 6,-5,L 5,5,9,-1,L 1,-2,L 2,-3,L 3,21.0,20.0,0,0,0,0.0,1,1,24-10,5-28,2-3,21-7,9-33,1-1,31-36,24-41,17-23,24-8,12-8,13-20,113.7,117.4,-3.7,13-17,4-6,6-4,3-7,18-24,7-8,5-7,6-9,5-9,5-10,9-5,4-11,5-4,,,,,,,3-2,31-41,31-41,0-0,0-0,8189,8454,-265,,,,,2020-21
0,22020,1610612761,Toronto,Raptors,raptors,East,17-25,12, - o,Atlantic,4-8,5,27,45,0.375,0,27-45,16-20,11-25,1-9,5-5,2-8,0-1,3-6,17-19,5,W 5,-9,L 9,4,9,-5,L 5,-3,L 3,-7,L 7,22.0,22.0,0,0,0,0.0,1,1,17-12,7-33,3-0,23-6,4-37,0-2,26-38,20-45,14-27,22-11,16-7,16-32,111.3,111.7,-0.5,17-25,4-8,5-10,8-7,10-20,3-7,3-7,4-6,7-9,9-5,1-13,8-7,1-8,,,,,,,1-3,27-45,26-45,0-0,1-0,8011,8045,-34,,,,,2020-21
0,22020,1610612739,Cleveland,Cavaliers,cavaliers,East,16-26,13, - o,Central,4-8,4,22,50,0.306,0,22-50,13-23,9-27,1-9,2-8,2-8,3-1,4-2,11-37,-7,L 7,-9,L 9,4,11,1,W 1,-8,L 8,-2,L 2,27.0,24.0,0,0,0,0.0,1,1,18-8,4-42,0-0,16-6,4-43,2-1,20-26,13-49,10-28,20-4,13-15,11-20,103.8,112.3,-8.4,16-26,8-7,4-8,4-11,6-24,2-8,0-10,4-6,6-9,4-10,4-9,4-12,1-8,,,,,,,3-2,22-49,22-50,0-1,0-0,7476,8084,-608,,,,,2020-21
0,22020,1610612750,Minnesota,Timberwolves,timberwolves,West,15-27,13, - o,Northwest,5-7,4,23,49,0.319,0,23-49,13-23,10-26,5-5,4-6,5-5,0-5,4-6,9-25,-7,L 7,-9,L 9,4,9,1,W 1,2,W 2,1,W 1,29.0,29.0,0,0,0,0.0,1,1,9-7,11-41,3-1,13-11,9-38,1-0,22-39,20-47,11-27,11-7,13-12,14-25,112.1,117.7,-5.6,8-22,2-8,4-6,2-8,15-27,5-7,4-11,6-9,3-12,2-14,5-8,8-8,3-5,,,,,,,2-2,23-49,23-49,0-0,0-0,8073,8473,-400,,,,,2020-21
0,22020,1610612753,Orlando,Magic,magic,East,13-29,14, - o,Southeast,4-8,5,21,51,0.292,0,21-51,11-25,10-26,2-8,1-9,2-8,1-1,3-5,6-35,-9,L 9,-7,L 7,4,9,-2,L 2,-5,L 5,-7,L 7,28.0,20.0,0,0,0,0.0,1,1,16-10,4-41,1-0,13-5,8-44,0-2,20-23,15-47,10-30,14-3,14-16,10-21,104.0,113.3,-9.3,13-29,2-13,7-8,4-8,8-22,2-8,4-6,2-8,4-12,5-8,3-10,3-13,2-7,,,,,,,4-1,21-49,21-51,0-2,0-0,7488,8158,-670,,,,,2020-21
0,22020,1610612760,Oklahoma City,Thunder,thunder,West,12-30,14, - o,Northwest,3-9,5,22,50,0.306,0,22-50,10-26,12-24,1-9,1-9,1-9,1-2,7-5,5-36,-11,L 11,-8,L 8,3,14,1,W 1,-4,L 4,1,W 1,30.0,30.0,0,0,0,0.0,1,1,13-10,8-39,1-1,15-5,5-45,2-0,22-28,17-47,14-30,17-5,13-16,8-13,105.0,115.6,-10.6,10-20,4-6,3-7,3-7,12-30,3-9,2-13,7-8,7-7,6-10,6-7,1-15,1-8,,,,,,,1-3,22-49,22-50,0-1,0-0,7560,8326,-766,,,,,2020-21
0,22020,1610612745,Houston,Rockets,rockets,West,11-31,15, - o,Southwest,5-7,5,17,55,0.236,0,17-55,9-27,8-28,2-8,2-8,1-9,0-1,3-4,8-37,-11,L 11,-10,L 10,6,20,1,W 1,-7,L 7,-1,L 1,35.0,25.0,0,0,0,0.0,1,1,14-8,2-46,1-1,15-7,2-48,0-0,17-38,12-55,10-28,16-12,12-7,8-24,108.8,116.7,-7.9,6-24,1-9,2-8,3-7,11-31,3-12,3-12,5-7,8-7,2-12,2-13,3-13,1-8,,,,,,,1-2,17-55,17-55,0-0,0-0,7833,8402,-569,,,,,2020-21
0,22020,1610612765,Detroit,Pistons,pistons,East,12-30,15, - o,Central,1-11,5,20,52,0.278,0,20-52,13-23,7-29,1-9,3-7,1-9,1-3,1-8,14-31,-4,L 4,-8,L 8,2,5,-4,L 4,-8,L 8,-5,L 5,29.0,26.0,0,0,0,0.0,1,1,16-10,3-41,1-1,19-8,1-43,0-1,19-34,14-51,9-29,15-11,14-13,12-16,106.6,111.1,-4.5,12-30,7-8,1-11,4-11,8-22,2-8,3-7,3-7,5-11,4-10,4-9,6-10,1-8,,,,,,,0-4,20-52,20-52,0-0,0-0,7676,7998,-322,,,,,2020-21
0,22022,1610612743,Denver,Nuggets,nuggets,West,34-18,1, - w,Northwest,10-6,1,53,29,0.646,0,53-29,34-7,19-22,5-5,7-3,3-7,3-0,7-6,29-15,16,W 16,-4,L 4,9,4,2,W 2,-4,L 4,1,W 1,0.0,0.0,1,1,1,0.0,0,0,33-9,18-20,2-0,41-4,10-24,2-1,51-21,45-29,36-18,48-8,39-9,24-7,115.8,112.5,3.3,19-11,4-6,7-3,8-2,34-18,10-6,13-5,11-7,12-4,9-3,7-7,2-3,,,,,,4-3,10-4,9-5,53-29,53-29,0-0,0-0,9495,9222,273,5.0,1.0,,,2022-23
0,22022,1610612749,Milwaukee,Bucks,bucks,East,35-17,1, - e,Central,11-5,1,58,24,0.707,0,58-24,32-9,26-15,6-4,6-4,7-3,3-2,6-1,30-15,11,W 11,9,W 9,16,4,-1,L 1,-1,L 1,-2,L 2,0.0,0.0,1,1,1,0.0,0,0,44-7,11-16,3-1,51-3,7-21,0-0,57-18,47-23,28-15,50-2,44-9,15-6,116.9,113.3,3.6,35-17,12-6,11-5,12-6,23-7,9-1,8-2,6-4,11-5,10-0,11-5,3-2,,,,,,6-0,9-5,8-7,58-24,58-24,0-0,0-0,9589,9291,298,0.0,1.0,,,2022-23
0,22022,1610612738,Boston,Celtics,celtics,East,34-18,2, - a,Atlantic,11-5,1,57,25,0.695,0,57-25,32-9,25-16,8-2,8-2,5-5,4-7,5-8,31-11,10,W 10,6,W 6,9,3,7,W 7,-1,L 1,3,W 3,1.0,0.0,0,1,1,0.0,0,0,45-9,10-16,2-0,51-7,5-18,1-0,56-19,43-23,33-14,42-4,36-7,25-9,117.9,111.4,6.5,34-18,11-5,11-7,12-6,23-7,7-3,7-3,9-1,10-5,8-3,10-6,3-1,,,,,,4-2,14-2,8-6,57-25,57-25,0-0,0-0,9671,9136,535,1.0,2.0,,,2022-23
0,22022,1610612763,Memphis,Grizzlies,grizzlies,West,30-22,2, - sw,Southwest,13-3,1,51,31,0.622,0,51-31,35-6,16-25,6-4,9-1,4-6,3-1,3-6,31-17,12,W 12,-8,L 8,11,5,2,W 2,-1,L 1,-1,L 1,2.0,0.0,0,1,1,0.0,0,0,43-13,8-18,0-0,44-8,7-21,0-2,51-27,43-31,22-18,41-6,36-16,31-14,116.9,113.0,3.9,21-9,5-5,8-2,8-2,30-22,9-9,8-10,13-3,10-5,5-5,12-5,2-3,,,,,,4-3,8-6,10-4,51-31,51-31,0-0,0-0,9587,9264,323,7.0,2.0,,,2022-23
0,22022,1610612755,Philadelphia,76ers,sixers,East,34-18,3, - x,Atlantic,10-6,2,54,28,0.659,0,54-28,29-12,25-16,5-5,6-4,6-4,4-2,10-5,26-11,11,W 11,8,W 8,8,3,-1,L 1,2,W 2,2,W 2,4.0,3.0,0,0,1,0.0,0,0,34-4,19-23,1-1,40-3,9-25,5-0,54-22,40-27,29-18,36-11,31-4,32-13,115.2,110.9,4.3,34-18,10-6,13-5,11-7,20-10,7-3,8-2,5-5,11-3,7-4,12-5,3-2,,,,,,4-4,8-6,9-4,54-28,54-28,0-0,0-0,9448,9094,354,4.0,3.0,,,2022-23
0,22022,1610612758,Sacramento,Kings,kings,West,32-20,3, - p,Pacific,9-7,1,48,34,0.585,0,48-34,23-18,25-16,5-5,4-6,7-3,4-1,9-7,19-13,6,W 6,7,W 7,7,4,-3,L 3,-2,L 2,-3,L 3,5.0,0.0,0,1,1,0.0,0,0,30-11,16-22,2-1,38-3,9-27,1-4,48-30,44-34,18-23,32-5,28-10,29-16,120.7,118.1,2.6,16-14,4-6,7-3,5-5,32-20,11-7,9-7,12-6,9-6,8-4,11-5,1-4,,,,,,2-4,9-5,8-6,48-34,48-34,0-0,0-0,9898,9681,217,10.0,3.0,,,2022-23
0,22022,1610612739,Cleveland,Cavaliers,cavaliers,East,34-18,4, - x,Central,13-3,2,51,31,0.622,0,51-31,31-10,20-21,7-3,6-4,7-3,7-0,5-8,33-11,7,W 7,-5,L 5,8,5,-1,L 1,2,W 2,-1,L 1,7.0,7.0,0,0,1,0.0,0,0,35-10,16-18,0-3,37-8,14-21,0-2,49-25,28-30,24-18,33-11,32-7,31-22,112.3,106.9,5.4,34-18,8-10,13-3,13-5,17-13,4-6,5-5,8-2,8-8,8-3,9-5,3-1,,,,,,5-1,9-7,9-6,51-31,51-31,0-0,0-0,9205,8764,441,7.0,4.0,,,2022-23
0,22022,1610612756,Phoenix,Suns,suns,West,30-22,4, - x,Pacific,9-7,2,45,37,0.549,0,45-37,28-13,17-24,7-3,7-3,5-5,1-3,4-9,28-17,7,W 7,4,W 4,7,6,-1,L 1,-1,L 1,-2,L 2,8.0,3.0,0,0,1,0.0,0,0,36-9,9-28,0-0,41-7,4-30,0-0,45-27,35-35,23-24,36-8,29-14,29-16,113.6,111.6,2.1,15-15,6-4,6-4,3-7,30-22,11-7,9-7,10-8,7-8,6-4,9-6,3-2,,,,,,5-1,10-5,5-11,45-37,45-37,0-0,0-0,9319,9149,170,13.0,4.0,,,2022-23
0,22022,1610612746,LA,Clippers,clippers,West,27-25,5, - x,Pacific,9-7,3,44,38,0.537,0,44-38,23-18,21-20,6-4,7-3,5-5,2-3,4-6,20-21,4,W 4,-5,L 5,5,6,3,W 3,1,W 1,3,W 3,9.0,4.0,0,0,1,0.0,0,0,24-9,16-28,4-1,33-10,9-26,2-2,41-28,35-38,20-25,32-10,28-8,20-10,113.6,113.1,0.5,17-13,6-4,6-4,5-5,27-25,6-12,9-7,12-6,8-8,4-6,8-6,3-1,,,,,,3-4,10-6,8-7,44-38,44-38,0-0,0-0,9314,9273,41,14.0,5.0,,,2022-23
0,22022,1610612752,New York,Knicks,knicks,East,32-20,5, - x,Atlantic,8-8,3,47,35,0.573,0,47-35,23-18,24-17,5-5,7-3,5-5,4-6,10-4,23-13,6,W 6,6,W 6,9,5,-1,L 1,-1,L 1,-2,L 2,11.0,10.0,0,0,1,0.0,0,0,37-12,10-22,0-1,38-9,7-23,2-3,46-31,36-35,25-20,36-12,39-16,18-13,116.0,113.1,2.9,32-20,8-8,12-6,12-6,15-15,7-3,4-6,4-6,8-7,9-2,9-6,2-2,,,,,,3-3,7-9,9-6,47-35,47-35,0-0,0-0,9514,9274,240,11.0,5.0,,,2022-23
0,22022,1610612744,Golden State,Warriors,warriors,West,30-22,6, - x,Pacific,7-9,4,44,38,0.537,0,44-38,33-8,11-30,8-2,9-1,4-6,2-3,4-8,24-16,10,W 10,-11,L 11,5,5,3,W 3,2,W 2,3,W 3,9.0,4.0,0,0,1,0.0,0,0,34-12,10-26,0-0,32-6,10-31,2-1,44-35,40-37,21-21,38-8,31-12,13-12,118.9,117.1,1.8,14-16,5-5,4-6,5-5,30-22,10-8,7-9,13-5,7-6,6-6,9-7,3-1,,,,,,3-4,8-7,8-7,44-38,44-38,0-0,0-0,9753,9605,148,14.0,6.0,,,2022-23
0,22022,1610612751,Brooklyn,Nets,nets,East,30-22,6, - x,Atlantic,7-9,4,45,37,0.549,0,45-37,23-18,22-19,6-4,4-6,6-4,1-1,10-4,22-17,6,W 6,7,W 7,12,5,-1,L 1,1,W 1,-1,L 1,13.0,12.0,0,0,1,0.0,0,0,28-12,17-24,0-1,36-7,8-30,1-0,44-27,36-36,26-24,39-12,16-6,25-16,113.4,112.5,0.9,30-22,7-9,7-11,16-2,15-15,6-4,4-6,5-5,7-7,3-8,8-8,3-2,,,,,,2-5,10-6,12-1,45-37,45-37,0-0,0-0,9295,9225,70,13.0,6.0,,,2022-23
0,22022,1610612747,Los Angeles,Lakers,lakers,West,27-25,7, - pi,Pacific,6-10,5,43,39,0.524,0,43-39,23-18,20-21,8-2,7-3,7-3,3-4,8-5,19-19,3,W 3,-6,L 6,5,5,2,W 2,-1,L 1,2,W 2,10.0,5.0,0,0,0,1.0,0,0,29-10,13-25,1-4,35-5,7-33,1-1,43-36,41-39,18-32,37-11,32-14,15-13,117.2,116.6,0.6,16-14,3-7,5-5,8-2,27-25,9-9,6-10,12-6,9-7,5-5,10-5,4-1,,,,,,1-5,7-7,7-9,43-39,43-39,0-0,0-0,9608,9561,47,15.0,7.0,,,2022-23
0,22022,1610612748,Miami,Heat,heat,East,24-28,7, - se,Southeast,10-6,1,44,38,0.537,0,44-38,27-14,17-24,6-4,8-2,4-6,3-2,14-8,12-13,8,W 8,-7,L 7,4,4,2,W 2,-1,L 1,1,W 1,14.0,0.0,0,1,0,1.0,0,0,30-10,13-26,1-2,26-5,15-32,3-1,41-27,32-37,25-24,25-4,26-10,28-23,109.5,109.8,-0.3,24-28,6-12,8-10,10-6,20-10,6-4,7-3,7-3,10-5,4-6,7-8,4-1,,,,,,2-5,8-7,9-6,44-38,44-38,0-0,0-0,8977,9003,-26,14.0,8.0,,,2022-23
0,22022,1610612737,Atlanta,Hawks,hawks,East,26-26,8, - pi,Southeast,8-8,2,41,41,0.5,0,41-41,24-17,17-24,5-5,6-4,3-7,4-2,10-7,19-15,3,W 3,-5,L 5,5,4,-1,L 1,-1,L 1,-2,L 2,17.0,3.0,0,0,0,1.0,0,0,31-12,9-29,1-0,35-9,5-29,1-3,41-39,37-41,21-25,32-7,25-15,26-23,118.4,118.1,0.3,26-26,6-12,12-6,8-8,15-15,4-6,6-4,5-5,8-7,6-5,7-8,3-2,,,,,,4-3,8-7,5-9,41-41,41-41,0-0,0-0,9711,9687,24,17.0,7.0,,,2022-23
0,22022,1610612750,Minnesota,Timberwolves,timberwolves,West,29-23,8, - pi,Northwest,8-8,2,42,40,0.512,0,42-40,22-19,20-21,7-3,3-7,7-3,1-4,6-7,15-16,5,W 5,4,W 4,5,6,1,W 1,2,W 2,3,W 3,11.0,11.0,0,0,0,1.0,0,0,28-18,13-21,1-1,32-9,8-30,2-1,41-36,39-39,28-25,36-15,19-12,24-14,115.8,115.8,0.0,13-17,4-6,5-5,4-6,29-23,8-8,10-8,11-7,11-5,5-6,7-7,3-1,,,,,,4-3,7-8,5-10,42-40,42-40,0-0,0-0,9494,9497,-3,16.0,8.0,,,2022-23
0,22022,1610612740,New Orleans,Pelicans,pelicans,West,29-23,9, - pi,Southwest,11-5,2,42,40,0.512,0,42-40,27-14,15-26,7-3,7-3,5-5,3-4,4-6,25-20,7,W 7,-6,L 6,7,10,2,W 2,-1,L 1,-1,L 1,11.0,9.0,0,0,0,1.0,0,0,31-13,9-26,2-1,34-8,7-32,1-0,42-33,33-39,19-29,35-10,34-14,19-15,114.4,112.5,1.9,13-17,4-6,5-5,4-6,29-23,9-9,9-9,11-5,3-13,4-6,9-6,3-2,,,,,,4-2,9-6,10-5,42-40,42-40,0-0,0-0,9378,9223,155,16.0,,,,2022-23
0,22022,1610612761,Toronto,Raptors,raptors,East,26-26,9, - pi,Atlantic,4-12,5,41,41,0.5,0,41-41,27-14,14-27,6-4,9-1,3-7,2-3,4-10,23-16,7,W 7,-6,L 6,4,6,4,W 4,-2,L 2,1,W 1,17.0,16.0,0,0,0,1.0,0,0,33-11,6-29,2-1,35-11,5-29,1-1,39-35,33-40,19-25,21-6,30-16,33-30,112.9,111.4,1.5,26-26,4-12,10-8,12-6,15-15,5-5,3-7,7-3,7-9,8-3,7-7,3-2,,,,,,4-3,7-7,5-10,41-41,41-41,0-0,0-0,9254,9133,121,17.0,,,,2022-23
0,22022,1610612741,Chicago,Bulls,bulls,East,27-25,10, - pi,Central,7-9,3,40,42,0.488,0,40-42,22-19,18-23,6-4,4-6,8-2,3-4,4-7,24-19,3,W 3,6,W 6,3,6,1,W 1,1,W 1,2,W 2,18.0,18.0,0,0,0,1.0,0,0,27-12,12-29,1-1,31-9,8-32,1-1,40-31,29-41,23-27,34-17,25-7,25-26,113.1,111.8,1.3,27-25,9-9,7-9,11-7,13-17,6-4,2-8,5-5,7-7,5-7,9-6,3-2,,,,,,3-4,6-8,7-8,40-42,40-42,0-0,0-0,9276,9170,106,18.0,,,,2022-23
0,22022,1610612760,Oklahoma City,Thunder,thunder,West,25-27,10, - pi,Northwest,9-7,3,40,42,0.488,0,40-42,24-17,16-25,4-6,7-3,5-5,2-4,7-7,21-15,5,W 5,-6,L 6,4,5,1,W 1,1,W 1,2,W 2,13.0,13.0,0,0,0,1.0,0,0,26-8,13-30,1-4,29-11,8-30,3-1,40-40,33-42,23-28,30-10,23-9,33-31,117.5,116.4,1.1,15-15,6-4,5-5,4-6,25-27,9-7,6-12,10-8,9-5,4-7,10-7,2-2,,,,,,3-3,6-10,6-8,40-42,40-42,0-0,0-0,9633,9544,89,18.0,,,,2022-23
0,22022,1610612742,Dallas,Mavericks,mavericks,West,28-24,11, - o,Southwest,9-7,3,38,44,0.463,0,38-44,23-18,15-26,2-8,3-7,3-7,4-5,8-12,11-12,6,W 6,-6,L 6,7,4,-2,L 2,-3,L 3,-2,L 2,15.0,13.0,0,0,0,0.0,1,1,26-14,10-30,2-0,29-11,8-32,1-1,36-36,32-42,21-25,24-9,10-4,20-22,114.2,114.1,0.1,10-20,6-4,2-8,2-8,28-24,9-9,10-8,9-7,6-9,5-6,5-9,1-4,,,,,,3-3,7-7,11-6,38-44,38-44,0-0,0-0,9366,9360,6,20.0,,,,2022-23
0,22022,1610612754,Indiana,Pacers,pacers,East,24-28,11, - o,Central,7-9,4,35,47,0.427,0,35-47,20-21,15-26,3-7,3-7,5-5,1-2,8-7,9-25,6,W 6,-11,L 11,5,7,-2,L 2,1,W 1,1,W 1,23.0,23.0,0,0,0,0.0,1,1,21-13,14-34,0-0,23-9,9-36,3-2,34-42,32-46,16-29,26-10,17-10,18-22,116.3,119.5,-3.2,24-28,7-11,7-9,10-8,11-19,2-8,5-5,4-6,4-11,4-7,6-9,1-3,,,,,,3-5,9-4,8-8,35-47,35-47,0-0,0-0,9535,9796,-261,23.0,,,,2022-23
0,22022,1610612762,Utah,Jazz,jazz,West,24-28,12, - o,Northwest,6-10,4,37,45,0.451,0,37-45,23-18,14-27,2-8,4-6,3-7,4-1,10-8,13-16,5,W 5,-6,L 6,4,5,1,W 1,-3,L 3,-1,L 1,16.0,16.0,0,0,0,0.0,1,1,26-9,10-35,1-1,27-9,8-33,2-3,37-40,37-45,21-30,25-15,24-23,11-13,117.1,118.0,-0.9,13-17,3-7,4-6,6-4,24-28,6-10,8-10,10-8,7-6,5-6,5-9,1-4,,,,,,6-2,7-9,6-9,37-45,37-45,0-0,0-0,9600,9677,-77,21.0,,,,2022-23
0,22022,1610612764,Washington,Wizards,wizards,East,21-31,12, - o,Southeast,8-8,3,35,47,0.427,0,35-47,19-22,16-25,3-7,4-6,3-7,1-2,7-6,19-21,-4,L 4,-10,L 10,6,10,-1,L 1,-6,L 6,-1,L 1,23.0,9.0,0,0,0,0.0,1,1,26-14,8-31,1-2,30-8,5-37,0-2,35-39,30-47,19-27,31-11,26-16,10-16,113.2,114.4,-1.2,21-31,5-13,8-10,8-8,14-16,4-6,3-7,7-3,8-5,5-6,5-11,1-4,,,,,,3-4,8-7,5-10,35-47,35-47,0-0,0-0,9279,9378,-99,23.0,,,,2022-23
0,22022,1610612753,Orlando,Magic,magic,East,20-32,13, - o,Southeast,7-9,4,34,48,0.415,0,34-48,20-21,14-27,5-5,5-5,3-7,2-2,5-6,16-24,-6,L 6,-6,L 6,6,9,-2,L 2,-2,L 2,-4,L 4,24.0,10.0,0,0,0,0.0,1,1,25-11,7-35,2-2,24-6,9-41,1-1,32-40,26-48,19-30,30-11,25-17,15-23,111.4,114.0,-2.6,20-32,8-10,5-13,7-9,14-16,4-6,5-5,5-5,7-7,6-5,7-8,1-4,,,,,,1-6,4-11,8-7,34-48,34-48,0-0,0-0,9136,9346,-210,24.0,,,,2022-23
0,22022,1610612757,Portland,Trail Blazers,blazers,West,23-29,13, - o,Northwest,7-9,5,33,49,0.402,0,33-49,17-24,16-25,1-9,0-10,4-6,2-0,8-7,18-28,-10,L 10,-8,L 8,4,6,-10,L 10,-3,L 3,-4,L 4,20.0,20.0,0,0,0,0.0,1,1,21-14,11-34,1-1,25-11,6-36,2-2,33-38,30-49,17-30,25-12,21-15,14-17,113.4,117.4,-4.0,10-20,1-9,3-7,6-4,23-29,7-9,6-12,10-8,6-9,5-6,3-13,1-4,,,,,,5-1,6-10,7-6,33-49,33-49,0-0,0-0,9299,9628,-329,25.0,,,,2022-23
0,22022,1610612745,Houston,Rockets,rockets,West,12-40,14, - o,Southwest,4-12,4,22,60,0.268,0,22-60,14-27,8-33,4-6,5-5,3-7,1-1,5-4,6-36,-10,L 10,-8,L 8,3,13,1,W 1,2,W 2,3,W 3,31.0,29.0,0,0,0,0.0,0,0,14-16,7-44,1-0,15-12,7-48,0-0,21-49,19-57,10-38,14-14,19-34,6-10,110.7,118.6,-7.9,10-20,2-8,4-6,4-6,12-40,5-13,3-15,4-12,2-12,1-10,6-11,3-1,,,,,,1-7,4-9,5-10,22-60,22-60,0-0,0-0,9081,9725,-644,36.0,,,,2022-23
0,22022,1610612766,Charlotte,Hornets,hornets,East,15-37,14, - o,Southeast,7-9,5,27,55,0.329,0,27-55,13-28,14-27,5-5,2-8,6-4,1-4,3-3,8-35,-6,L 6,-7,L 7,5,8,-4,L 4,3,W 3,1,W 1,31.0,17.0,0,0,0,0.0,1,1,15-8,11-45,1-2,18-6,9-48,0-1,27-42,25-54,15-31,21-7,16-17,12-30,111.0,117.2,-6.2,15-37,2-16,6-12,7-9,12-18,4-6,3-7,5-5,5-10,5-6,6-9,1-3,,,,,,3-4,3-11,4-12,27-55,27-55,0-0,0-0,9098,9610,-512,31.0,,,,2022-23
0,22022,1610612759,San Antonio,Spurs,spurs,West,10-42,15, - o,Southwest,3-13,5,22,60,0.268,0,22-60,14-27,8-33,3-7,4-6,3-7,1-5,3-3,6-42,-5,L 5,-18,L 18,3,16,-1,L 1,1,W 1,1,W 1,31.0,29.0,0,0,0,0.0,0,0,17-11,4-47,1-2,18-8,3-52,1-0,22-48,17-60,12-36,19-3,15-17,5-25,113.0,123.1,-10.0,12-18,3-7,6-4,3-7,10-42,6-12,1-17,3-13,2-13,1-10,4-11,3-2,,,,,,5-2,1-14,6-8,22-60,22-60,0-0,0-0,9269,10092,-823,36.0,,,,2022-23
0,22022,1610612765,Detroit,Pistons,pistons,East,8-44,15, - o,Central,2-14,5,17,65,0.207,0,17-65,9-32,8-33,1-9,1-9,1-9,3-1,2-8,6-37,-6,L 6,-13,L 13,2,11,-5,L 5,-1,L 1,-1,L 1,41.0,41.0,0,0,0,0.0,1,1,12-14,5-50,0-1,14-6,2-55,1-4,17-51,15-63,7-39,14-12,11-14,11-18,110.3,118.5,-8.2,8-44,1-17,2-14,5-13,9-21,5-5,2-8,2-8,3-10,2-8,1-14,1-4,,,,,,2-6,3-12,5-11,17-65,17-65,0-0,0-0,9045,9719,-674,41.0,,,,2022-23
