Team_ID,Game_ID,GAME_DATE,MATCHUP,WL,W,L,W_PCT,MIN,FGM,FGA,FG_PCT,FG3M,FG3A,FG3_PCT,FTM,FTA,FT_PCT,OREB,DREB,REB,AST,STL,BLK,TOV,PF,PTS,comparable_name,season,note
1610612748,21001221,"APR 13, 2011",MIA @ TOR,W,58,24,0.707,240,37,81,0.457,13,26,0.5,10,14,0.714,13,27,40,20,6,1,14,18,97,Miami Heat 2010-11,2010-11,"LeBron + Wade + Bosh, primer año de integración"
1610612748,21001202,"APR 11, 2011",MIA @ ATL,W,57,24,0.704,240,36,69,0.522,6,17,0.353,20,24,0.833,10,28,38,24,5,3,17,19,98,Miami Heat 2010-11,2010-11,"LeBron + Wade + Bosh, primer año de integración"
1610612748,21001194,"APR 10, 2011",MIA vs. BOS,W,56,24,0.7,240,38,75,0.507,6,18,0.333,18,26,0.692,15,27,42,24,9,4,17,17,100,Miami Heat 2010-11,2010-11,"LeBron + Wade + Bosh, primer año de integración"
1610612748,21001182,"APR 08, 2011",MIA vs. CHA,W,55,24,0.696,240,39,69,0.565,3,9,0.333,31,35,0.886,5,29,34,26,7,4,16,20,112,Miami Heat 2010-11,2010-11,"LeBron + Wade + Bosh, primer año de integración"
1610612748,21001164,"APR 06, 2011",MIA vs. MIL,L,54,24,0.692,240,30,74,0.405,8,23,0.348,17,21,0.81,12,31,43,14,6,6,16,15,85,Miami Heat 2010-11,2010-11,"LeBron + Wade + Bosh, primer año de integración"
1610612748,21001142,"APR 03, 2011",MIA @ NJN,W,54,23,0.701,240,42,75,0.56,5,15,0.333,19,32,0.594,8,42,50,22,5,4,15,23,108,Miami Heat 2010-11,2010-11,"LeBron + Wade + Bosh, primer año de integración"
1610612748,21001126,"APR 01, 2011",MIA @ MIN,W,53,23,0.697,240,42,77,0.545,4,13,0.308,23,30,0.767,9,37,46,26,8,3,18,20,111,Miami Heat 2010-11,2010-11,"LeBron + Wade + Bosh, primer año de integración"
1610612748,21001110,"MAR 30, 2011",MIA @ WAS,W,52,23,0.693,240,41,71,0.577,10,19,0.526,31,39,0.795,8,27,35,28,7,7,13,18,123,Miami Heat 2010-11,2010-11,"LeBron + Wade + Bosh, primer año de integración"
1610612748,21001101,"MAR 29, 2011",MIA @ CLE,L,51,23,0.689,240,33,78,0.423,10,25,0.4,14,22,0.636,8,22,30,24,5,3,12,25,90,Miami Heat 2010-11,2010-11,"LeBron + Wade + Bosh, primer año de integración"
1610612748,21001089,"MAR 27, 2011",MIA vs. HOU,W,51,22,0.699,240,46,92,0.5,5,17,0.294,28,34,0.824,17,31,48,16,1,6,10,19,125,Miami Heat 2010-11,2010-11,"LeBron + Wade + Bosh, primer año de integración"
1610612748,21001072,"MAR 25, 2011",MIA vs. PHI,W,50,22,0.694,240,41,83,0.494,7,20,0.35,22,28,0.786,15,34,49,22,11,6,15,17,111,Miami Heat 2010-11,2010-11,"LeBron + Wade + Bosh, primer año de integración"
1610612748,21001058,"MAR 23, 2011",MIA @ DET,W,49,22,0.69,240,31,64,0.484,6,19,0.316,32,39,0.821,8,26,34,20,6,1,11,21,100,Miami Heat 2010-11,2010-11,"LeBron + Wade + Bosh, primer año de integración"
1610612748,21001030,"MAR 19, 2011",MIA vs. DEN,W,48,22,0.686,240,36,71,0.507,6,20,0.3,25,29,0.862,4,34,38,15,6,11,12,22,103,Miami Heat 2010-11,2010-11,"LeBron + Wade + Bosh, primer año de integración"
1610612748,21001020,"MAR 18, 2011",MIA @ ATL,W,47,22,0.681,240,38,71,0.535,11,22,0.5,19,26,0.731,8,42,50,28,2,3,16,23,106,Miami Heat 2010-11,2010-11,"LeBron + Wade + Bosh, primer año de integración"
1610612748,21001006,"MAR 16, 2011",MIA vs. OKC,L,46,22,0.676,240,30,78,0.385,3,17,0.176,22,28,0.786,9,31,40,14,5,8,11,19,85,Miami Heat 2010-11,2010-11,"LeBron + Wade + Bosh, primer año de integración"
1610612748,21000993,"MAR 14, 2011",MIA vs. SAS,W,46,21,0.687,240,42,78,0.538,3,9,0.333,23,24,0.958,8,39,47,25,9,5,11,21,110,Miami Heat 2010-11,2010-11,"LeBron + Wade + Bosh, primer año de integración"
1610612748,21000976,"MAR 12, 2011",MIA vs. MEM,W,45,21,0.682,240,40,69,0.58,12,19,0.632,26,30,0.867,5,35,40,27,10,11,13,25,118,Miami Heat 2010-11,2010-11,"LeBron + Wade + Bosh, primer año de integración"
1610612748,21000964,"MAR 10, 2011",MIA vs. LAL,W,44,21,0.677,240,37,81,0.457,8,19,0.421,12,18,0.667,18,28,46,17,8,3,15,19,94,Miami Heat 2010-11,2010-11,"LeBron + Wade + Bosh, primer año de integración"
1610612748,21000951,"MAR 08, 2011",MIA vs. POR,L,43,21,0.672,240,37,72,0.514,7,22,0.318,15,19,0.789,6,25,31,20,6,2,13,21,96,Miami Heat 2010-11,2010-11,"LeBron + Wade + Bosh, primer año de integración"
1610612748,21000931,"MAR 06, 2011",MIA vs. CHI,L,43,20,0.683,240,33,68,0.485,3,9,0.333,17,23,0.739,8,22,30,18,8,4,16,23,86,Miami Heat 2010-11,2010-11,"LeBron + Wade + Bosh, primer año de integración"
1610612748,21000923,"MAR 04, 2011",MIA @ SAS,L,43,19,0.694,240,37,78,0.474,7,20,0.35,14,20,0.7,6,34,40,23,3,2,14,22,95,Miami Heat 2010-11,2010-11,"LeBron + Wade + Bosh, primer año de integración"
1610612748,21000912,"MAR 03, 2011",MIA vs. ORL,L,43,18,0.705,240,35,75,0.467,3,17,0.176,23,30,0.767,8,27,35,13,10,5,12,19,96,Miami Heat 2010-11,2010-11,"LeBron + Wade + Bosh, primer año de integración"
1610612748,21000887,"FEB 27, 2011",MIA vs. NYK,L,43,17,0.717,240,32,74,0.432,6,22,0.273,16,22,0.727,6,36,42,20,9,3,18,18,86,Miami Heat 2010-11,2010-11,"LeBron + Wade + Bosh, primer año de integración"
1610612748,21000866,"FEB 25, 2011",MIA vs. WAS,W,43,16,0.729,240,41,78,0.526,5,13,0.385,34,45,0.756,5,29,34,14,5,6,8,17,121,Miami Heat 2010-11,2010-11,"LeBron + Wade + Bosh, primer año de integración"
1610612748,21000859,"FEB 24, 2011",MIA @ CHI,L,42,16,0.724,240,32,79,0.405,2,12,0.167,23,27,0.852,6,33,39,12,8,5,12,23,89,Miami Heat 2010-11,2010-11,"LeBron + Wade + Bosh, primer año de integración"
1610612748,21000841,"FEB 22, 2011",MIA vs. SAC,W,42,15,0.737,240,51,90,0.567,7,18,0.389,8,11,0.727,8,35,43,20,9,4,9,19,117,Miami Heat 2010-11,2010-11,"LeBron + Wade + Bosh, primer año de integración"
1610612748,21000825,"FEB 16, 2011",MIA @ TOR,W,41,15,0.732,240,36,73,0.493,2,11,0.182,29,37,0.784,10,39,49,22,5,6,17,14,103,Miami Heat 2010-11,2010-11,"LeBron + Wade + Bosh, primer año de integración"
1610612748,21000818,"FEB 15, 2011",MIA @ IND,W,40,15,0.727,240,43,88,0.489,4,16,0.25,20,26,0.769,10,40,50,15,6,8,13,21,110,Miami Heat 2010-11,2010-11,"LeBron + Wade + Bosh, primer año de integración"
1610612748,21000804,"FEB 13, 2011",MIA @ BOS,L,39,15,0.722,240,31,74,0.419,3,16,0.188,17,23,0.739,9,32,41,17,3,3,15,21,82,Miami Heat 2010-11,2010-11,"LeBron + Wade + Bosh, primer año de integración"
1610612748,21000792,"FEB 11, 2011",MIA @ DET,W,39,14,0.736,240,38,75,0.507,6,14,0.429,24,29,0.828,11,33,44,29,9,3,16,17,106,Miami Heat 2010-11,2010-11,"LeBron + Wade + Bosh, primer año de integración"
1610612748,21000769,"FEB 08, 2011",MIA vs. IND,W,38,14,0.731,240,44,83,0.53,8,24,0.333,21,28,0.75,10,26,36,20,10,3,11,14,117,Miami Heat 2010-11,2010-11,"LeBron + Wade + Bosh, primer año de integración"
1610612748,21000754,"FEB 06, 2011",MIA vs. LAC,W,37,14,0.725,240,34,77,0.442,10,28,0.357,19,28,0.679,10,34,44,19,9,7,13,24,97,Miami Heat 2010-11,2010-11,"LeBron + Wade + Bosh, primer año de integración"
1610612748,21000733,"FEB 04, 2011",MIA @ CHA,W,36,14,0.72,240,43,78,0.551,9,19,0.474,14,19,0.737,9,27,36,24,12,3,8,25,109,Miami Heat 2010-11,2010-11,"LeBron + Wade + Bosh, primer año de integración"
1610612748,21000730,"FEB 03, 2011",MIA @ ORL,W,35,14,0.714,240,36,72,0.5,7,16,0.438,25,36,0.694,9,35,44,19,6,6,10,27,104,Miami Heat 2010-11,2010-11,"LeBron + Wade + Bosh, primer año de integración"
1610612748,21000710,"JAN 31, 2011",MIA vs. CLE,W,34,14,0.708,240,43,88,0.489,8,18,0.444,23,28,0.821,16,34,50,19,7,6,13,20,117,Miami Heat 2010-11,2010-11,"LeBron + Wade + Bosh, primer año de integración"
1610612748,21000701,"JAN 30, 2011",MIA @ OKC,W,33,14,0.702,240,39,75,0.52,8,18,0.444,22,32,0.688,12,29,41,21,10,9,20,24,108,Miami Heat 2010-11,2010-11,"LeBron + Wade + Bosh, primer año de integración"
1610612748,21000686,"JAN 28, 2011",MIA vs. DET,W,32,14,0.696,240,33,73,0.452,5,24,0.208,17,22,0.773,9,33,42,18,3,5,9,16,88,Miami Heat 2010-11,2010-11,"LeBron + Wade + Bosh, primer año de integración"
1610612748,21000678,"JAN 27, 2011",MIA @ NYK,L,31,14,0.689,240,30,72,0.417,5,19,0.263,23,33,0.697,11,38,49,13,7,5,17,22,88,Miami Heat 2010-11,2010-11,"LeBron + Wade + Bosh, primer año de integración"
1610612748,21000643,"JAN 22, 2011",MIA vs. TOR,W,31,13,0.705,240,42,80,0.525,16,26,0.615,20,26,0.769,10,32,42,27,4,8,13,22,120,Miami Heat 2010-11,2010-11,"LeBron + Wade + Bosh, primer año de integración"
1610612748,21000611,"JAN 18, 2011",MIA vs. ATL,L,30,13,0.698,265,28,77,0.364,7,30,0.233,26,29,0.897,11,35,46,12,6,5,16,18,89,Miami Heat 2010-11,2010-11,"LeBron + Wade + Bosh, primer año de integración"
1610612748,21000591,"JAN 15, 2011",MIA @ CHI,L,30,12,0.714,240,34,77,0.442,13,28,0.464,15,20,0.75,6,24,30,18,2,9,12,20,96,Miami Heat 2010-11,2010-11,"LeBron + Wade + Bosh, primer año de integración"
1610612748,21000575,"JAN 13, 2011",MIA @ DEN,L,30,11,0.732,240,41,89,0.461,10,23,0.435,10,18,0.556,12,29,41,23,3,5,16,15,102,Miami Heat 2010-11,2010-11,"LeBron + Wade + Bosh, primer año de integración"
1610612748,21000572,"JAN 12, 2011",MIA @ LAC,L,30,10,0.75,240,37,88,0.42,8,27,0.296,23,30,0.767,13,33,46,22,3,5,7,21,105,Miami Heat 2010-11,2010-11,"LeBron + Wade + Bosh, primer año de integración"
1610612748,21000549,"JAN 09, 2011",MIA @ POR,W,30,9,0.769,265,45,79,0.57,5,15,0.333,12,16,0.75,7,34,41,19,7,3,17,22,107,Miami Heat 2010-11,2010-11,"LeBron + Wade + Bosh, primer año de integración"
1610612748,21000532,"JAN 07, 2011",MIA @ MIL,W,29,9,0.763,265,35,89,0.393,5,12,0.417,26,32,0.813,13,35,48,20,11,6,16,21,101,Miami Heat 2010-11,2010-11,"LeBron + Wade + Bosh, primer año de integración"
1610612748,21000505,"JAN 04, 2011",MIA vs. MIL,W,28,9,0.757,240,33,74,0.446,4,12,0.333,31,37,0.838,12,35,47,14,8,7,13,22,101,Miami Heat 2010-11,2010-11,"LeBron + Wade + Bosh, primer año de integración"
1610612748,21000499,"JAN 03, 2011",MIA @ CHA,W,27,9,0.75,240,37,76,0.487,5,15,0.333,17,19,0.895,10,36,46,15,5,5,11,15,96,Miami Heat 2010-11,2010-11,"LeBron + Wade + Bosh, primer año de integración"
1610612748,21000486,"JAN 01, 2011",MIA vs. GSW,W,26,9,0.743,240,35,71,0.493,9,21,0.429,35,47,0.745,10,33,43,24,7,6,14,12,114,Miami Heat 2010-11,2010-11,"LeBron + Wade + Bosh, primer año de integración"
1610612748,21000469,"DEC 29, 2010",MIA @ HOU,W,25,9,0.735,240,43,74,0.581,5,16,0.313,34,37,0.919,4,36,40,20,3,9,16,26,125,Miami Heat 2010-11,2010-11,"LeBron + Wade + Bosh, primer año de integración"
1610612748,21000457,"DEC 28, 2010",MIA vs. NYK,W,24,9,0.727,240,38,79,0.481,3,13,0.231,27,34,0.794,13,37,50,15,2,5,10,20,106,Miami Heat 2010-11,2010-11,"LeBron + Wade + Bosh, primer año de integración"
1610612748,21000435,"DEC 25, 2010",MIA @ LAL,W,23,9,0.719,240,35,79,0.443,9,25,0.36,17,20,0.85,9,35,44,25,9,4,9,17,96,Miami Heat 2010-11,2010-11,"LeBron + Wade + Bosh, primer año de integración"
1610612748,21000432,"DEC 23, 2010",MIA @ PHX,W,22,9,0.71,240,37,82,0.451,5,18,0.278,16,17,0.941,11,33,44,12,9,4,16,22,95,Miami Heat 2010-11,2010-11,"LeBron + Wade + Bosh, primer año de integración"
1610612748,21000410,"DEC 20, 2010",MIA vs. DAL,L,21,9,0.7,240,34,84,0.405,11,31,0.355,17,25,0.68,16,28,44,18,7,5,12,20,96,Miami Heat 2010-11,2010-11,"LeBron + Wade + Bosh, primer año de integración"
1610612748,21000393,"DEC 18, 2010",MIA @ WAS,W,21,8,0.724,240,31,72,0.431,8,22,0.364,25,32,0.781,8,36,44,18,8,9,17,20,95,Miami Heat 2010-11,2010-11,"LeBron + Wade + Bosh, primer año de integración"
1610612748,21000382,"DEC 17, 2010",MIA @ NYK,W,20,8,0.714,240,45,82,0.549,10,18,0.556,13,18,0.722,8,37,45,19,10,9,18,20,113,Miami Heat 2010-11,2010-11,"LeBron + Wade + Bosh, primer año de integración"
1610612748,21000371,"DEC 15, 2010",MIA vs. CLE,W,19,8,0.704,240,32,70,0.457,10,23,0.435,27,41,0.659,9,36,45,17,4,8,13,20,101,Miami Heat 2010-11,2010-11,"LeBron + Wade + Bosh, primer año de integración"
1610612748,21000355,"DEC 13, 2010",MIA vs. NOH,W,18,8,0.692,240,31,70,0.443,4,14,0.286,30,38,0.789,8,28,36,17,6,9,6,25,96,Miami Heat 2010-11,2010-11,"LeBron + Wade + Bosh, primer año de integración"
1610612748,21000348,"DEC 11, 2010",MIA @ SAC,W,17,8,0.68,240,41,79,0.519,7,14,0.5,15,24,0.625,11,45,56,22,7,8,14,18,104,Miami Heat 2010-11,2010-11,"LeBron + Wade + Bosh, primer año de integración"
1610612748,21000340,"DEC 10, 2010",MIA @ GSW,W,16,8,0.667,240,41,78,0.526,9,14,0.643,15,21,0.714,15,35,50,33,8,7,16,16,106,Miami Heat 2010-11,2010-11,"LeBron + Wade + Bosh, primer año de integración"
1610612748,21000324,"DEC 08, 2010",MIA @ UTA,W,15,8,0.652,240,41,80,0.513,9,20,0.45,20,25,0.8,15,27,42,22,8,1,15,21,111,Miami Heat 2010-11,2010-11,"LeBron + Wade + Bosh, primer año de integración"
1610612748,21000306,"DEC 06, 2010",MIA @ MIL,W,14,8,0.636,240,35,72,0.486,5,8,0.625,13,18,0.722,11,37,48,20,2,3,18,26,88,Miami Heat 2010-11,2010-11,"LeBron + Wade + Bosh, primer año de integración"
1610612748,21000288,"DEC 04, 2010",MIA vs. ATL,W,13,8,0.619,240,34,72,0.472,3,8,0.375,18,23,0.783,6,37,43,15,7,9,9,16,89,Miami Heat 2010-11,2010-11,"LeBron + Wade + Bosh, primer año de integración"
1610612748,21000273,"DEC 02, 2010",MIA @ CLE,W,12,8,0.6,240,47,83,0.566,10,24,0.417,14,21,0.667,9,34,43,30,7,5,9,28,118,Miami Heat 2010-11,2010-11,"LeBron + Wade + Bosh, primer año de integración"
1610612748,21000265,"DEC 01, 2010",MIA vs. DET,W,11,8,0.579,240,39,76,0.513,6,12,0.5,13,21,0.619,10,35,45,23,10,4,10,18,97,Miami Heat 2010-11,2010-11,"LeBron + Wade + Bosh, primer año de integración"
1610612748,21000250,"NOV 29, 2010",MIA vs. WAS,W,10,8,0.556,240,34,74,0.459,4,12,0.333,33,42,0.786,9,36,45,15,6,6,15,21,105,Miami Heat 2010-11,2010-11,"LeBron + Wade + Bosh, primer año de integración"
1610612748,21000239,"NOV 27, 2010",MIA @ DAL,L,9,8,0.529,240,31,75,0.413,5,15,0.333,28,35,0.8,10,33,43,17,8,5,14,24,95,Miami Heat 2010-11,2010-11,"LeBron + Wade + Bosh, primer año de integración"
1610612748,21000226,"NOV 26, 2010",MIA vs. PHI,W,9,7,0.563,240,35,78,0.449,6,16,0.375,23,29,0.793,12,27,39,19,7,3,9,16,99,Miami Heat 2010-11,2010-11,"LeBron + Wade + Bosh, primer año de integración"
1610612748,21000213,"NOV 24, 2010",MIA @ ORL,L,8,7,0.533,240,34,82,0.415,4,18,0.222,23,29,0.793,13,25,38,19,6,2,10,27,95,Miami Heat 2010-11,2010-11,"LeBron + Wade + Bosh, primer año de integración"
1610612748,21000196,"NOV 22, 2010",MIA vs. IND,L,8,6,0.571,240,24,62,0.387,4,20,0.2,25,38,0.658,6,33,39,16,4,10,22,19,77,Miami Heat 2010-11,2010-11,"LeBron + Wade + Bosh, primer año de integración"
1610612748,21000185,"NOV 20, 2010",MIA @ MEM,L,8,5,0.615,240,38,79,0.481,10,22,0.455,9,12,0.75,6,26,32,20,6,1,6,22,95,Miami Heat 2010-11,2010-11,"LeBron + Wade + Bosh, primer año de integración"
1610612748,21000175,"NOV 19, 2010",MIA vs. CHA,W,8,4,0.667,240,34,80,0.425,5,17,0.294,22,27,0.815,10,34,44,14,6,3,12,18,95,Miami Heat 2010-11,2010-11,"LeBron + Wade + Bosh, primer año de integración"
1610612748,21000158,"NOV 17, 2010",MIA vs. PHX,W,7,4,0.636,240,47,86,0.547,7,19,0.368,22,25,0.88,9,33,42,29,9,3,11,27,123,Miami Heat 2010-11,2010-11,"LeBron + Wade + Bosh, primer año de integración"
1610612748,21000133,"NOV 13, 2010",MIA vs. TOR,W,6,4,0.6,240,40,79,0.506,3,10,0.3,26,36,0.722,11,27,38,18,5,2,9,22,109,Miami Heat 2010-11,2010-11,"LeBron + Wade + Bosh, primer año de integración"
1610612748,21000118,"NOV 11, 2010",MIA vs. BOS,L,5,4,0.556,240,36,72,0.5,3,16,0.188,32,41,0.78,11,26,37,18,4,4,14,22,107,Miami Heat 2010-11,2010-11,"LeBron + Wade + Bosh, primer año de integración"
1610612748,21000103,"NOV 09, 2010",MIA vs. UTA,L,5,3,0.625,265,36,82,0.439,6,15,0.4,36,47,0.766,10,36,46,21,3,7,11,20,114,Miami Heat 2010-11,2010-11,"LeBron + Wade + Bosh, primer año de integración"
1610612748,21000082,"NOV 06, 2010",MIA vs. NJN,W,5,2,0.714,240,36,74,0.486,6,15,0.4,23,29,0.793,6,38,44,19,7,7,12,16,101,Miami Heat 2010-11,2010-11,"LeBron + Wade + Bosh, primer año de integración"
1610612748,21000075,"NOV 05, 2010",MIA @ NOH,L,4,2,0.667,240,33,78,0.423,5,21,0.238,22,24,0.917,8,28,36,19,6,5,13,17,93,Miami Heat 2010-11,2010-11,"LeBron + Wade + Bosh, primer año de integración"
1610612748,21000050,"NOV 02, 2010",MIA vs. MIN,W,4,1,0.8,240,46,79,0.582,12,21,0.571,25,31,0.806,8,39,47,31,9,7,14,27,129,Miami Heat 2010-11,2010-11,"LeBron + Wade + Bosh, primer año de integración"
1610612748,21000040,"OCT 31, 2010",MIA @ NJN,W,3,1,0.75,240,36,67,0.537,5,16,0.313,24,34,0.706,5,35,40,29,10,6,8,21,101,Miami Heat 2010-11,2010-11,"LeBron + Wade + Bosh, primer año de integración"
1610612748,21000025,"OCT 29, 2010",MIA vs. ORL,W,2,1,0.667,240,33,81,0.407,9,18,0.5,21,27,0.778,14,37,51,17,6,5,12,27,96,Miami Heat 2010-11,2010-11,"LeBron + Wade + Bosh, primer año de integración"
1610612748,21000006,"OCT 27, 2010",MIA @ PHI,W,1,1,0.5,240,33,69,0.478,8,16,0.5,23,31,0.742,5,32,37,15,8,6,16,18,97,Miami Heat 2010-11,2010-11,"LeBron + Wade + Bosh, primer año de integración"
1610612748,21000001,"OCT 26, 2010",MIA @ BOS,L,0,1,0.0,240,27,74,0.365,8,20,0.4,18,25,0.72,11,28,39,15,10,6,17,21,80,Miami Heat 2010-11,2010-11,"LeBron + Wade + Bosh, primer año de integración"
1610612744,21601229,"APR 12, 2017",GSW vs. LAL,W,67,15,0.817,240,41,90,0.456,12,36,0.333,15,22,0.682,14,40,54,26,14,8,20,17,109,Golden State Warriors 2016-17,2016-17,Incorporación de Durant a un core ya campeón
1610612744,21601211,"APR 10, 2017",GSW vs. UTA,L,66,15,0.815,240,39,80,0.488,9,25,0.36,12,17,0.706,8,34,42,25,5,6,13,17,99,Golden State Warriors 2016-17,2016-17,Incorporación de Durant a un core ya campeón
1610612744,21601195,"APR 08, 2017",GSW vs. NOP,W,66,14,0.825,240,49,96,0.51,10,33,0.303,15,16,0.938,14,39,53,37,2,4,9,15,123,Golden State Warriors 2016-17,2016-17,Incorporación de Durant a un core ya campeón
1610612744,21601171,"APR 05, 2017",GSW @ PHX,W,65,14,0.823,240,45,89,0.506,13,30,0.433,17,24,0.708,7,32,39,25,13,9,15,19,120,Golden State Warriors 2016-17,2016-17,Incorporación de Durant a un core ya campeón
1610612744,21601162,"APR 04, 2017",GSW vs. MIN,W,64,14,0.821,240,44,84,0.524,14,32,0.438,19,24,0.792,8,32,40,33,9,7,13,19,121,Golden State Warriors 2016-17,2016-17,Incorporación de Durant a un core ya campeón
1610612744,21601152,"APR 02, 2017",GSW vs. WAS,W,63,14,0.818,240,50,88,0.568,16,36,0.444,23,26,0.885,10,34,44,34,7,10,16,20,139,Golden State Warriors 2016-17,2016-17,Incorporación de Durant a un core ya campeón
1610612744,21601136,"MAR 31, 2017",GSW vs. HOU,W,62,14,0.816,240,43,95,0.453,11,32,0.344,10,14,0.714,13,30,43,27,10,14,10,20,107,Golden State Warriors 2016-17,2016-17,Incorporación de Durant a un core ya campeón
1610612744,21601118,"MAR 29, 2017",GSW @ SAS,W,61,14,0.813,240,43,85,0.506,13,26,0.5,11,11,1.0,10,25,35,31,7,7,15,22,110,Golden State Warriors 2016-17,2016-17,Incorporación de Durant a un core ya campeón
1610612744,21601108,"MAR 28, 2017",GSW @ HOU,W,60,14,0.811,240,45,88,0.511,11,41,0.268,12,16,0.75,8,36,44,33,9,7,16,29,113,Golden State Warriors 2016-17,2016-17,Incorporación de Durant a un core ya campeón
1610612744,21601094,"MAR 26, 2017",GSW vs. MEM,W,59,14,0.808,240,39,71,0.549,17,31,0.548,11,15,0.733,7,30,37,30,9,4,18,15,106,Golden State Warriors 2016-17,2016-17,Incorporación de Durant a un core ya campeón
1610612744,21601081,"MAR 24, 2017",GSW vs. SAC,W,58,14,0.806,240,44,89,0.494,10,31,0.323,16,18,0.889,13,31,44,37,14,8,12,15,114,Golden State Warriors 2016-17,2016-17,Incorporación de Durant a un core ya campeón
1610612744,21601055,"MAR 21, 2017",GSW @ DAL,W,57,14,0.803,240,43,78,0.551,13,30,0.433,13,16,0.813,4,42,46,34,10,2,16,20,112,Golden State Warriors 2016-17,2016-17,Incorporación de Durant a un core ya campeón
1610612744,21601049,"MAR 20, 2017",GSW @ OKC,W,56,14,0.8,240,40,83,0.482,15,33,0.455,16,21,0.762,9,37,46,28,8,8,16,22,111,Golden State Warriors 2016-17,2016-17,Incorporación de Durant a un core ya campeón
1610612744,21601035,"MAR 18, 2017",GSW vs. MIL,W,55,14,0.797,240,45,75,0.6,12,23,0.522,15,19,0.789,6,38,44,30,5,6,12,16,117,Golden State Warriors 2016-17,2016-17,Incorporación de Durant a un core ya campeón
1610612744,21601019,"MAR 16, 2017",GSW vs. ORL,W,54,14,0.794,240,50,87,0.575,10,26,0.385,12,23,0.522,7,40,47,36,14,9,12,18,122,Golden State Warriors 2016-17,2016-17,Incorporación de Durant a un core ya campeón
1610612744,21601003,"MAR 14, 2017",GSW vs. PHI,W,53,14,0.791,240,32,88,0.364,14,32,0.438,28,35,0.8,13,30,43,24,12,11,18,24,106,Golden State Warriors 2016-17,2016-17,Incorporación de Durant a un core ya campeón
1610612744,21600980,"MAR 11, 2017",GSW @ SAS,L,52,14,0.788,240,33,92,0.359,5,17,0.294,14,23,0.609,20,29,49,19,10,4,15,16,85,Golden State Warriors 2016-17,2016-17,Incorporación de Durant a un core ya campeón
1610612744,21600968,"MAR 10, 2017",GSW @ MIN,L,52,13,0.8,240,41,88,0.466,7,24,0.292,13,17,0.765,12,31,43,25,9,5,12,21,102,Golden State Warriors 2016-17,2016-17,Incorporación de Durant a un core ya campeón
1610612744,21600959,"MAR 08, 2017",GSW vs. BOS,L,52,12,0.813,240,37,84,0.44,6,30,0.2,6,9,0.667,12,34,46,23,8,12,17,20,86,Golden State Warriors 2016-17,2016-17,Incorporación de Durant a un core ya campeón
1610612744,21600937,"MAR 06, 2017",GSW @ ATL,W,52,11,0.825,240,41,87,0.471,20,44,0.455,17,22,0.773,13,30,43,33,10,4,14,22,119,Golden State Warriors 2016-17,2016-17,Incorporación de Durant a un core ya campeón
1610612744,21600928,"MAR 05, 2017",GSW @ NYK,W,51,11,0.823,240,40,88,0.455,13,35,0.371,19,23,0.826,11,24,35,21,11,3,8,18,112,Golden State Warriors 2016-17,2016-17,Incorporación de Durant a un core ya campeón
1610612744,21600906,"MAR 02, 2017",GSW @ CHI,L,50,11,0.82,240,34,88,0.386,6,30,0.2,13,14,0.929,6,35,41,23,10,6,15,18,87,Golden State Warriors 2016-17,2016-17,Incorporación de Durant a un core ya campeón
1610612744,21600889,"FEB 28, 2017",GSW @ WAS,L,50,10,0.833,240,39,84,0.464,8,29,0.276,22,27,0.815,13,28,41,28,10,6,19,23,108,Golden State Warriors 2016-17,2016-17,Incorporación de Durant a un core ya campeón
1610612744,21600883,"FEB 27, 2017",GSW @ PHI,W,50,9,0.847,240,40,89,0.449,6,29,0.207,33,39,0.846,16,29,45,31,14,4,13,18,119,Golden State Warriors 2016-17,2016-17,Incorporación de Durant a un core ya campeón
1610612744,21600873,"FEB 25, 2017",GSW vs. BKN,W,49,9,0.845,240,42,100,0.42,11,31,0.355,17,22,0.773,13,39,52,30,10,11,11,17,112,Golden State Warriors 2016-17,2016-17,Incorporación de Durant a un core ya campeón
1610612744,21600854,"FEB 23, 2017",GSW vs. LAC,W,48,9,0.842,240,43,81,0.531,13,25,0.52,24,26,0.923,10,43,53,31,11,11,21,27,123,Golden State Warriors 2016-17,2016-17,Incorporación de Durant a un core ya campeón
1610612744,21600847,"FEB 15, 2017",GSW vs. SAC,W,47,9,0.839,240,41,84,0.488,13,36,0.361,14,21,0.667,6,40,46,32,10,10,8,16,109,Golden State Warriors 2016-17,2016-17,Incorporación de Durant a un core ya campeón
1610612744,21600827,"FEB 13, 2017",GSW @ DEN,L,46,9,0.836,240,45,92,0.489,8,32,0.25,12,13,0.923,4,23,27,25,12,6,9,13,110,Golden State Warriors 2016-17,2016-17,Incorporación de Durant a un core ya campeón
1610612744,21600813,"FEB 11, 2017",GSW @ OKC,W,46,8,0.852,240,46,87,0.529,13,31,0.419,25,35,0.714,10,30,40,28,10,3,11,22,130,Golden State Warriors 2016-17,2016-17,Incorporación de Durant a un core ya campeón
1610612744,21600803,"FEB 10, 2017",GSW @ MEM,W,45,8,0.849,240,39,77,0.506,15,33,0.455,29,38,0.763,5,29,34,31,14,13,12,26,122,Golden State Warriors 2016-17,2016-17,Incorporación de Durant a un core ya campeón
1610612744,21600792,"FEB 08, 2017",GSW vs. CHI,W,44,8,0.846,240,48,85,0.565,15,28,0.536,12,13,0.923,5,40,45,37,9,5,12,17,123,Golden State Warriors 2016-17,2016-17,Incorporación de Durant a un core ya campeón
1610612744,21600764,"FEB 04, 2017",GSW @ SAC,L,43,8,0.843,265,36,87,0.414,15,44,0.341,19,24,0.792,7,33,40,22,10,10,17,17,106,Golden State Warriors 2016-17,2016-17,Incorporación de Durant a un core ya campeón
1610612744,21600745,"FEB 02, 2017",GSW @ LAC,W,43,7,0.86,240,52,99,0.525,14,34,0.412,15,18,0.833,15,31,46,38,10,2,11,26,133,Golden State Warriors 2016-17,2016-17,Incorporación de Durant a un core ya campeón
1610612744,21600741,"FEB 01, 2017",GSW vs. CHA,W,42,7,0.857,240,47,96,0.49,21,48,0.438,11,14,0.786,9,38,47,35,9,13,10,18,126,Golden State Warriors 2016-17,2016-17,Incorporación de Durant a un core ya campeón
1610612744,21600718,"JAN 29, 2017",GSW @ POR,W,41,7,0.854,240,36,79,0.456,8,26,0.308,33,39,0.846,8,31,39,28,13,6,18,18,113,Golden State Warriors 2016-17,2016-17,Incorporación de Durant a un core ya campeón
1610612744,21600707,"JAN 28, 2017",GSW vs. LAC,W,40,7,0.851,240,57,92,0.62,17,34,0.5,13,16,0.813,9,39,48,35,9,7,11,17,144,Golden State Warriors 2016-17,2016-17,Incorporación de Durant a un core ya campeón
1610612744,21600687,"JAN 25, 2017",GSW @ CHA,W,39,7,0.848,240,39,82,0.476,11,28,0.393,24,27,0.889,5,36,41,23,7,14,12,19,113,Golden State Warriors 2016-17,2016-17,Incorporación de Durant a un core ya campeón
1610612744,21600668,"JAN 23, 2017",GSW @ MIA,L,38,7,0.844,240,41,88,0.466,8,30,0.267,12,20,0.6,7,36,43,27,9,4,14,20,102,Golden State Warriors 2016-17,2016-17,Incorporación de Durant a un core ya campeón
1610612744,21600661,"JAN 22, 2017",GSW @ ORL,W,38,6,0.864,240,42,89,0.472,19,42,0.452,15,19,0.789,13,39,52,27,8,4,18,15,118,Golden State Warriors 2016-17,2016-17,Incorporación de Durant a un core ya campeón
1610612744,21600646,"JAN 20, 2017",GSW @ HOU,W,37,6,0.86,240,47,89,0.528,15,38,0.395,16,21,0.762,8,33,41,30,8,7,14,18,125,Golden State Warriors 2016-17,2016-17,Incorporación de Durant a un core ya campeón
1610612744,21600634,"JAN 18, 2017",GSW vs. OKC,W,36,6,0.857,240,46,85,0.541,10,21,0.476,19,27,0.704,11,35,46,35,11,8,18,16,121,Golden State Warriors 2016-17,2016-17,Incorporación de Durant a un core ya campeón
1610612744,21600619,"JAN 16, 2017",GSW vs. CLE,W,35,6,0.854,240,46,91,0.505,15,34,0.441,19,24,0.792,11,47,58,37,10,11,16,22,126,Golden State Warriors 2016-17,2016-17,Incorporación de Durant a un core ya campeón
1610612744,21600590,"JAN 12, 2017",GSW vs. DET,W,34,6,0.85,240,50,89,0.562,15,29,0.517,12,18,0.667,6,31,37,39,14,4,18,14,127,Golden State Warriors 2016-17,2016-17,Incorporación de Durant a un core ya campeón
1610612744,21600578,"JAN 10, 2017",GSW vs. MIA,W,33,6,0.846,240,39,86,0.453,11,27,0.407,18,22,0.818,5,43,48,28,6,7,11,16,107,Golden State Warriors 2016-17,2016-17,Incorporación de Durant a un core ya campeón
1610612744,21600566,"JAN 08, 2017",GSW @ SAC,W,32,6,0.842,240,45,89,0.506,10,29,0.345,17,20,0.85,13,33,46,33,11,6,17,22,117,Golden State Warriors 2016-17,2016-17,Incorporación de Durant a un core ya campeón
1610612744,21600550,"JAN 06, 2017",GSW vs. MEM,L,31,6,0.838,265,41,83,0.494,8,30,0.267,29,39,0.744,7,37,44,23,7,5,16,21,119,Golden State Warriors 2016-17,2016-17,Incorporación de Durant a un core ya campeón
1610612744,21600534,"JAN 04, 2017",GSW vs. POR,W,31,5,0.861,240,44,87,0.506,13,36,0.361,24,29,0.828,8,31,39,31,14,9,15,20,125,Golden State Warriors 2016-17,2016-17,Incorporación de Durant a un core ya campeón
1610612744,21600520,"JAN 02, 2017",GSW vs. DEN,W,30,5,0.857,240,50,95,0.526,11,25,0.44,16,21,0.762,12,31,43,33,7,2,13,14,127,Golden State Warriors 2016-17,2016-17,Incorporación de Durant a un core ya campeón
1610612744,21600501,"DEC 30, 2016",GSW vs. DAL,W,29,5,0.853,240,42,84,0.5,11,33,0.333,13,15,0.867,4,39,43,31,5,4,13,12,108,Golden State Warriors 2016-17,2016-17,Incorporación de Durant a un core ya campeón
1610612744,21600485,"DEC 28, 2016",GSW vs. TOR,W,28,5,0.848,240,46,81,0.568,14,23,0.609,15,18,0.833,9,42,51,33,4,9,20,16,121,Golden State Warriors 2016-17,2016-17,Incorporación de Durant a un core ya campeón
1610612744,21600457,"DEC 25, 2016",GSW @ CLE,L,27,5,0.844,240,37,77,0.481,9,30,0.3,25,29,0.862,5,37,42,25,8,4,19,24,108,Golden State Warriors 2016-17,2016-17,Incorporación de Durant a un core ya campeón
1610612744,21600446,"DEC 23, 2016",GSW @ DET,W,27,4,0.871,240,43,77,0.558,11,27,0.407,22,24,0.917,4,37,41,35,9,2,22,21,119,Golden State Warriors 2016-17,2016-17,Incorporación de Durant a un core ya campeón
1610612744,21600437,"DEC 22, 2016",GSW @ BKN,W,26,4,0.867,240,47,104,0.452,12,37,0.324,11,14,0.786,11,40,51,29,19,7,12,19,117,Golden State Warriors 2016-17,2016-17,Incorporación de Durant a un core ya campeón
1610612744,21600427,"DEC 20, 2016",GSW vs. UTA,W,25,4,0.862,240,40,90,0.444,9,23,0.391,15,17,0.882,9,41,50,24,13,3,10,18,104,Golden State Warriors 2016-17,2016-17,Incorporación de Durant a un core ya campeón
1610612744,21600405,"DEC 17, 2016",GSW vs. POR,W,24,4,0.857,240,51,87,0.586,14,28,0.5,19,26,0.731,9,47,56,36,7,5,15,16,135,Golden State Warriors 2016-17,2016-17,Incorporación de Durant a un core ya campeón
1610612744,21600388,"DEC 15, 2016",GSW vs. NYK,W,23,4,0.852,240,45,96,0.469,9,32,0.281,4,8,0.5,15,42,57,41,7,10,17,17,103,Golden State Warriors 2016-17,2016-17,Incorporación de Durant a un core ya campeón
1610612744,21600371,"DEC 13, 2016",GSW @ NOP,W,22,4,0.846,240,42,95,0.442,14,34,0.412,15,19,0.789,9,36,45,30,6,5,12,12,113,Golden State Warriors 2016-17,2016-17,Incorporación de Durant a un core ya campeón
1610612744,21600358,"DEC 11, 2016",GSW @ MIN,W,21,4,0.84,240,38,83,0.458,13,32,0.406,27,30,0.9,6,31,37,30,9,4,8,24,116,Golden State Warriors 2016-17,2016-17,Incorporación de Durant a un core ya campeón
1610612744,21600351,"DEC 10, 2016",GSW @ MEM,L,20,4,0.833,240,34,77,0.442,9,27,0.333,12,20,0.6,10,32,42,15,6,8,23,23,89,Golden State Warriors 2016-17,2016-17,Incorporación de Durant a un core ya campeón
1610612744,21600335,"DEC 08, 2016",GSW @ UTA,W,20,3,0.87,240,39,80,0.488,12,29,0.414,16,23,0.696,9,38,47,26,10,4,16,23,106,Golden State Warriors 2016-17,2016-17,Incorporación de Durant a un core ya campeón
1610612744,21600330,"DEC 07, 2016",GSW @ LAC,W,19,3,0.864,240,42,89,0.472,7,31,0.226,24,29,0.828,12,34,46,32,11,5,10,24,115,Golden State Warriors 2016-17,2016-17,Incorporación de Durant a un core ya campeón
1610612744,21600314,"DEC 05, 2016",GSW vs. IND,W,18,3,0.857,240,54,104,0.519,14,37,0.378,20,26,0.769,16,38,54,45,12,13,11,22,142,Golden State Warriors 2016-17,2016-17,Incorporación de Durant a un core ya campeón
1610612744,21600299,"DEC 03, 2016",GSW vs. PHX,W,17,3,0.85,240,49,78,0.628,14,21,0.667,26,34,0.765,6,32,38,37,9,5,17,19,138,Golden State Warriors 2016-17,2016-17,Incorporación de Durant a un core ya campeón
1610612744,21600281,"DEC 01, 2016",GSW vs. HOU,L,16,3,0.842,290,43,104,0.413,12,44,0.273,29,37,0.784,13,41,54,31,12,7,17,27,127,Golden State Warriors 2016-17,2016-17,Incorporación de Durant a un core ya campeón
1610612744,21600259,"NOV 28, 2016",GSW vs. ATL,W,16,2,0.889,240,37,85,0.435,12,35,0.343,19,24,0.792,7,34,41,25,6,10,14,20,105,Golden State Warriors 2016-17,2016-17,Incorporación de Durant a un core ya campeón
1610612744,21600244,"NOV 26, 2016",GSW vs. MIN,W,15,2,0.882,240,45,81,0.556,11,22,0.5,14,17,0.824,12,33,45,25,9,8,18,14,115,Golden State Warriors 2016-17,2016-17,Incorporación de Durant a un core ya campeón
1610612744,21600238,"NOV 25, 2016",GSW @ LAL,W,14,2,0.875,240,43,83,0.518,11,28,0.393,12,17,0.706,4,40,44,31,10,10,17,21,109,Golden State Warriors 2016-17,2016-17,Incorporación de Durant a un core ya campeón
1610612744,21600223,"NOV 23, 2016",GSW vs. LAL,W,13,2,0.867,240,53,86,0.616,19,36,0.528,24,35,0.686,6,42,48,47,7,5,10,20,149,Golden State Warriors 2016-17,2016-17,Incorporación de Durant a un core ya campeón
1610612744,21600202,"NOV 21, 2016",GSW @ IND,W,12,2,0.857,240,40,90,0.444,13,36,0.361,27,32,0.844,12,48,60,31,9,10,12,17,120,Golden State Warriors 2016-17,2016-17,Incorporación de Durant a un core ya campeón
1610612744,21600191,"NOV 19, 2016",GSW @ MIL,W,11,2,0.846,240,42,95,0.442,14,38,0.368,26,32,0.813,18,27,45,30,8,5,12,25,124,Golden State Warriors 2016-17,2016-17,Incorporación de Durant a un core ya campeón
1610612744,21600179,"NOV 18, 2016",GSW @ BOS,W,10,2,0.833,240,44,90,0.489,9,28,0.321,7,12,0.583,9,41,50,33,10,7,11,20,104,Golden State Warriors 2016-17,2016-17,Incorporación de Durant a un core ya campeón
1610612744,21600165,"NOV 16, 2016",GSW @ TOR,W,9,2,0.818,240,44,87,0.506,13,36,0.361,26,28,0.929,7,28,35,33,9,7,12,25,127,Golden State Warriors 2016-17,2016-17,Incorporación de Durant a un core ya campeón
1610612744,21600143,"NOV 13, 2016",GSW vs. PHX,W,8,2,0.8,240,45,87,0.517,16,33,0.485,27,31,0.871,8,35,43,32,8,7,16,20,133,Golden State Warriors 2016-17,2016-17,Incorporación de Durant a un core ya campeón
1610612744,21600119,"NOV 10, 2016",GSW @ DEN,W,7,2,0.778,240,46,85,0.541,14,30,0.467,19,20,0.95,9,35,44,33,15,6,15,18,125,Golden State Warriors 2016-17,2016-17,Incorporación de Durant a un core ya campeón
1610612744,21600116,"NOV 09, 2016",GSW vs. DAL,W,6,2,0.75,240,43,74,0.581,17,33,0.515,13,22,0.591,5,34,39,33,3,5,15,22,116,Golden State Warriors 2016-17,2016-17,Incorporación de Durant a un core ya campeón
1610612744,21600099,"NOV 07, 2016",GSW vs. NOP,W,5,2,0.714,240,45,90,0.5,16,35,0.457,10,12,0.833,10,28,38,35,14,4,15,17,116,Golden State Warriors 2016-17,2016-17,Incorporación de Durant a un core ya campeón
1610612744,21600078,"NOV 04, 2016",GSW @ LAL,L,4,2,0.667,240,39,86,0.453,5,32,0.156,14,20,0.7,9,31,40,26,13,3,20,13,97,Golden State Warriors 2016-17,2016-17,Incorporación de Durant a un core ya campeón
1610612744,21600069,"NOV 03, 2016",GSW vs. OKC,W,4,1,0.8,240,46,89,0.517,14,30,0.467,16,20,0.8,15,31,46,27,9,14,15,18,122,Golden State Warriors 2016-17,2016-17,Incorporación de Durant a un core ya campeón
1610612744,21600054,"NOV 01, 2016",GSW @ POR,W,3,1,0.75,240,50,89,0.562,10,26,0.385,17,23,0.739,7,38,45,36,14,4,16,19,127,Golden State Warriors 2016-17,2016-17,Incorporación de Durant a un core ya campeón
1610612744,21600036,"OCT 30, 2016",GSW @ PHX,W,2,1,0.667,240,35,83,0.422,8,29,0.276,28,33,0.848,7,36,43,27,6,5,15,23,106,Golden State Warriors 2016-17,2016-17,Incorporación de Durant a un core ya campeón
1610612744,21600025,"OCT 28, 2016",GSW @ NOP,W,1,1,0.5,240,44,91,0.484,9,28,0.321,25,28,0.893,9,40,49,32,8,2,14,22,122,Golden State Warriors 2016-17,2016-17,Incorporación de Durant a un core ya campeón
1610612744,21600003,"OCT 25, 2016",GSW vs. SAS,L,0,1,0.0,240,40,85,0.471,7,33,0.212,13,18,0.722,8,27,35,24,11,6,16,19,100,Golden State Warriors 2016-17,2016-17,Incorporación de Durant a un core ya campeón
1610612751,22001067,"MAY 16, 2021",BKN vs. CLE,W,48,24,0.667,240,47,83,0.566,16,30,0.533,13,17,0.765,4,33,37,35,9,9,12,20,123,Brooklyn Nets 2020-21,2020-21,"Durant + Irving + Harden, temporada acortada por lesiones"
1610612751,22001060,"MAY 15, 2021",BKN vs. CHI,W,47,24,0.662,240,41,87,0.471,14,34,0.412,9,15,0.6,8,44,52,26,6,8,9,16,105,Brooklyn Nets 2020-21,2020-21,"Durant + Irving + Harden, temporada acortada por lesiones"
1610612751,22001043,"MAY 12, 2021",BKN vs. SAS,W,46,24,0.657,240,48,79,0.608,12,28,0.429,20,27,0.741,3,40,43,33,3,9,11,19,128,Brooklyn Nets 2020-21,2020-21,"Durant + Irving + Harden, temporada acortada por lesiones"
1610612751,22001036,"MAY 11, 2021",BKN @ CHI,W,45,24,0.652,240,42,89,0.472,12,33,0.364,19,25,0.76,13,38,51,32,4,8,7,19,115,Brooklyn Nets 2020-21,2020-21,"Durant + Irving + Harden, temporada acortada por lesiones"
1610612751,22001015,"MAY 08, 2021",BKN @ DEN,W,44,24,0.647,240,41,66,0.621,16,31,0.516,27,33,0.818,2,33,35,27,10,5,17,24,125,Brooklyn Nets 2020-21,2020-21,"Durant + Irving + Harden, temporada acortada por lesiones"
1610612751,22000998,"MAY 06, 2021",BKN @ DAL,L,43,24,0.642,240,41,95,0.432,13,37,0.351,14,15,0.933,10,41,51,18,8,4,13,18,109,Brooklyn Nets 2020-21,2020-21,"Durant + Irving + Harden, temporada acortada por lesiones"
1610612751,22000985,"MAY 04, 2021",BKN @ MIL,L,43,23,0.652,240,41,84,0.488,20,43,0.465,16,26,0.615,6,33,39,21,6,6,13,25,118,Brooklyn Nets 2020-21,2020-21,"Durant + Irving + Harden, temporada acortada por lesiones"
1610612751,22000967,"MAY 02, 2021",BKN @ MIL,L,43,22,0.662,240,41,96,0.427,17,42,0.405,15,17,0.882,14,39,53,18,5,1,16,11,114,Brooklyn Nets 2020-21,2020-21,"Durant + Irving + Harden, temporada acortada por lesiones"
1610612751,22000952,"APR 30, 2021",BKN vs. POR,L,43,21,0.672,240,40,95,0.421,13,41,0.317,16,19,0.842,11,31,42,20,6,3,8,18,109,Brooklyn Nets 2020-21,2020-21,"Durant + Irving + Harden, temporada acortada por lesiones"
1610612751,22000944,"APR 29, 2021",BKN @ IND,W,43,20,0.683,240,47,89,0.528,12,35,0.343,24,28,0.857,8,42,50,35,3,5,13,19,130,Brooklyn Nets 2020-21,2020-21,"Durant + Irving + Harden, temporada acortada por lesiones"
1610612751,22000930,"APR 27, 2021",BKN @ TOR,W,42,20,0.677,240,40,83,0.482,18,45,0.4,18,18,1.0,7,34,41,30,9,6,10,20,116,Brooklyn Nets 2020-21,2020-21,"Durant + Irving + Harden, temporada acortada por lesiones"
1610612751,22000912,"APR 25, 2021",BKN vs. PHX,W,41,20,0.672,240,46,87,0.529,13,28,0.464,23,27,0.852,11,33,44,30,6,4,10,17,128,Brooklyn Nets 2020-21,2020-21,"Durant + Irving + Harden, temporada acortada por lesiones"
1610612751,22000899,"APR 23, 2021",BKN vs. BOS,W,40,20,0.667,240,37,86,0.43,11,32,0.344,24,28,0.857,6,41,47,26,12,7,11,19,109,Brooklyn Nets 2020-21,2020-21,"Durant + Irving + Harden, temporada acortada por lesiones"
1610612751,22000884,"APR 21, 2021",BKN @ TOR,L,39,20,0.661,240,36,91,0.396,13,41,0.317,18,23,0.783,12,38,50,19,3,6,13,17,103,Brooklyn Nets 2020-21,2020-21,"Durant + Irving + Harden, temporada acortada por lesiones"
1610612751,22000878,"APR 20, 2021",BKN @ NOP,W,39,19,0.672,240,49,89,0.551,14,37,0.378,22,28,0.786,10,34,44,30,7,2,13,21,134,Brooklyn Nets 2020-21,2020-21,"Durant + Irving + Harden, temporada acortada por lesiones"
1610612751,22000863,"APR 18, 2021",BKN @ MIA,L,38,19,0.667,240,39,82,0.476,17,43,0.395,12,18,0.667,8,30,38,26,10,6,11,17,107,Brooklyn Nets 2020-21,2020-21,"Durant + Irving + Harden, temporada acortada por lesiones"
1610612751,22000848,"APR 16, 2021",BKN vs. CHA,W,38,18,0.679,240,47,85,0.553,21,41,0.512,15,16,0.938,7,30,37,35,12,5,18,17,130,Brooklyn Nets 2020-21,2020-21,"Durant + Irving + Harden, temporada acortada por lesiones"
1610612751,22000830,"APR 14, 2021",BKN @ PHI,L,37,18,0.673,240,43,83,0.518,4,21,0.19,27,30,0.9,11,32,43,23,6,3,15,21,117,Brooklyn Nets 2020-21,2020-21,"Durant + Irving + Harden, temporada acortada por lesiones"
1610612751,22000817,"APR 13, 2021",BKN @ MIN,W,37,17,0.685,240,46,91,0.505,15,36,0.417,20,24,0.833,11,46,57,31,8,4,18,22,127,Brooklyn Nets 2020-21,2020-21,"Durant + Irving + Harden, temporada acortada por lesiones"
1610612751,22000800,"APR 10, 2021",BKN vs. LAL,L,36,17,0.679,240,35,80,0.438,5,27,0.185,26,30,0.867,9,33,42,19,6,10,19,20,101,Brooklyn Nets 2020-21,2020-21,"Durant + Irving + Harden, temporada acortada por lesiones"
1610612751,22000779,"APR 07, 2021",BKN vs. NOP,W,36,16,0.692,240,51,92,0.554,19,41,0.463,18,22,0.818,10,35,45,37,10,8,17,31,139,Brooklyn Nets 2020-21,2020-21,"Durant + Irving + Harden, temporada acortada por lesiones"
1610612751,22000762,"APR 05, 2021",BKN vs. NYK,W,35,16,0.686,240,42,92,0.457,10,32,0.313,20,26,0.769,11,34,45,27,6,6,10,14,114,Brooklyn Nets 2020-21,2020-21,"Durant + Irving + Harden, temporada acortada por lesiones"
1610612751,22000755,"APR 04, 2021",BKN @ CHI,L,34,16,0.68,240,45,93,0.484,11,28,0.393,6,7,0.857,4,31,35,28,3,3,5,17,107,Brooklyn Nets 2020-21,2020-21,"Durant + Irving + Harden, temporada acortada por lesiones"
1610612751,22000732,"APR 01, 2021",BKN vs. CHA,W,34,15,0.694,240,44,91,0.484,20,45,0.444,3,4,0.75,13,43,56,34,8,5,15,18,111,Brooklyn Nets 2020-21,2020-21,"Durant + Irving + Harden, temporada acortada por lesiones"
1610612751,22000724,"MAR 31, 2021",BKN vs. HOU,W,33,15,0.688,240,44,90,0.489,13,36,0.361,19,19,1.0,12,33,45,25,6,3,11,21,120,Brooklyn Nets 2020-21,2020-21,"Durant + Irving + Harden, temporada acortada por lesiones"
1610612751,22000709,"MAR 29, 2021",BKN vs. MIN,W,32,15,0.681,240,40,85,0.471,10,30,0.333,22,25,0.88,7,43,50,31,10,7,14,18,112,Brooklyn Nets 2020-21,2020-21,"Durant + Irving + Harden, temporada acortada por lesiones"
1610612751,22000683,"MAR 26, 2021",BKN @ DET,W,31,15,0.674,240,37,84,0.44,13,33,0.394,26,34,0.765,16,33,49,19,3,4,10,27,113,Brooklyn Nets 2020-21,2020-21,"Durant + Irving + Harden, temporada acortada por lesiones"
1610612751,22000676,"MAR 24, 2021",BKN @ UTA,L,30,15,0.667,240,35,97,0.361,7,35,0.2,11,15,0.733,13,35,48,19,9,1,9,10,88,Brooklyn Nets 2020-21,2020-21,"Durant + Irving + Harden, temporada acortada por lesiones"
1610612751,22000666,"MAR 23, 2021",BKN @ POR,W,30,14,0.682,240,43,87,0.494,9,30,0.3,21,27,0.778,10,37,47,25,5,2,8,17,116,Brooklyn Nets 2020-21,2020-21,"Durant + Irving + Harden, temporada acortada por lesiones"
1610612751,22000647,"MAR 21, 2021",BKN vs. WAS,W,29,14,0.674,240,44,90,0.489,9,29,0.31,16,22,0.727,10,25,35,24,11,8,7,18,113,Brooklyn Nets 2020-21,2020-21,"Durant + Irving + Harden, temporada acortada por lesiones"
1610612751,22000633,"MAR 19, 2021",BKN @ ORL,L,28,14,0.667,240,43,91,0.473,10,37,0.27,17,23,0.739,9,30,39,24,9,3,8,16,113,Brooklyn Nets 2020-21,2020-21,"Durant + Irving + Harden, temporada acortada por lesiones"
1610612751,22000617,"MAR 17, 2021",BKN @ IND,W,28,13,0.683,240,42,87,0.483,9,27,0.333,31,40,0.775,15,35,50,22,10,2,16,20,124,Brooklyn Nets 2020-21,2020-21,"Durant + Irving + Harden, temporada acortada por lesiones"
1610612751,22000604,"MAR 15, 2021",BKN vs. NYK,W,27,13,0.675,240,44,76,0.579,12,29,0.414,17,22,0.773,3,38,41,29,3,6,15,19,117,Brooklyn Nets 2020-21,2020-21,"Durant + Irving + Harden, temporada acortada por lesiones"
1610612751,22000587,"MAR 13, 2021",BKN vs. DET,W,26,13,0.667,240,39,80,0.488,6,27,0.222,16,22,0.727,5,30,35,22,8,7,12,16,100,Brooklyn Nets 2020-21,2020-21,"Durant + Irving + Harden, temporada acortada por lesiones"
1610612751,22000569,"MAR 11, 2021",BKN vs. BOS,W,25,13,0.658,240,42,88,0.477,19,42,0.452,18,22,0.818,11,34,45,21,3,5,14,22,121,Brooklyn Nets 2020-21,2020-21,"Durant + Irving + Harden, temporada acortada por lesiones"
1610612751,22000546,"MAR 03, 2021",BKN @ HOU,W,24,13,0.649,240,49,85,0.576,17,35,0.486,17,24,0.708,10,43,53,33,5,1,14,24,132,Brooklyn Nets 2020-21,2020-21,"Durant + Irving + Harden, temporada acortada por lesiones"
1610612751,22000534,"MAR 01, 2021",BKN @ SAS,W,23,13,0.639,265,47,100,0.47,17,41,0.415,13,17,0.765,13,38,51,35,6,8,5,13,124,Brooklyn Nets 2020-21,2020-21,"Durant + Irving + Harden, temporada acortada por lesiones"
1610612751,22000519,"FEB 27, 2021",BKN vs. DAL,L,22,13,0.629,240,35,86,0.407,14,44,0.318,14,19,0.737,14,33,47,21,5,4,19,16,98,Brooklyn Nets 2020-21,2020-21,"Durant + Irving + Harden, temporada acortada por lesiones"
1610612751,22000499,"FEB 25, 2021",BKN vs. ORL,W,22,12,0.647,240,49,92,0.533,20,45,0.444,11,14,0.786,7,44,51,30,11,2,13,18,129,Brooklyn Nets 2020-21,2020-21,"Durant + Irving + Harden, temporada acortada por lesiones"
1610612751,22000482,"FEB 23, 2021",BKN vs. SAC,W,21,12,0.636,240,44,89,0.494,17,40,0.425,22,31,0.71,10,31,41,30,8,5,8,16,127,Brooklyn Nets 2020-21,2020-21,"Durant + Irving + Harden, temporada acortada por lesiones"
1610612751,22000472,"FEB 21, 2021",BKN @ LAC,W,20,12,0.625,240,44,92,0.478,11,38,0.289,13,19,0.684,9,31,40,21,10,4,6,19,112,Brooklyn Nets 2020-21,2020-21,"Durant + Irving + Harden, temporada acortada por lesiones"
1610612751,22000446,"FEB 18, 2021",BKN @ LAL,W,19,12,0.613,240,38,77,0.494,18,39,0.462,15,24,0.625,8,31,39,23,9,3,13,18,109,Brooklyn Nets 2020-21,2020-21,"Durant + Irving + Harden, temporada acortada por lesiones"
1610612751,22000433,"FEB 16, 2021",BKN @ PHX,W,18,12,0.6,240,47,82,0.573,20,40,0.5,14,15,0.933,4,33,37,28,4,4,10,11,128,Brooklyn Nets 2020-21,2020-21,"Durant + Irving + Harden, temporada acortada por lesiones"
1610612751,22000426,"FEB 15, 2021",BKN @ SAC,W,17,12,0.586,240,51,89,0.573,27,47,0.574,7,12,0.583,9,26,35,31,7,4,15,16,136,Brooklyn Nets 2020-21,2020-21,"Durant + Irving + Harden, temporada acortada por lesiones"
1610612751,22000409,"FEB 13, 2021",BKN @ GSW,W,16,12,0.571,240,50,93,0.538,16,39,0.41,18,20,0.9,8,37,45,35,9,5,13,15,134,Brooklyn Nets 2020-21,2020-21,"Durant + Irving + Harden, temporada acortada por lesiones"
1610612751,22000383,"FEB 10, 2021",BKN vs. IND,W,15,12,0.556,240,32,76,0.421,9,31,0.29,31,35,0.886,9,37,46,20,2,5,12,20,104,Brooklyn Nets 2020-21,2020-21,"Durant + Irving + Harden, temporada acortada por lesiones"
1610612751,22000375,"FEB 09, 2021",BKN @ DET,L,14,12,0.538,240,43,86,0.5,11,30,0.367,14,16,0.875,8,26,34,30,8,6,15,22,111,Brooklyn Nets 2020-21,2020-21,"Durant + Irving + Harden, temporada acortada por lesiones"
1610612751,22000354,"FEB 06, 2021",BKN @ PHI,L,14,11,0.56,240,39,88,0.443,15,41,0.366,15,17,0.882,8,26,34,21,6,3,17,18,108,Brooklyn Nets 2020-21,2020-21,"Durant + Irving + Harden, temporada acortada por lesiones"
1610612751,22000345,"FEB 05, 2021",BKN vs. TOR,L,14,10,0.583,240,39,80,0.488,17,42,0.405,22,29,0.759,8,32,40,29,5,6,18,19,117,Brooklyn Nets 2020-21,2020-21,"Durant + Irving + Harden, temporada acortada por lesiones"
1610612751,22000324,"FEB 02, 2021",BKN vs. LAC,W,14,9,0.609,240,45,79,0.57,13,31,0.419,21,26,0.808,6,38,44,25,6,4,16,17,124,Brooklyn Nets 2020-21,2020-21,"Durant + Irving + Harden, temporada acortada por lesiones"
1610612751,22000310,"JAN 31, 2021",BKN @ WAS,L,13,9,0.591,240,50,88,0.568,19,36,0.528,27,33,0.818,7,38,45,33,6,5,17,24,146,Brooklyn Nets 2020-21,2020-21,"Durant + Irving + Harden, temporada acortada por lesiones"
1610612751,22000295,"JAN 29, 2021",BKN @ OKC,W,13,8,0.619,240,57,100,0.57,19,45,0.422,14,16,0.875,10,40,50,33,7,4,11,25,147,Brooklyn Nets 2020-21,2020-21,"Durant + Irving + Harden, temporada acortada por lesiones"
1610612751,22000274,"JAN 27, 2021",BKN @ ATL,W,12,8,0.6,265,52,98,0.531,11,32,0.344,17,20,0.85,11,25,36,29,7,10,9,25,132,Brooklyn Nets 2020-21,2020-21,"Durant + Irving + Harden, temporada acortada por lesiones"
1610612751,22000260,"JAN 25, 2021",BKN vs. MIA,W,11,8,0.579,240,34,85,0.4,11,38,0.289,19,22,0.864,6,43,49,24,6,5,7,18,98,Brooklyn Nets 2020-21,2020-21,"Durant + Irving + Harden, temporada acortada por lesiones"
1610612751,22000244,"JAN 23, 2021",BKN vs. MIA,W,10,8,0.556,240,44,83,0.53,19,37,0.514,21,26,0.808,9,38,47,34,0,6,16,26,128,Brooklyn Nets 2020-21,2020-21,"Durant + Irving + Harden, temporada acortada por lesiones"
1610612751,22000232,"JAN 22, 2021",BKN @ CLE,L,9,8,0.529,240,42,87,0.483,14,43,0.326,15,17,0.882,6,23,29,23,5,8,11,25,113,Brooklyn Nets 2020-21,2020-21,"Durant + Irving + Harden, temporada acortada por lesiones"
1610612751,22000216,"JAN 20, 2021",BKN @ CLE,L,9,7,0.563,290,48,106,0.453,15,41,0.366,24,27,0.889,13,39,52,30,8,11,16,24,135,Brooklyn Nets 2020-21,2020-21,"Durant + Irving + Harden, temporada acortada por lesiones"
1610612751,22000209,"JAN 18, 2021",BKN vs. MIL,W,9,6,0.6,240,46,84,0.548,15,31,0.484,18,21,0.857,7,42,49,26,2,5,17,19,125,Brooklyn Nets 2020-21,2020-21,"Durant + Irving + Harden, temporada acortada por lesiones"
1610612751,22000190,"JAN 16, 2021",BKN vs. ORL,W,8,6,0.571,240,42,78,0.538,16,35,0.457,22,25,0.88,4,37,41,24,9,5,19,14,122,Brooklyn Nets 2020-21,2020-21,"Durant + Irving + Harden, temporada acortada por lesiones"
1610612751,22000168,"JAN 13, 2021",BKN @ NYK,W,7,6,0.538,240,44,91,0.484,16,40,0.4,12,17,0.706,12,34,46,29,3,5,6,12,116,Brooklyn Nets 2020-21,2020-21,"Durant + Irving + Harden, temporada acortada por lesiones"
1610612751,22000158,"JAN 12, 2021",BKN vs. DEN,W,6,6,0.5,240,48,79,0.608,16,32,0.5,10,15,0.667,8,33,41,31,6,6,18,18,122,Brooklyn Nets 2020-21,2020-21,"Durant + Irving + Harden, temporada acortada por lesiones"
1610612751,22000143,"JAN 10, 2021",BKN vs. OKC,L,5,6,0.455,240,43,85,0.506,10,34,0.294,20,24,0.833,6,37,43,23,3,2,17,18,116,Brooklyn Nets 2020-21,2020-21,"Durant + Irving + Harden, temporada acortada por lesiones"
1610612751,22000128,"JAN 08, 2021",BKN @ MEM,L,5,5,0.5,240,38,81,0.469,14,31,0.452,20,21,0.952,4,38,42,26,6,4,20,13,110,Brooklyn Nets 2020-21,2020-21,"Durant + Irving + Harden, temporada acortada por lesiones"
1610612751,22000118,"JAN 07, 2021",BKN vs. PHI,W,5,4,0.556,240,44,97,0.454,15,37,0.405,19,29,0.655,11,37,48,30,11,7,12,17,122,Brooklyn Nets 2020-21,2020-21,"Durant + Irving + Harden, temporada acortada por lesiones"
1610612751,22000102,"JAN 05, 2021",BKN vs. UTA,W,4,4,0.5,240,52,93,0.559,14,36,0.389,12,16,0.75,8,43,51,31,11,5,12,22,130,Brooklyn Nets 2020-21,2020-21,"Durant + Irving + Harden, temporada acortada por lesiones"
1610612751,22000086,"JAN 03, 2021",BKN vs. WAS,L,3,4,0.429,240,40,81,0.494,14,32,0.438,28,31,0.903,7,44,51,25,5,9,20,24,122,Brooklyn Nets 2020-21,2020-21,"Durant + Irving + Harden, temporada acortada por lesiones"
1610612751,22000072,"JAN 01, 2021",BKN vs. ATL,L,3,3,0.5,240,35,86,0.407,7,37,0.189,19,23,0.826,10,35,45,19,6,6,15,16,96,Brooklyn Nets 2020-21,2020-21,"Durant + Irving + Harden, temporada acortada por lesiones"
1610612751,22000057,"DEC 30, 2020",BKN vs. ATL,W,3,2,0.6,240,54,100,0.54,19,41,0.463,18,23,0.783,9,31,40,30,6,3,8,24,145,Brooklyn Nets 2020-21,2020-21,"Durant + Irving + Harden, temporada acortada por lesiones"
1610612751,22000042,"DEC 28, 2020",BKN vs. MEM,L,2,2,0.5,265,41,100,0.41,14,42,0.333,15,17,0.882,13,37,50,28,13,6,17,20,111,Brooklyn Nets 2020-21,2020-21,"Durant + Irving + Harden, temporada acortada por lesiones"
1610612751,22000032,"DEC 27, 2020",BKN @ CHA,L,2,1,0.667,240,35,82,0.427,17,47,0.362,17,25,0.68,6,40,46,23,4,5,19,17,104,Brooklyn Nets 2020-21,2020-21,"Durant + Irving + Harden, temporada acortada por lesiones"
1610612751,22000007,"DEC 25, 2020",BKN @ BOS,W,2,0,1.0,240,41,76,0.539,15,29,0.517,26,31,0.839,9,34,43,21,5,10,15,22,123,Brooklyn Nets 2020-21,2020-21,"Durant + Irving + Harden, temporada acortada por lesiones"
1610612751,22000001,"DEC 22, 2020",BKN vs. GSW,W,1,0,1.0,240,42,92,0.457,15,35,0.429,26,32,0.813,13,44,57,24,11,7,20,22,125,Brooklyn Nets 2020-21,2020-21,"Durant + Irving + Harden, temporada acortada por lesiones"
1610612756,22201229,"APR 09, 2023",PHX vs. LAC,L,45,37,0.549,240,42,99,0.424,14,37,0.378,16,22,0.727,12,35,47,29,4,3,7,21,114,Phoenix Suns 2022-23,2022-23,Incorporación de Durant vía trade a mitad de temporada
1610612756,22201212,"APR 07, 2023",PHX @ LAL,L,45,36,0.556,240,43,104,0.413,9,36,0.25,12,14,0.857,13,34,47,23,7,10,9,12,107,Phoenix Suns 2022-23,2022-23,Incorporación de Durant vía trade a mitad de temporada
1610612756,22201201,"APR 06, 2023",PHX vs. DEN,W,45,35,0.563,240,41,79,0.519,17,36,0.472,20,25,0.8,7,26,33,26,4,6,10,16,119,Phoenix Suns 2022-23,2022-23,Incorporación de Durant vía trade a mitad de temporada
1610612756,22201188,"APR 04, 2023",PHX vs. SAS,W,44,35,0.557,240,43,89,0.483,10,33,0.303,19,26,0.731,15,42,57,25,7,7,13,12,115,Phoenix Suns 2022-23,2022-23,Incorporación de Durant vía trade a mitad de temporada
1610612756,22201172,"APR 02, 2023",PHX @ OKC,W,43,35,0.551,240,46,81,0.568,13,34,0.382,23,28,0.821,5,33,38,31,4,6,13,30,128,Phoenix Suns 2022-23,2022-23,Incorporación de Durant vía trade a mitad de temporada
1610612756,22201160,"MAR 31, 2023",PHX vs. DEN,W,42,35,0.545,240,37,88,0.42,10,27,0.37,16,21,0.762,13,38,51,28,8,7,16,16,100,Phoenix Suns 2022-23,2022-23,Incorporación de Durant vía trade a mitad de temporada
1610612756,22201144,"MAR 29, 2023",PHX vs. MIN,W,41,35,0.539,240,40,96,0.417,6,20,0.3,21,27,0.778,15,33,48,23,11,8,8,16,107,Phoenix Suns 2022-23,2022-23,Incorporación de Durant vía trade a mitad de temporada
1610612756,22201125,"MAR 27, 2023",PHX @ UTA,W,40,35,0.533,240,43,101,0.426,11,36,0.306,20,22,0.909,18,31,49,31,7,7,6,20,117,Phoenix Suns 2022-23,2022-23,Incorporación de Durant vía trade a mitad de temporada
1610612756,22201110,"MAR 25, 2023",PHX vs. PHI,W,39,35,0.527,240,47,93,0.505,15,32,0.469,16,19,0.842,13,32,45,35,4,9,7,22,125,Phoenix Suns 2022-23,2022-23,Incorporación de Durant vía trade a mitad de temporada
1610612756,22201105,"MAR 24, 2023",PHX @ SAC,L,38,35,0.521,240,48,89,0.539,9,29,0.31,22,29,0.759,12,31,43,33,2,7,12,25,127,Phoenix Suns 2022-23,2022-23,Incorporación de Durant vía trade a mitad de temporada
1610612756,22201092,"MAR 22, 2023",PHX @ LAL,L,38,34,0.528,240,42,90,0.467,12,31,0.387,15,20,0.75,12,27,39,23,7,6,17,31,111,Phoenix Suns 2022-23,2022-23,Incorporación de Durant vía trade a mitad de temporada
1610612756,22201064,"MAR 19, 2023",PHX @ OKC,L,38,33,0.535,240,44,92,0.478,15,36,0.417,17,24,0.708,9,31,40,31,7,9,14,31,120,Phoenix Suns 2022-23,2022-23,Incorporación de Durant vía trade a mitad de temporada
1610612756,22201046,"MAR 16, 2023",PHX vs. ORL,W,38,32,0.543,240,43,90,0.478,13,35,0.371,17,17,1.0,7,28,35,26,7,5,14,22,116,Phoenix Suns 2022-23,2022-23,Incorporación de Durant vía trade a mitad de temporada
1610612756,22201033,"MAR 14, 2023",PHX vs. MIL,L,37,32,0.536,240,41,95,0.432,8,23,0.348,14,16,0.875,8,33,41,23,7,3,11,26,104,Phoenix Suns 2022-23,2022-23,Incorporación de Durant vía trade a mitad de temporada
1610612756,22201025,"MAR 13, 2023",PHX @ GSW,L,37,31,0.544,240,46,95,0.484,4,21,0.19,16,22,0.727,17,30,47,25,8,4,14,23,112,Phoenix Suns 2022-23,2022-23,Incorporación de Durant vía trade a mitad de temporada
1610612756,22201013,"MAR 11, 2023",PHX vs. SAC,L,37,30,0.552,240,44,89,0.494,13,44,0.295,18,22,0.818,7,33,40,30,11,3,14,26,119,Phoenix Suns 2022-23,2022-23,Incorporación de Durant vía trade a mitad de temporada
1610612756,22200990,"MAR 08, 2023",PHX vs. OKC,W,37,29,0.561,240,49,94,0.521,20,43,0.465,14,16,0.875,14,40,54,31,10,7,14,17,132,Phoenix Suns 2022-23,2022-23,Incorporación de Durant vía trade a mitad de temporada
1610612756,22200962,"MAR 05, 2023",PHX @ DAL,W,36,29,0.554,240,49,89,0.551,12,34,0.353,20,25,0.8,9,32,41,27,5,2,9,28,130,Phoenix Suns 2022-23,2022-23,Incorporación de Durant vía trade a mitad de temporada
1610612756,22200950,"MAR 03, 2023",PHX @ CHI,W,35,29,0.547,240,42,84,0.5,20,47,0.426,21,25,0.84,13,28,41,29,6,7,9,20,125,Phoenix Suns 2022-23,2022-23,Incorporación de Durant vía trade a mitad de temporada
1610612756,22200933,"MAR 01, 2023",PHX @ CHA,W,34,29,0.54,240,42,89,0.472,9,25,0.36,12,15,0.8,5,43,48,30,8,9,12,22,105,Phoenix Suns 2022-23,2022-23,Incorporación de Durant vía trade a mitad de temporada
1610612756,22200910,"FEB 26, 2023",PHX @ MIL,L,33,29,0.532,240,40,95,0.421,8,24,0.333,13,22,0.591,19,36,55,21,4,5,12,22,101,Phoenix Suns 2022-23,2022-23,Incorporación de Durant vía trade a mitad de temporada
1610612756,22200899,"FEB 24, 2023",PHX vs. OKC,W,33,28,0.541,240,42,90,0.467,14,38,0.368,26,32,0.813,15,39,54,23,5,5,11,22,124,Phoenix Suns 2022-23,2022-23,Incorporación de Durant vía trade a mitad de temporada
1610612756,22200885,"FEB 16, 2023",PHX vs. LAC,L,32,28,0.533,240,42,89,0.472,11,31,0.355,12,16,0.75,7,31,38,30,10,2,12,24,107,Phoenix Suns 2022-23,2022-23,Incorporación de Durant vía trade a mitad de temporada
1610612756,22200870,"FEB 14, 2023",PHX vs. SAC,W,32,27,0.542,240,50,88,0.568,7,22,0.318,13,16,0.813,8,29,37,33,12,4,13,17,120,Phoenix Suns 2022-23,2022-23,Incorporación de Durant vía trade a mitad de temporada
1610612756,22200836,"FEB 10, 2023",PHX @ IND,W,31,27,0.534,240,43,93,0.462,10,33,0.303,21,24,0.875,19,34,53,25,13,2,15,24,117,Phoenix Suns 2022-23,2022-23,Incorporación de Durant vía trade a mitad de temporada
1610612756,22200832,"FEB 09, 2023",PHX @ ATL,L,30,27,0.526,240,39,86,0.453,7,30,0.233,22,29,0.759,9,26,35,24,14,10,10,19,107,Phoenix Suns 2022-23,2022-23,Incorporación de Durant vía trade a mitad de temporada
1610612756,22200817,"FEB 07, 2023",PHX @ BKN,W,30,26,0.536,240,43,92,0.467,9,31,0.29,21,28,0.75,16,32,48,31,10,4,15,24,116,Phoenix Suns 2022-23,2022-23,Incorporación de Durant vía trade a mitad de temporada
1610612756,22200794,"FEB 04, 2023",PHX @ DET,W,29,26,0.527,240,42,75,0.56,11,23,0.478,21,31,0.677,10,36,46,34,10,2,16,23,116,Phoenix Suns 2022-23,2022-23,Incorporación de Durant vía trade a mitad de temporada
1610612756,22200788,"FEB 03, 2023",PHX @ BOS,W,28,26,0.519,240,41,95,0.432,12,32,0.375,12,14,0.857,10,43,53,28,6,6,8,22,106,Phoenix Suns 2022-23,2022-23,Incorporación de Durant vía trade a mitad de temporada
1610612756,22200777,"FEB 01, 2023",PHX vs. ATL,L,27,26,0.509,240,35,86,0.407,4,28,0.143,26,31,0.839,12,32,44,22,8,4,16,13,100,Phoenix Suns 2022-23,2022-23,Incorporación de Durant vía trade a mitad de temporada
1610612756,22200762,"JAN 30, 2023",PHX vs. TOR,W,27,25,0.519,240,43,87,0.494,11,28,0.393,17,21,0.81,13,29,42,28,10,4,12,16,114,Phoenix Suns 2022-23,2022-23,Incorporación de Durant vía trade a mitad de temporada
1610612756,22200748,"JAN 28, 2023",PHX @ SAS,W,26,25,0.51,265,50,103,0.485,8,24,0.333,20,26,0.769,17,35,52,31,7,6,9,19,128,Phoenix Suns 2022-23,2022-23,Incorporación de Durant vía trade a mitad de temporada
1610612756,22200734,"JAN 26, 2023",PHX vs. DAL,L,25,25,0.5,240,35,86,0.407,13,32,0.406,12,16,0.75,13,37,50,24,4,6,7,21,95,Phoenix Suns 2022-23,2022-23,Incorporación de Durant vía trade a mitad de temporada
1610612756,22200718,"JAN 24, 2023",PHX vs. CHA,W,25,24,0.51,240,47,94,0.5,22,39,0.564,12,13,0.923,15,40,55,38,3,10,17,21,128,Phoenix Suns 2022-23,2022-23,Incorporación de Durant vía trade a mitad de temporada
1610612756,22200703,"JAN 22, 2023",PHX vs. MEM,W,24,24,0.5,240,39,88,0.443,13,35,0.371,21,25,0.84,6,34,40,25,10,5,16,26,112,Phoenix Suns 2022-23,2022-23,Incorporación de Durant vía trade a mitad de temporada
1610612756,22200697,"JAN 21, 2023",PHX vs. IND,W,23,24,0.489,240,38,91,0.418,12,31,0.387,24,35,0.686,14,41,55,27,9,8,15,20,112,Phoenix Suns 2022-23,2022-23,Incorporación de Durant vía trade a mitad de temporada
1610612756,22200681,"JAN 19, 2023",PHX vs. BKN,W,22,24,0.478,240,39,85,0.459,11,28,0.393,28,41,0.683,12,37,49,30,4,3,16,23,117,Phoenix Suns 2022-23,2022-23,Incorporación de Durant vía trade a mitad de temporada
1610612756,22200663,"JAN 16, 2023",PHX @ MEM,L,21,24,0.467,240,39,89,0.438,10,33,0.303,18,19,0.947,9,28,37,33,4,4,15,22,106,Phoenix Suns 2022-23,2022-23,Incorporación de Durant vía trade a mitad de temporada
1610612756,22200637,"JAN 13, 2023",PHX @ MIN,L,21,23,0.477,240,41,86,0.477,14,23,0.609,20,24,0.833,9,34,43,28,10,3,19,20,116,Phoenix Suns 2022-23,2022-23,Incorporación de Durant vía trade a mitad de temporada
1610612756,22200624,"JAN 11, 2023",PHX @ DEN,L,21,22,0.488,240,39,90,0.433,9,32,0.281,10,14,0.714,15,29,44,28,4,2,16,17,97,Phoenix Suns 2022-23,2022-23,Incorporación de Durant vía trade a mitad de temporada
1610612756,22200615,"JAN 10, 2023",PHX @ GSW,W,21,21,0.5,240,41,90,0.456,14,31,0.452,29,31,0.935,19,38,57,26,5,7,21,22,125,Phoenix Suns 2022-23,2022-23,Incorporación de Durant vía trade a mitad de temporada
1610612756,22200603,"JAN 08, 2023",PHX vs. CLE,L,20,21,0.488,240,37,84,0.44,14,26,0.538,10,11,0.909,6,30,36,22,7,2,16,14,98,Phoenix Suns 2022-23,2022-23,Incorporación de Durant vía trade a mitad de temporada
1610612756,22200589,"JAN 06, 2023",PHX vs. MIA,L,20,20,0.5,240,34,82,0.415,6,23,0.261,22,25,0.88,8,36,44,22,5,2,14,20,96,Phoenix Suns 2022-23,2022-23,Incorporación de Durant vía trade a mitad de temporada
1610612756,22200565,"JAN 04, 2023",PHX @ CLE,L,20,19,0.513,240,32,81,0.395,10,28,0.357,14,18,0.778,8,41,49,24,8,3,13,19,88,Phoenix Suns 2022-23,2022-23,Incorporación de Durant vía trade a mitad de temporada
1610612756,22200550,"JAN 02, 2023",PHX @ NYK,L,20,18,0.526,240,34,87,0.391,10,37,0.27,5,7,0.714,5,31,36,22,4,0,8,17,83,Phoenix Suns 2022-23,2022-23,Incorporación de Durant vía trade a mitad de temporada
1610612756,22200531,"DEC 30, 2022",PHX @ TOR,L,20,17,0.541,240,35,71,0.493,14,30,0.467,20,23,0.87,9,33,42,26,7,1,25,17,104,Phoenix Suns 2022-23,2022-23,Incorporación de Durant vía trade a mitad de temporada
1610612756,22200516,"DEC 28, 2022",PHX @ WAS,L,20,16,0.556,240,39,87,0.448,13,31,0.419,11,16,0.688,11,19,30,25,7,4,11,21,102,Phoenix Suns 2022-23,2022-23,Incorporación de Durant vía trade a mitad de temporada
1610612756,22200510,"DEC 27, 2022",PHX @ MEM,W,20,15,0.571,240,43,87,0.494,17,31,0.548,22,25,0.88,15,32,47,26,7,9,19,23,125,Phoenix Suns 2022-23,2022-23,Incorporación de Durant vía trade a mitad de temporada
1610612756,22200497,"DEC 25, 2022",PHX @ DEN,L,19,15,0.559,265,45,94,0.479,17,35,0.486,18,26,0.692,12,34,46,32,7,9,13,30,125,Phoenix Suns 2022-23,2022-23,Incorporación de Durant vía trade a mitad de temporada
1610612756,22200490,"DEC 23, 2022",PHX vs. MEM,L,19,14,0.576,240,38,87,0.437,9,35,0.257,15,26,0.577,11,24,35,23,6,5,14,26,100,Phoenix Suns 2022-23,2022-23,Incorporación de Durant vía trade a mitad de temporada
1610612756,22200464,"DEC 20, 2022",PHX vs. WAS,L,19,13,0.594,240,41,89,0.461,13,32,0.406,15,19,0.789,15,29,44,26,2,1,14,23,110,Phoenix Suns 2022-23,2022-23,Incorporación de Durant vía trade a mitad de temporada
1610612756,22200459,"DEC 19, 2022",PHX vs. LAL,W,19,12,0.613,240,46,93,0.495,20,39,0.513,18,24,0.75,15,36,51,21,10,5,8,16,130,Phoenix Suns 2022-23,2022-23,Incorporación de Durant vía trade a mitad de temporada
1610612756,22200444,"DEC 17, 2022",PHX vs. NOP,W,18,12,0.6,240,39,83,0.47,15,41,0.366,25,35,0.714,10,25,35,23,6,3,8,13,118,Phoenix Suns 2022-23,2022-23,Incorporación de Durant vía trade a mitad de temporada
1610612756,22200427,"DEC 15, 2022",PHX @ LAC,W,17,12,0.586,240,44,95,0.463,9,32,0.281,14,18,0.778,15,38,53,27,8,8,8,18,111,Phoenix Suns 2022-23,2022-23,Incorporación de Durant vía trade a mitad de temporada
1610612756,22200411,"DEC 13, 2022",PHX @ HOU,L,16,12,0.571,240,33,103,0.32,13,51,0.255,18,19,0.947,18,26,44,22,13,7,9,24,97,Phoenix Suns 2022-23,2022-23,Incorporación de Durant vía trade a mitad de temporada
1610612756,22200395,"DEC 11, 2022",PHX @ NOP,L,16,11,0.593,265,49,105,0.467,13,38,0.342,13,17,0.765,19,23,42,34,7,5,14,24,124,Phoenix Suns 2022-23,2022-23,Incorporación de Durant vía trade a mitad de temporada
1610612756,22200384,"DEC 09, 2022",PHX @ NOP,L,16,10,0.615,240,43,86,0.5,22,44,0.5,9,13,0.692,8,29,37,30,6,3,16,25,117,Phoenix Suns 2022-23,2022-23,Incorporación de Durant vía trade a mitad de temporada
1610612756,22200373,"DEC 07, 2022",PHX vs. BOS,L,16,9,0.64,240,37,93,0.398,8,32,0.25,16,19,0.842,13,36,49,19,5,4,18,17,98,Phoenix Suns 2022-23,2022-23,Incorporación de Durant vía trade a mitad de temporada
1610612756,22200358,"DEC 05, 2022",PHX @ DAL,L,16,8,0.667,240,40,91,0.44,13,37,0.351,18,26,0.692,13,28,41,28,5,5,11,16,111,Phoenix Suns 2022-23,2022-23,Incorporación de Durant vía trade a mitad de temporada
1610612756,22200345,"DEC 04, 2022",PHX @ SAS,W,16,7,0.696,240,49,94,0.521,19,37,0.514,16,20,0.8,14,31,45,38,5,0,11,18,133,Phoenix Suns 2022-23,2022-23,Incorporación de Durant vía trade a mitad de temporada
1610612756,22200334,"DEC 02, 2022",PHX vs. HOU,L,15,7,0.682,240,45,85,0.529,17,37,0.459,14,19,0.737,9,28,37,30,9,5,17,28,121,Phoenix Suns 2022-23,2022-23,Incorporación de Durant vía trade a mitad de temporada
1610612756,22200321,"NOV 30, 2022",PHX vs. CHI,W,15,6,0.714,240,49,93,0.527,15,33,0.455,19,21,0.905,10,36,46,22,3,5,13,28,132,Phoenix Suns 2022-23,2022-23,Incorporación de Durant vía trade a mitad de temporada
1610612756,22200307,"NOV 28, 2022",PHX @ SAC,W,14,6,0.7,240,50,94,0.532,10,32,0.313,12,14,0.857,11,34,45,26,9,7,17,20,122,Phoenix Suns 2022-23,2022-23,Incorporación de Durant vía trade a mitad de temporada
1610612756,22200289,"NOV 26, 2022",PHX vs. UTA,W,13,6,0.684,240,42,92,0.457,6,22,0.273,23,30,0.767,18,30,48,23,8,6,6,20,113,Phoenix Suns 2022-23,2022-23,Incorporación de Durant vía trade a mitad de temporada
1610612756,22200283,"NOV 25, 2022",PHX vs. DET,W,12,6,0.667,240,42,87,0.483,7,29,0.241,17,26,0.654,11,32,43,25,7,7,13,18,108,Phoenix Suns 2022-23,2022-23,Incorporación de Durant vía trade a mitad de temporada
1610612756,22200259,"NOV 22, 2022",PHX vs. LAL,W,11,6,0.647,240,48,102,0.471,16,34,0.471,3,5,0.6,8,41,49,23,8,7,15,22,115,Phoenix Suns 2022-23,2022-23,Incorporación de Durant vía trade a mitad de temporada
1610612756,22200240,"NOV 20, 2022",PHX vs. NYK,W,10,6,0.625,240,43,101,0.426,17,39,0.436,13,18,0.722,22,38,60,35,3,8,13,22,116,Phoenix Suns 2022-23,2022-23,Incorporación de Durant vía trade a mitad de temporada
1610612756,22200232,"NOV 18, 2022",PHX @ UTA,L,9,6,0.6,240,49,94,0.521,9,30,0.3,26,28,0.929,12,30,42,29,7,6,14,25,133,Phoenix Suns 2022-23,2022-23,Incorporación de Durant vía trade a mitad de temporada
1610612756,22200220,"NOV 16, 2022",PHX vs. GSW,W,9,5,0.643,240,44,86,0.512,21,40,0.525,21,25,0.84,8,39,47,33,5,8,15,22,130,Phoenix Suns 2022-23,2022-23,Incorporación de Durant vía trade a mitad de temporada
1610612756,22200202,"NOV 14, 2022",PHX @ MIA,L,8,5,0.615,240,48,99,0.485,14,36,0.389,2,4,0.5,20,25,45,22,9,4,11,22,112,Phoenix Suns 2022-23,2022-23,Incorporación de Durant vía trade a mitad de temporada
1610612756,22200177,"NOV 11, 2022",PHX @ ORL,L,8,4,0.667,240,38,95,0.4,13,42,0.31,8,9,0.889,11,27,38,22,7,4,11,14,97,Phoenix Suns 2022-23,2022-23,Incorporación de Durant vía trade a mitad de temporada
1610612756,22200167,"NOV 09, 2022",PHX @ MIN,W,8,3,0.727,240,47,97,0.485,16,35,0.457,19,20,0.95,10,26,36,31,10,3,11,21,129,Phoenix Suns 2022-23,2022-23,Incorporación de Durant vía trade a mitad de temporada
1610612756,22200148,"NOV 07, 2022",PHX @ PHI,L,7,3,0.7,240,32,73,0.438,6,19,0.316,18,22,0.818,6,31,37,19,8,5,13,24,88,Phoenix Suns 2022-23,2022-23,Incorporación de Durant vía trade a mitad de temporada
1610612756,22200139,"NOV 05, 2022",PHX vs. POR,W,7,2,0.778,240,35,82,0.427,11,30,0.367,21,28,0.75,11,33,44,22,7,14,14,22,102,Phoenix Suns 2022-23,2022-23,Incorporación de Durant vía trade a mitad de temporada
1610612756,22200130,"NOV 04, 2022",PHX vs. POR,L,6,2,0.75,240,36,83,0.434,14,34,0.412,20,21,0.952,13,26,39,26,8,4,17,22,106,Phoenix Suns 2022-23,2022-23,Incorporación de Durant vía trade a mitad de temporada
1610612756,22200106,"NOV 01, 2022",PHX vs. MIN,W,6,1,0.857,240,41,89,0.461,17,43,0.395,17,22,0.773,7,27,34,31,9,8,9,20,116,Phoenix Suns 2022-23,2022-23,Incorporación de Durant vía trade a mitad de temporada
1610612756,22200094,"OCT 30, 2022",PHX vs. HOU,W,5,1,0.833,240,45,84,0.536,12,40,0.3,22,30,0.733,10,26,36,29,9,8,11,22,124,Phoenix Suns 2022-23,2022-23,Incorporación de Durant vía trade a mitad de temporada
1610612756,22200079,"OCT 28, 2022",PHX vs. NOP,W,4,1,0.8,240,48,92,0.522,10,33,0.303,18,20,0.9,14,33,47,33,7,7,12,18,124,Phoenix Suns 2022-23,2022-23,Incorporación de Durant vía trade a mitad de temporada
1610612756,22200055,"OCT 25, 2022",PHX vs. GSW,W,3,1,0.75,240,47,92,0.511,12,29,0.414,28,34,0.824,14,34,48,31,8,4,13,19,134,Phoenix Suns 2022-23,2022-23,Incorporación de Durant vía trade a mitad de temporada
1610612756,22200043,"OCT 23, 2022",PHX @ LAC,W,2,1,0.667,240,43,93,0.462,15,42,0.357,11,12,0.917,13,36,49,29,5,3,12,18,112,Phoenix Suns 2022-23,2022-23,Incorporación de Durant vía trade a mitad de temporada
1610612756,22200027,"OCT 21, 2022",PHX @ POR,L,1,1,0.5,265,43,94,0.457,10,27,0.37,15,21,0.714,9,32,41,31,14,1,16,29,111,Phoenix Suns 2022-23,2022-23,Incorporación de Durant vía trade a mitad de temporada
1610612756,22200013,"OCT 19, 2022",PHX vs. DAL,W,1,0,1.0,240,40,85,0.471,8,22,0.364,19,22,0.864,8,32,40,25,4,5,12,29,107,Phoenix Suns 2022-23,2022-23,Incorporación de Durant vía trade a mitad de temporada
