gameDate,homeTeam_teamTricode,awayTeam_teamTricode
10/20/2026 00:00:00,DET,BOS
10/20/2026 00:00:00,NYK,PHI
10/20/2026 00:00:00,SAS,OKC
10/21/2026 00:00:00,MIA,MIN
10/21/2026 00:00:00,LAL,GSW
10/21/2026 00:00:00,ORL,ATL
10/21/2026 00:00:00,WAS,MIL
10/21/2026 00:00:00,BKN,CHA
10/21/2026 00:00:00,TOR,CHI
10/21/2026 00:00:00,MEM,UTA
10/21/2026 00:00:00,NOP,IND
10/21/2026 00:00:00,HOU,DAL
10/21/2026 00:00:00,POR,PHX
10/21/2026 00:00:00,LAC,SAC
10/22/2026 00:00:00,PHI,CLE
10/22/2026 00:00:00,OKC,DEN
10/23/2026 00:00:00,BOS,NYK
10/23/2026 00:00:00,SAS,HOU
10/23/2026 00:00:00,CHA,ATL
10/23/2026 00:00:00,IND,DAL
10/23/2026 00:00:00,ORL,MIN
10/23/2026 00:00:00,WAS,TOR
10/23/2026 00:00:00,MIA,DET
10/23/2026 00:00:00,MIL,CHI
10/23/2026 00:00:00,UTA,NOP
10/23/2026 00:00:00,GSW,MEM
10/23/2026 00:00:00,LAL,LAC
10/23/2026 00:00:00,SAC,POR
10/24/2026 00:00:00,CHA,MIA
10/24/2026 00:00:00,CLE,BKN
10/24/2026 00:00:00,PHI,MIL
10/24/2026 00:00:00,ATL,HOU
10/24/2026 00:00:00,CHI,WAS
10/24/2026 00:00:00,DAL,SAS
10/24/2026 00:00:00,DEN,NOP
10/24/2026 00:00:00,PHX,GSW
10/25/2026 00:00:00,UTA,LAL
10/25/2026 00:00:00,BKN,IND
10/25/2026 00:00:00,NYK,ORL
10/25/2026 00:00:00,MIN,TOR
10/25/2026 00:00:00,OKC,LAC
10/25/2026 00:00:00,PHI,DET
10/25/2026 00:00:00,SAC,MEM
10/26/2026 00:00:00,CHA,WAS
10/26/2026 00:00:00,CLE,MIN
10/26/2026 00:00:00,BOS,CHI
10/26/2026 00:00:00,MIA,DAL
10/26/2026 00:00:00,MIL,IND
10/26/2026 00:00:00,OKC,PHX
10/26/2026 00:00:00,HOU,ATL
10/26/2026 00:00:00,UTA,MEM
10/26/2026 00:00:00,DEN,GSW
10/27/2026 00:00:00,BOS,BKN
10/27/2026 00:00:00,NYK,DET
10/27/2026 00:00:00,SAS,SAC
10/27/2026 00:00:00,LAL,POR
10/28/2026 00:00:00,ATL,MIA
10/28/2026 00:00:00,CLE,WAS
10/28/2026 00:00:00,DET,CHA
10/28/2026 00:00:00,IND,PHI
10/28/2026 00:00:00,TOR,ORL
10/28/2026 00:00:00,CHI,NYK
10/28/2026 00:00:00,MIL,HOU
10/28/2026 00:00:00,MIN,GSW
10/28/2026 00:00:00,NOP,DEN
10/28/2026 00:00:00,UTA,SAS
10/28/2026 00:00:00,DAL,OKC
10/28/2026 00:00:00,LAC,LAL
10/29/2026 00:00:00,ATL,CLE
10/29/2026 00:00:00,NOP,SAC
10/29/2026 00:00:00,POR,MEM
10/30/2026 00:00:00,WAS,CHA
10/30/2026 00:00:00,BOS,CHI
10/30/2026 00:00:00,BKN,DET
10/30/2026 00:00:00,PHI,NYK
10/30/2026 00:00:00,TOR,ORL
10/30/2026 00:00:00,MIA,IND
10/30/2026 00:00:00,DAL,HOU
10/30/2026 00:00:00,MIN,LAC
10/30/2026 00:00:00,GSW,LAL
10/30/2026 00:00:00,PHX,DEN
10/31/2026 00:00:00,UTA,POR
10/31/2026 00:00:00,CHA,PHI
10/31/2026 00:00:00,NOP,ATL
10/31/2026 00:00:00,MEM,SAC
10/31/2026 00:00:00,MIL,CLE
10/31/2026 00:00:00,SAS,MIN
10/31/2026 00:00:00,HOU,OKC
11/01/2026 00:00:00,ORL,BOS
11/01/2026 00:00:00,IND,BKN
11/01/2026 00:00:00,GSW,LAC
11/01/2026 00:00:00,LAL,TOR
11/02/2026 00:00:00,CLE,OKC
11/02/2026 00:00:00,CHA,DET
11/02/2026 00:00:00,IND,ATL
11/02/2026 00:00:00,NYK,BKN
11/02/2026 00:00:00,ORL,WAS
11/02/2026 00:00:00,PHI,CHI
11/02/2026 00:00:00,DAL,SAC
11/02/2026 00:00:00,MEM,NOP
11/02/2026 00:00:00,MIN,MIL
11/02/2026 00:00:00,HOU,BOS
11/02/2026 00:00:00,SAS,UTA
11/02/2026 00:00:00,DEN,POR
11/02/2026 00:00:00,GSW,PHX
11/02/2026 00:00:00,LAC,TOR
11/02/2026 00:00:00,LAL,MIA
11/04/2026 00:00:00,DET,PHI
11/04/2026 00:00:00,WAS,ATL
11/04/2026 00:00:00,BOS,MIL
11/04/2026 00:00:00,BKN,CHA
11/04/2026 00:00:00,NYK,CHI
11/04/2026 00:00:00,MEM,IND
11/04/2026 00:00:00,NOP,UTA
11/04/2026 00:00:00,OKC,CLE
11/04/2026 00:00:00,HOU,MIN
11/04/2026 00:00:00,DEN,TOR
11/04/2026 00:00:00,PHX,POR
11/04/2026 00:00:00,SAS,DAL
11/04/2026 00:00:00,SAC,LAL
11/04/2026 00:00:00,LAC,MIA
11/05/2026 00:00:00,PHX,ORL
11/05/2026 00:00:00,GSW,MIA
11/06/2026 00:00:00,ATL,WAS
11/06/2026 00:00:00,CHA,BOS
11/06/2026 00:00:00,CLE,PHI
11/06/2026 00:00:00,DAL,UTA
11/06/2026 00:00:00,MEM,OKC
11/06/2026 00:00:00,MIL,TOR
11/06/2026 00:00:00,NOP,MIN
11/06/2026 00:00:00,LAL,POR
11/06/2026 00:00:00,SAC,SAS
11/07/2026 00:00:00,IND,DEN
11/07/2026 00:00:00,ATL,BKN
11/07/2026 00:00:00,CLE,NYK
11/07/2026 00:00:00,OKC,WAS
11/07/2026 00:00:00,GSW,ORL
11/07/2026 00:00:00,PHX,HOU
11/07/2026 00:00:00,POR,SAS
11/08/2026 00:00:00,CHI,PHI
11/08/2026 00:00:00,DET,LAL
11/08/2026 00:00:00,MIN,UTA
11/08/2026 00:00:00,DAL,BKN
11/08/2026 00:00:00,MIL,BOS
11/08/2026 00:00:00,LAC,NOP
11/08/2026 00:00:00,SAC,MIA
11/09/2026 00:00:00,ATL,LAL
11/09/2026 00:00:00,CHA,CLE
11/09/2026 00:00:00,DET,WAS
11/09/2026 00:00:00,TOR,MEM
11/09/2026 00:00:00,DAL,IND
11/09/2026 00:00:00,HOU,DEN
11/09/2026 00:00:00,PHX,SAS
11/09/2026 00:00:00,GSW,NOP
11/10/2026 00:00:00,NYK,MIL
11/10/2026 00:00:00,PHI,BOS
11/10/2026 00:00:00,PHX,LAC
11/10/2026 00:00:00,UTA,MIA
11/10/2026 00:00:00,SAC,ORL
11/10/2026 00:00:00,POR,OKC
11/11/2026 00:00:00,IND,WAS
11/11/2026 00:00:00,NYK,CLE
11/11/2026 00:00:00,TOR,BOS
11/11/2026 00:00:00,CHI,SAS
11/11/2026 00:00:00,MEM,DEN
11/11/2026 00:00:00,MIL,LAL
11/11/2026 00:00:00,NOP,BKN
11/11/2026 00:00:00,UTA,ORL
11/11/2026 00:00:00,HOU,GSW
11/11/2026 00:00:00,POR,OKC
11/12/2026 00:00:00,PHI,TOR
11/12/2026 00:00:00,WAS,DET
11/12/2026 00:00:00,MIN,DAL
11/12/2026 00:00:00,PHX,CHA
11/13/2026 00:00:00,IND,NYK
11/13/2026 00:00:00,ORL,MIL
11/13/2026 00:00:00,MIA,CLE
11/13/2026 00:00:00,CHI,ATL
11/13/2026 00:00:00,NOP,MEM
11/13/2026 00:00:00,HOU,UTA
11/13/2026 00:00:00,SAS,GSW
11/13/2026 00:00:00,SAC,POR
11/13/2026 00:00:00,LAC,OKC
11/14/2026 00:00:00,NOP,DEN
11/14/2026 00:00:00,CLE,DAL
11/14/2026 00:00:00,MIA,DET
11/14/2026 00:00:00,MEM,BKN
11/14/2026 00:00:00,MIN,CHI
11/15/2026 00:00:00,PHI,IND
11/15/2026 00:00:00,PHX,LAL
11/15/2026 00:00:00,LAC,CHA
11/15/2026 00:00:00,UTA,SAS
11/15/2026 00:00:00,BOS,DAL
11/15/2026 00:00:00,TOR,NYK
11/15/2026 00:00:00,WAS,HOU
11/15/2026 00:00:00,MIL,ATL
11/15/2026 00:00:00,SAC,OKC
11/16/2026 00:00:00,BOS,ORL
11/16/2026 00:00:00,CLE,CHI
11/16/2026 00:00:00,WAS,MEM
11/16/2026 00:00:00,BKN,PHI
11/16/2026 00:00:00,MIA,HOU
11/16/2026 00:00:00,MIN,POR
11/16/2026 00:00:00,NOP,GSW
11/16/2026 00:00:00,DEN,PHX
11/17/2026 00:00:00,TOR,NYK
11/17/2026 00:00:00,MIN,POR
11/17/2026 00:00:00,SAS,DET
11/17/2026 00:00:00,LAL,CHA
11/17/2026 00:00:00,LAC,UTA
11/18/2026 00:00:00,CLE,MEM
11/18/2026 00:00:00,IND,HOU
11/18/2026 00:00:00,MIA,MIL
11/18/2026 00:00:00,ORL,PHI
11/18/2026 00:00:00,BKN,CHI
11/18/2026 00:00:00,TOR,WAS
11/18/2026 00:00:00,NOP,DET
11/18/2026 00:00:00,OKC,ATL
11/18/2026 00:00:00,DEN,BOS
11/18/2026 00:00:00,DAL,GSW
11/18/2026 00:00:00,LAL,UTA
11/18/2026 00:00:00,SAC,PHX
11/19/2026 00:00:00,MEM,GSW
11/19/2026 00:00:00,MIL,POR
11/19/2026 00:00:00,MIN,NYK
11/19/2026 00:00:00,SAS,LAC
11/20/2026 00:00:00,ATL,CHA
11/20/2026 00:00:00,BKN,ORL
11/20/2026 00:00:00,CLE,IND
11/20/2026 00:00:00,DET,TOR
11/20/2026 00:00:00,CHI,WAS
11/20/2026 00:00:00,OKC,NOP
11/20/2026 00:00:00,UTA,PHX
11/20/2026 00:00:00,DEN,HOU
11/20/2026 00:00:00,LAL,SAC
11/21/2026 00:00:00,PHI,MIL
11/21/2026 00:00:00,NYK,POR
11/21/2026 00:00:00,DAL,LAC
11/21/2026 00:00:00,MIN,MEM
11/21/2026 00:00:00,SAS,NOP
11/21/2026 00:00:00,SAC,BOS
11/22/2026 00:00:00,ATL,DET
11/22/2026 00:00:00,MIA,OKC
11/22/2026 00:00:00,WAS,ORL
11/22/2026 00:00:00,CHI,DEN
11/22/2026 00:00:00,UTA,DAL
11/22/2026 00:00:00,NYK,IND
11/22/2026 00:00:00,GSW,BOS
11/23/2026 00:00:00,CHA,MEM
11/23/2026 00:00:00,PHI,POR
11/23/2026 00:00:00,IND,OKC
11/23/2026 00:00:00,TOR,MIL
11/23/2026 00:00:00,MIN,BKN
11/23/2026 00:00:00,CHI,CLE
11/23/2026 00:00:00,NOP,PHX
11/23/2026 00:00:00,HOU,LAC
11/23/2026 00:00:00,LAL,UTA
11/23/2026 00:00:00,SAC,SAS
11/24/2026 00:00:00,ORL,DET
11/24/2026 00:00:00,WAS,BOS
11/24/2026 00:00:00,DEN,DAL
11/25/2026 00:00:00,PHI,MIA
11/25/2026 00:00:00,CHA,CHI
11/25/2026 00:00:00,NYK,CLE
11/25/2026 00:00:00,OKC,MIN
11/25/2026 00:00:00,MEM,LAC
11/25/2026 00:00:00,MIL,BKN
11/25/2026 00:00:00,HOU,PHX
11/25/2026 00:00:00,GSW,SAC
11/25/2026 00:00:00,POR,SAS
11/27/2026 00:00:00,NYK,MIA
11/27/2026 00:00:00,DET,MIL
11/27/2026 00:00:00,IND,PHI
11/27/2026 00:00:00,TOR,BKN
11/27/2026 00:00:00,BOS,ATL
11/27/2026 00:00:00,MIN,MEM
11/27/2026 00:00:00,PHX,DAL
11/27/2026 00:00:00,SAS,LAL
11/27/2026 00:00:00,UTA,DEN
11/27/2026 00:00:00,LAC,NOP
11/27/2026 00:00:00,POR,GSW
11/28/2026 00:00:00,WAS,ORL
11/28/2026 00:00:00,CHA,BKN
11/28/2026 00:00:00,CHI,IND
11/28/2026 00:00:00,MIL,OKC
11/28/2026 00:00:00,HOU,PHI
11/29/2026 00:00:00,MEM,LAL
11/29/2026 00:00:00,SAS,BOS
11/29/2026 00:00:00,UTA,PHX
11/29/2026 00:00:00,CLE,MIA
11/29/2026 00:00:00,DET,ORL
11/29/2026 00:00:00,NYK,ATL
11/29/2026 00:00:00,TOR,DEN
11/29/2026 00:00:00,POR,NOP
11/29/2026 00:00:00,GSW,LAC
11/29/2026 00:00:00,SAC,MIN
11/30/2026 00:00:00,CHA,WAS
11/30/2026 00:00:00,DET,DEN
11/30/2026 00:00:00,BKN,OKC
11/30/2026 00:00:00,HOU,LAL
11/30/2026 00:00:00,DAL,BOS
11/30/2026 00:00:00,MIL,SAS
11/30/2026 00:00:00,SAC,NOP
12/01/2026 00:00:00,CLE,IND
12/01/2026 00:00:00,PHI,MEM
12/01/2026 00:00:00,MIA,ATL
12/01/2026 00:00:00,CHI,NYK
12/01/2026 00:00:00,HOU,TOR
12/01/2026 00:00:00,PHX,LAC
12/01/2026 00:00:00,POR,MIN
12/01/2026 00:00:00,GSW,UTA
12/02/2026 00:00:00,DET,MEM
12/02/2026 00:00:00,PHI,DEN
12/02/2026 00:00:00,BOS,CHA
12/02/2026 00:00:00,DAL,ORL
12/02/2026 00:00:00,MIL,NYK
12/02/2026 00:00:00,NOP,LAL
12/02/2026 00:00:00,OKC,BKN
12/02/2026 00:00:00,PHX,SAC
12/02/2026 00:00:00,LAC,MIN
12/03/2026 00:00:00,ATL,IND
12/03/2026 00:00:00,MIA,WAS
12/03/2026 00:00:00,CHI,CLE
12/03/2026 00:00:00,SAS,TOR
12/03/2026 00:00:00,POR,UTA
12/12/2026 00:00:00,MEM,MIL
12/12/2026 00:00:00,WAS,CHA
12/12/2026 00:00:00,PHI,ORL
12/12/2026 00:00:00,CLE,GSW
12/12/2026 00:00:00,MIA,NYK
12/12/2026 00:00:00,PHX,MIN
12/12/2026 00:00:00,UTA,DEN
12/12/2026 00:00:00,POR,ATL
12/13/2026 00:00:00,BKN,BOS
12/13/2026 00:00:00,OKC,TOR
12/13/2026 00:00:00,IND,DET
12/13/2026 00:00:00,CHI,HOU
12/13/2026 00:00:00,SAS,LAC
12/13/2026 00:00:00,SAC,NOP
12/14/2026 00:00:00,CHA,TOR
12/14/2026 00:00:00,DET,BKN
12/14/2026 00:00:00,ORL,PHI
12/14/2026 00:00:00,BOS,WAS
12/14/2026 00:00:00,CHI,MIA
12/14/2026 00:00:00,DAL,MIL
12/14/2026 00:00:00,MEM,GSW
12/14/2026 00:00:00,HOU,NYK
12/14/2026 00:00:00,PHX,ATL
12/14/2026 00:00:00,UTA,MIN
12/14/2026 00:00:00,LAL,NOP
12/15/2026 00:00:00,CLE,SAS
12/15/2026 00:00:00,POR,DEN
12/16/2026 00:00:00,BOS,WAS
12/16/2026 00:00:00,CHA,LAC
12/16/2026 00:00:00,DET,PHX
12/16/2026 00:00:00,IND,GSW
12/16/2026 00:00:00,ORL,CLE
12/16/2026 00:00:00,BKN,DAL
12/16/2026 00:00:00,TOR,SAS
12/16/2026 00:00:00,CHI,UTA
12/16/2026 00:00:00,MEM,MIA
12/16/2026 00:00:00,NOP,NYK
12/16/2026 00:00:00,OKC,SAC
12/16/2026 00:00:00,HOU,MIL
12/16/2026 00:00:00,MIN,LAL
12/17/2026 00:00:00,IND,POR
12/17/2026 00:00:00,PHI,DAL
12/17/2026 00:00:00,DEN,ATL
12/18/2026 00:00:00,CHA,OKC
12/18/2026 00:00:00,MIA,LAC
12/18/2026 00:00:00,WAS,NYK
12/18/2026 00:00:00,BOS,UTA
12/18/2026 00:00:00,BKN,ORL
12/18/2026 00:00:00,DET,CLE
12/18/2026 00:00:00,TOR,GSW
12/18/2026 00:00:00,MEM,HOU
12/18/2026 00:00:00,MIL,PHX
12/18/2026 00:00:00,MIN,LAL
12/18/2026 00:00:00,NOP,SAC
12/18/2026 00:00:00,SAS,CHI
12/19/2026 00:00:00,CHA,POR
12/19/2026 00:00:00,ATL,ORL
12/19/2026 00:00:00,DAL,CHI
12/19/2026 00:00:00,DEN,LAL
12/20/2026 00:00:00,BKN,WAS
12/20/2026 00:00:00,TOR,HOU
12/20/2026 00:00:00,MEM,PHX
12/20/2026 00:00:00,CLE,UTA
12/20/2026 00:00:00,MIA,SAC
12/20/2026 00:00:00,ATL,OKC
12/20/2026 00:00:00,NOP,SAS
12/20/2026 00:00:00,BOS,DET
12/20/2026 00:00:00,MIL,GSW
12/20/2026 00:00:00,LAC,IND
12/21/2026 00:00:00,CHA,PHI
12/21/2026 00:00:00,CLE,NYK
12/21/2026 00:00:00,ORL,SAC
12/21/2026 00:00:00,BKN,POR
12/21/2026 00:00:00,MIA,CHI
12/21/2026 00:00:00,MIN,PHX
12/21/2026 00:00:00,NOP,MEM
12/21/2026 00:00:00,SAS,MIL
12/21/2026 00:00:00,LAL,IND
12/21/2026 00:00:00,LAC,DEN
12/22/2026 00:00:00,WAS,TOR
12/22/2026 00:00:00,OKC,DET
12/22/2026 00:00:00,GSW,DAL
12/23/2026 00:00:00,ATL,DET
12/23/2026 00:00:00,ORL,CHA
12/23/2026 00:00:00,WAS,CLE
12/23/2026 00:00:00,BOS,POR
12/23/2026 00:00:00,BKN,SAS
12/23/2026 00:00:00,MIA,CHI
12/23/2026 00:00:00,NYK,UTA
12/23/2026 00:00:00,PHI,HOU
12/23/2026 00:00:00,MEM,TOR
12/23/2026 00:00:00,MIL,MIN
12/23/2026 00:00:00,NOP,OKC
12/23/2026 00:00:00,PHX,IND
12/23/2026 00:00:00,LAL,DEN
12/23/2026 00:00:00,SAC,DAL
12/23/2026 00:00:00,LAC,GSW
12/25/2026 00:00:00,NYK,SAS
12/25/2026 00:00:00,BOS,MIA
12/25/2026 00:00:00,LAL,PHI
12/25/2026 00:00:00,MIN,OKC
12/25/2026 00:00:00,GSW,DEN
12/26/2026 00:00:00,WAS,POR
12/26/2026 00:00:00,ATL,CHA
12/26/2026 00:00:00,UTA,IND
12/26/2026 00:00:00,BKN,NOP
12/26/2026 00:00:00,ORL,TOR
12/26/2026 00:00:00,CHI,DET
12/26/2026 00:00:00,DAL,PHX
12/26/2026 00:00:00,LAC,MEM
12/27/2026 00:00:00,HOU,OKC
12/27/2026 00:00:00,CLE,WAS
12/27/2026 00:00:00,MIA,CHA
12/27/2026 00:00:00,NYK,BKN
12/27/2026 00:00:00,ORL,MIL
12/27/2026 00:00:00,SAC,UTA
12/27/2026 00:00:00,DET,POR
12/27/2026 00:00:00,SAS,ATL
12/27/2026 00:00:00,DEN,IND
12/27/2026 00:00:00,GSW,MIN
12/27/2026 00:00:00,LAC,PHI
12/27/2026 00:00:00,LAL,MEM
12/28/2026 00:00:00,TOR,NOP
12/28/2026 00:00:00,BOS,CLE
12/28/2026 00:00:00,PHX,GSW
12/28/2026 00:00:00,DEN,MIN
12/29/2026 00:00:00,ATL,CHI
12/29/2026 00:00:00,CHA,ORL
12/29/2026 00:00:00,IND,LAC
12/29/2026 00:00:00,DAL,MIA
12/29/2026 00:00:00,MEM,SAS
12/29/2026 00:00:00,OKC,MIL
12/29/2026 00:00:00,POR,BKN
12/29/2026 00:00:00,SAC,PHI
12/29/2026 00:00:00,LAL,HOU
12/30/2026 00:00:00,DET,NOP
12/30/2026 00:00:00,TOR,WAS
12/30/2026 00:00:00,CHI,BOS
12/30/2026 00:00:00,PHX,PHI
12/30/2026 00:00:00,UTA,NYK
12/30/2026 00:00:00,GSW,HOU
12/31/2026 00:00:00,CHA,SAS
12/31/2026 00:00:00,ATL,MIL
12/31/2026 00:00:00,CLE,LAC
12/31/2026 00:00:00,IND,ORL
12/31/2026 00:00:00,MIN,DEN
12/31/2026 00:00:00,SAC,BKN
12/31/2026 00:00:00,NOP,LAL
12/31/2026 00:00:00,OKC,MIA
12/31/2026 00:00:00,PHX,NYK
01/01/2027 00:00:00,WAS,SAS
01/01/2027 00:00:00,DET,ORL
01/01/2027 00:00:00,TOR,LAC
01/01/2027 00:00:00,MIL,PHI
01/01/2027 00:00:00,HOU,DAL
01/01/2027 00:00:00,UTA,BOS
01/02/2027 00:00:00,CHA,CLE
01/02/2027 00:00:00,DEN,NYK
01/02/2027 00:00:00,IND,MIN
01/02/2027 00:00:00,NOP,MIA
01/02/2027 00:00:00,ATL,DAL
01/02/2027 00:00:00,CHI,LAL
01/02/2027 00:00:00,OKC,UTA
01/02/2027 00:00:00,GSW,BKN
01/02/2027 00:00:00,PHX,SAC
01/02/2027 00:00:00,POR,BOS
01/03/2027 00:00:00,DEN,DET
01/03/2027 00:00:00,MIL,CHA
01/03/2027 00:00:00,ORL,MEM
01/03/2027 00:00:00,TOR,LAL
01/03/2027 00:00:00,WAS,LAC
01/03/2027 00:00:00,HOU,CLE
01/03/2027 00:00:00,MIN,SAS
01/03/2027 00:00:00,OKC,SAC
01/04/2027 00:00:00,IND,CHI
01/04/2027 00:00:00,PHI,ATL
01/04/2027 00:00:00,NOP,DAL
01/04/2027 00:00:00,PHX,BOS
01/04/2027 00:00:00,UTA,BKN
01/04/2027 00:00:00,POR,NYK
01/05/2027 00:00:00,CHA,ATL
01/05/2027 00:00:00,CLE,TOR
01/05/2027 00:00:00,ORL,LAC
01/05/2027 00:00:00,WAS,LAL
01/05/2027 00:00:00,MIA,MEM
01/05/2027 00:00:00,CHI,MIL
01/05/2027 00:00:00,HOU,MIN
01/05/2027 00:00:00,DEN,PHX
01/05/2027 00:00:00,SAC,DET
01/06/2027 00:00:00,BKN,UTA
01/06/2027 00:00:00,PHI,OKC
01/06/2027 00:00:00,NOP,POR
01/06/2027 00:00:00,SAS,IND
01/06/2027 00:00:00,GSW,NYK
01/07/2027 00:00:00,ATL,IND
01/07/2027 00:00:00,CHA,DEN
01/07/2027 00:00:00,ORL,CLE
01/07/2027 00:00:00,WAS,OKC
01/07/2027 00:00:00,BKN,MIA
01/07/2027 00:00:00,TOR,MIN
01/07/2027 00:00:00,DAL,POR
01/07/2027 00:00:00,MIL,LAC
01/07/2027 00:00:00,HOU,MEM
01/07/2027 00:00:00,GSW,DET
01/07/2027 00:00:00,LAL,BOS
01/07/2027 00:00:00,SAC,CHI
01/08/2027 00:00:00,PHI,MIA
01/08/2027 00:00:00,WAS,MIN
01/08/2027 00:00:00,TOR,UTA
01/08/2027 00:00:00,NOP,ORL
01/08/2027 00:00:00,SAS,MEM
01/08/2027 00:00:00,DAL,PHX
01/08/2027 00:00:00,LAL,DET
01/08/2027 00:00:00,SAC,NYK
01/09/2027 00:00:00,CLE,DEN
01/09/2027 00:00:00,BKN,HOU
01/09/2027 00:00:00,IND,MIL
01/09/2027 00:00:00,GSW,CHI
01/09/2027 00:00:00,POR,CHA
01/09/2027 00:00:00,LAC,BOS
01/10/2027 00:00:00,ATL,SAS
01/10/2027 00:00:00,DET,UTA
01/10/2027 00:00:00,MIA,NOP
01/10/2027 00:00:00,ORL,OKC
01/10/2027 00:00:00,TOR,PHI
01/10/2027 00:00:00,MEM,DAL
01/10/2027 00:00:00,PHX,CHI
01/10/2027 00:00:00,SAC,CHA
01/11/2027 00:00:00,IND,BKN
01/11/2027 00:00:00,WAS,ATL
01/11/2027 00:00:00,BOS,HOU
01/11/2027 00:00:00,NYK,DEN
01/11/2027 00:00:00,MIN,CLE
01/11/2027 00:00:00,LAC,LAL
01/12/2027 00:00:00,MIA,BKN
01/12/2027 00:00:00,TOR,DET
01/12/2027 00:00:00,PHI,WAS
01/12/2027 00:00:00,MEM,DAL
01/12/2027 00:00:00,MIL,DEN
01/12/2027 00:00:00,UTA,CHI
01/12/2027 00:00:00,POR,ORL
01/12/2027 00:00:00,GSW,SAC
01/13/2027 00:00:00,ATL,CLE
01/13/2027 00:00:00,BOS,NYK
01/13/2027 00:00:00,IND,MIL
01/13/2027 00:00:00,TOR,PHX
01/13/2027 00:00:00,OKC,HOU
01/13/2027 00:00:00,GSW,CHA
01/13/2027 00:00:00,POR,LAL
01/14/2027 00:00:00,SAS,NOP
01/14/2027 00:00:00,DET,DAL
01/14/2027 00:00:00,PHI,BKN
01/14/2027 00:00:00,NYK,MIA
01/14/2027 00:00:00,CHI,MIN
01/14/2027 00:00:00,DEN,MEM
01/14/2027 00:00:00,UTA,CHA
01/14/2027 00:00:00,LAL,ORL
01/14/2027 00:00:00,SAC,LAC
01/15/2027 00:00:00,ATL,GSW
01/15/2027 00:00:00,IND,PHX
01/15/2027 00:00:00,TOR,MIA
01/15/2027 00:00:00,MIL,CLE
01/15/2027 00:00:00,OKC,UTA
01/15/2027 00:00:00,HOU,WAS
01/15/2027 00:00:00,POR,SAC
01/15/2027 00:00:00,LAC,ORL
01/16/2027 00:00:00,PHI,MIN
01/16/2027 00:00:00,BOS,BKN
01/16/2027 00:00:00,NYK,DAL
01/16/2027 00:00:00,MEM,CLE
01/16/2027 00:00:00,HOU,DET
01/16/2027 00:00:00,DEN,CHA
01/17/2027 00:00:00,NOP,SAS
01/17/2027 00:00:00,WAS,IND
01/17/2027 00:00:00,CHI,TOR
01/17/2027 00:00:00,OKC,POR
01/17/2027 00:00:00,UTA,SAC
01/17/2027 00:00:00,MIA,GSW
01/17/2027 00:00:00,DEN,ORL
01/17/2027 00:00:00,LAL,MIL
01/18/2027 00:00:00,CLE,DET
01/18/2027 00:00:00,ATL,PHI
01/18/2027 00:00:00,NYK,MIN
01/18/2027 00:00:00,MEM,HOU
01/18/2027 00:00:00,WAS,BOS
01/18/2027 00:00:00,DAL,OKC
01/18/2027 00:00:00,LAC,PHX
01/19/2027 00:00:00,ORL,GSW
01/19/2027 00:00:00,PHI,IND
01/19/2027 00:00:00,TOR,CHI
01/19/2027 00:00:00,MIA,POR
01/19/2027 00:00:00,DAL,CHA
01/19/2027 00:00:00,DEN,UTA
01/19/2027 00:00:00,SAC,LAL
01/20/2027 00:00:00,ATL,POR
01/20/2027 00:00:00,BKN,CHI
01/20/2027 00:00:00,BOS,IND
01/20/2027 00:00:00,NYK,TOR
01/20/2027 00:00:00,MIN,HOU
01/20/2027 00:00:00,NOP,OKC
01/20/2027 00:00:00,PHX,MEM
01/20/2027 00:00:00,UTA,LAC
01/20/2027 00:00:00,SAS,MIA
01/20/2027 00:00:00,SAC,MIL
01/21/2027 00:00:00,BOS,PHI
01/21/2027 00:00:00,BKN,CLE
01/21/2027 00:00:00,DEN,WAS
01/21/2027 00:00:00,GSW,LAL
01/22/2027 00:00:00,ATL,NYK
01/22/2027 00:00:00,CHA,HOU
01/22/2027 00:00:00,ORL,POR
01/22/2027 00:00:00,DET,IND
01/22/2027 00:00:00,NOP,DAL
01/22/2027 00:00:00,OKC,MEM
01/22/2027 00:00:00,PHX,UTA
01/22/2027 00:00:00,SAS,MIN
01/22/2027 00:00:00,GSW,MIL
01/22/2027 00:00:00,LAL,SAC
01/22/2027 00:00:00,LAC,WAS
01/23/2027 00:00:00,CHI,PHI
01/23/2027 00:00:00,BKN,TOR
01/23/2027 00:00:00,BOS,CHA
01/23/2027 00:00:00,MIA,ATL
01/23/2027 00:00:00,DAL,CLE
01/23/2027 00:00:00,DEN,MIL
01/24/2027 00:00:00,SAS,POR
01/24/2027 00:00:00,PHX,UTA
01/24/2027 00:00:00,LAL,WAS
01/24/2027 00:00:00,DET,MIN
01/24/2027 00:00:00,ORL,HOU
01/24/2027 00:00:00,NYK,LAC
01/24/2027 00:00:00,GSW,OKC
01/25/2027 00:00:00,BOS,TOR
01/25/2027 00:00:00,CHA,ORL
01/25/2027 00:00:00,PHI,LAC
01/25/2027 00:00:00,BKN,MIA
01/25/2027 00:00:00,CHI,DAL
01/25/2027 00:00:00,MEM,MIN
01/25/2027 00:00:00,NOP,CLE
01/25/2027 00:00:00,DEN,SAC
01/26/2027 00:00:00,DET,ATL
01/26/2027 00:00:00,IND,CHI
01/26/2027 00:00:00,NYK,PHX
01/26/2027 00:00:00,SAS,HOU
01/26/2027 00:00:00,UTA,MIL
01/26/2027 00:00:00,POR,WAS
01/26/2027 00:00:00,LAL,OKC
01/27/2027 00:00:00,CLE,DET
01/27/2027 00:00:00,PHI,SAC
01/27/2027 00:00:00,BOS,LAC
01/27/2027 00:00:00,BKN,PHX
01/27/2027 00:00:00,TOR,DAL
01/27/2027 00:00:00,SAS,CHA
01/27/2027 00:00:00,HOU,NOP
01/27/2027 00:00:00,MIN,DEN
01/27/2027 00:00:00,POR,GSW
01/28/2027 00:00:00,IND,LAL
01/28/2027 00:00:00,NYK,ATL
01/28/2027 00:00:00,ORL,CHI
01/28/2027 00:00:00,WAS,SAC
01/28/2027 00:00:00,NOP,PHI
01/28/2027 00:00:00,OKC,MEM
01/28/2027 00:00:00,UTA,GSW
01/28/2027 00:00:00,MIL,MIA
01/29/2027 00:00:00,TOR,CLE
01/29/2027 00:00:00,BOS,PHX
01/29/2027 00:00:00,BKN,LAC
01/29/2027 00:00:00,DAL,DET
01/29/2027 00:00:00,HOU,ORL
01/29/2027 00:00:00,MIN,CHA
01/30/2027 00:00:00,MIA,PHI
01/30/2027 00:00:00,OKC,DEN
01/30/2027 00:00:00,GSW,SAS
01/30/2027 00:00:00,IND,WAS
01/30/2027 00:00:00,CLE,NOP
01/30/2027 00:00:00,MIL,ATL
01/30/2027 00:00:00,NYK,LAL
01/30/2027 00:00:00,UTA,MEM
01/31/2027 00:00:00,DET,SAC
01/31/2027 00:00:00,ORL,BKN
01/31/2027 00:00:00,TOR,BOS
01/31/2027 00:00:00,MIN,PHX
01/31/2027 00:00:00,OKC,CHI
01/31/2027 00:00:00,CHA,LAL
01/31/2027 00:00:00,DEN,POR
01/31/2027 00:00:00,DAL,HOU
02/01/2027 00:00:00,ATL,WAS
02/01/2027 00:00:00,PHI,NOP
02/01/2027 00:00:00,BKN,NYK
02/01/2027 00:00:00,IND,MIA
02/01/2027 00:00:00,MIL,MEM
02/01/2027 00:00:00,UTA,CLE
02/01/2027 00:00:00,GSW,SAS
02/02/2027 00:00:00,DET,CHI
02/02/2027 00:00:00,ORL,NOP
02/02/2027 00:00:00,MIA,CHA
02/02/2027 00:00:00,BOS,LAL
02/02/2027 00:00:00,DAL,TOR
02/02/2027 00:00:00,DEN,OKC
02/02/2027 00:00:00,LAC,SAS
02/02/2027 00:00:00,POR,MIN
02/03/2027 00:00:00,DET,NYK
02/03/2027 00:00:00,IND,ATL
02/03/2027 00:00:00,MEM,PHI
02/03/2027 00:00:00,PHX,CLE
02/03/2027 00:00:00,HOU,UTA
02/03/2027 00:00:00,LAC,GSW
02/04/2027 00:00:00,WAS,NOP
02/04/2027 00:00:00,BKN,LAL
02/04/2027 00:00:00,CHA,BOS
02/04/2027 00:00:00,MIA,MIL
02/04/2027 00:00:00,NYK,TOR
02/04/2027 00:00:00,CHI,OKC
02/04/2027 00:00:00,SAS,ORL
02/04/2027 00:00:00,DEN,DAL
02/04/2027 00:00:00,POR,CLE
02/04/2027 00:00:00,SAC,MIN
02/05/2027 00:00:00,ATL,BOS
02/05/2027 00:00:00,CHA,GSW
02/05/2027 00:00:00,PHI,DET
02/05/2027 00:00:00,DEN,LAC
02/05/2027 00:00:00,PHX,HOU
02/05/2027 00:00:00,OKC,IND
02/06/2027 00:00:00,DAL,UTA
02/06/2027 00:00:00,MIN,MIA
02/06/2027 00:00:00,MEM,POR
02/06/2027 00:00:00,BKN,WAS
02/06/2027 00:00:00,CLE,ORL
02/06/2027 00:00:00,TOR,MIL
02/06/2027 00:00:00,CHI,NOP
02/06/2027 00:00:00,SAS,LAL
02/06/2027 00:00:00,SAC,PHX
02/07/2027 00:00:00,ATL,DEN
02/07/2027 00:00:00,DET,GSW
02/07/2027 00:00:00,MIN,UTA
02/07/2027 00:00:00,DAL,LAC
02/07/2027 00:00:00,TOR,CHA
02/07/2027 00:00:00,PHI,BOS
02/07/2027 00:00:00,OKC,NYK
02/07/2027 00:00:00,SAC,HOU
02/08/2027 00:00:00,ATL,MIA
02/08/2027 00:00:00,IND,NOP
02/08/2027 00:00:00,PHI,BKN
02/08/2027 00:00:00,WAS,CHI
02/08/2027 00:00:00,MEM,POR
02/08/2027 00:00:00,MIL,ORL
02/08/2027 00:00:00,PHX,LAL
02/09/2027 00:00:00,CLE,TOR
02/09/2027 00:00:00,BOS,DEN
02/09/2027 00:00:00,BKN,MIN
02/09/2027 00:00:00,NYK,CHA
02/09/2027 00:00:00,CHI,GSW
02/09/2027 00:00:00,DAL,SAS
02/09/2027 00:00:00,MIL,SAC
02/09/2027 00:00:00,OKC,POR
02/09/2027 00:00:00,UTA,HOU
02/09/2027 00:00:00,LAC,DET
02/10/2027 00:00:00,ATL,NOP
02/10/2027 00:00:00,IND,CLE
02/10/2027 00:00:00,WAS,MIA
02/10/2027 00:00:00,BOS,GSW
02/10/2027 00:00:00,MEM,ORL
02/10/2027 00:00:00,PHX,DET
02/10/2027 00:00:00,LAL,LAC
02/11/2027 00:00:00,CHA,MIL
02/11/2027 00:00:00,IND,UTA
02/11/2027 00:00:00,PHI,NYK
02/11/2027 00:00:00,DAL,POR
02/11/2027 00:00:00,HOU,SAC
02/11/2027 00:00:00,DEN,CHI
02/11/2027 00:00:00,OKC,SAS
02/12/2027 00:00:00,ATL,PHX
02/12/2027 00:00:00,ORL,MIA
02/12/2027 00:00:00,WAS,BKN
02/12/2027 00:00:00,TOR,CLE
02/12/2027 00:00:00,BOS,MIN
02/12/2027 00:00:00,MEM,LAC
02/12/2027 00:00:00,NOP,HOU
02/12/2027 00:00:00,LAL,DEN
02/13/2027 00:00:00,IND,SAC
02/13/2027 00:00:00,CHA,DAL
02/13/2027 00:00:00,POR,DET
02/13/2027 00:00:00,OKC,PHI
02/13/2027 00:00:00,ORL,SAS
02/13/2027 00:00:00,WAS,MIL
02/13/2027 00:00:00,NYK,GSW
02/14/2027 00:00:00,ATL,SAC
02/14/2027 00:00:00,BOS,TOR
02/14/2027 00:00:00,CLE,PHX
02/14/2027 00:00:00,MIA,BKN
02/14/2027 00:00:00,HOU,DEN
02/14/2027 00:00:00,NOP,LAC
02/14/2027 00:00:00,POR,CHI
02/15/2027 00:00:00,CHA,MIN
02/15/2027 00:00:00,DAL,PHI
02/15/2027 00:00:00,MIA,SAS
02/15/2027 00:00:00,GSW,IND
02/15/2027 00:00:00,WAS,PHX
02/15/2027 00:00:00,MEM,NYK
02/15/2027 00:00:00,OKC,ORL
02/15/2027 00:00:00,UTA,DET
02/16/2027 00:00:00,CLE,MIL
02/16/2027 00:00:00,ATL,TOR
02/16/2027 00:00:00,LAL,CHI
02/16/2027 00:00:00,POR,NOP
02/16/2027 00:00:00,LAC,HOU
02/17/2027 00:00:00,CHA,TOR
02/17/2027 00:00:00,CLE,MIL
02/17/2027 00:00:00,DET,NYK
02/17/2027 00:00:00,ORL,DAL
02/17/2027 00:00:00,PHI,PHX
02/17/2027 00:00:00,WAS,MIA
02/17/2027 00:00:00,BKN,ATL
02/17/2027 00:00:00,MEM,SAS
02/17/2027 00:00:00,DEN,UTA
02/17/2027 00:00:00,OKC,BOS
02/17/2027 00:00:00,GSW,NOP
02/17/2027 00:00:00,SAC,IND
02/17/2027 00:00:00,LAC,CHI
02/18/2027 00:00:00,MIN,SAS
02/18/2027 00:00:00,MEM,BOS
02/18/2027 00:00:00,LAL,HOU
02/18/2027 00:00:00,POR,IND
02/25/2027 00:00:00,CLE,SAC
02/25/2027 00:00:00,DET,MIA
02/25/2027 00:00:00,ORL,CHA
02/25/2027 00:00:00,BKN,PHI
02/25/2027 00:00:00,NYK,OKC
02/25/2027 00:00:00,CHI,ATL
02/25/2027 00:00:00,MIL,WAS
02/25/2027 00:00:00,NOP,PHX
02/25/2027 00:00:00,GSW,DAL
02/25/2027 00:00:00,LAC,UTA
02/26/2027 00:00:00,BOS,CLE
02/26/2027 00:00:00,TOR,ATL
02/26/2027 00:00:00,MIN,IND
02/26/2027 00:00:00,SAS,MEM
02/26/2027 00:00:00,HOU,CHA
02/26/2027 00:00:00,DEN,LAL
02/26/2027 00:00:00,POR,DAL
02/27/2027 00:00:00,UTA,WAS
02/27/2027 00:00:00,DET,OKC
02/27/2027 00:00:00,CHI,BKN
02/27/2027 00:00:00,MEM,SAC
02/27/2027 00:00:00,NYK,PHI
02/27/2027 00:00:00,PHX,NOP
02/28/2027 00:00:00,SAS,DEN
02/28/2027 00:00:00,DAL,LAL
02/28/2027 00:00:00,IND,TOR
02/28/2027 00:00:00,ORL,ATL
02/28/2027 00:00:00,CHA,SAC
02/28/2027 00:00:00,MIN,BOS
02/28/2027 00:00:00,NYK,MIL
02/28/2027 00:00:00,HOU,MIA
02/28/2027 00:00:00,LAC,POR
03/01/2027 00:00:00,CLE,PHI
03/01/2027 00:00:00,DET,CHI
03/01/2027 00:00:00,NOP,UTA
03/01/2027 00:00:00,HOU,GSW
03/01/2027 00:00:00,DEN,BKN
03/01/2027 00:00:00,PHX,WAS
03/02/2027 00:00:00,IND,BOS
03/02/2027 00:00:00,ORL,LAL
03/02/2027 00:00:00,MIA,TOR
03/02/2027 00:00:00,NYK,MEM
03/02/2027 00:00:00,DAL,GSW
03/02/2027 00:00:00,MIL,DET
03/02/2027 00:00:00,OKC,MIN
03/02/2027 00:00:00,SAC,WAS
03/02/2027 00:00:00,POR,LAC
03/03/2027 00:00:00,ATL,CHI
03/03/2027 00:00:00,PHI,CHA
03/03/2027 00:00:00,MIA,TOR
03/03/2027 00:00:00,MIL,UTA
03/03/2027 00:00:00,HOU,NOP
03/03/2027 00:00:00,PHX,BKN
03/03/2027 00:00:00,DEN,SAS
03/04/2027 00:00:00,CLE,POR
03/04/2027 00:00:00,ORL,IND
03/04/2027 00:00:00,PHI,LAL
03/04/2027 00:00:00,ATL,MEM
03/04/2027 00:00:00,DAL,NYK
03/04/2027 00:00:00,GSW,WAS
03/04/2027 00:00:00,SAC,OKC
03/04/2027 00:00:00,LAC,BKN
03/05/2027 00:00:00,DET,BOS
03/05/2027 00:00:00,ORL,UTA
03/05/2027 00:00:00,TOR,POR
03/05/2027 00:00:00,NOP,MIL
03/05/2027 00:00:00,PHX,MIN
03/05/2027 00:00:00,HOU,SAS
03/06/2027 00:00:00,MIA,IND
03/06/2027 00:00:00,CHI,CHA
03/06/2027 00:00:00,CLE,ATL
03/06/2027 00:00:00,WAS,UTA
03/06/2027 00:00:00,MEM,NOP
03/06/2027 00:00:00,LAL,OKC
03/06/2027 00:00:00,SAC,LAC
03/07/2027 00:00:00,BOS,PHI
03/07/2027 00:00:00,DEN,MIN
03/07/2027 00:00:00,CHI,POR
03/07/2027 00:00:00,SAS,NYK
03/07/2027 00:00:00,GSW,HOU
03/07/2027 00:00:00,LAL,BKN
03/08/2027 00:00:00,IND,CHA
03/08/2027 00:00:00,PHI,UTA
03/08/2027 00:00:00,MIA,PHX
03/08/2027 00:00:00,MEM,ATL
03/08/2027 00:00:00,MIN,NOP
03/08/2027 00:00:00,OKC,DAL
03/08/2027 00:00:00,SAC,DEN
03/08/2027 00:00:00,LAC,HOU
03/09/2027 00:00:00,ORL,PHX
03/09/2027 00:00:00,BKN,MIL
03/09/2027 00:00:00,DET,CLE
03/09/2027 00:00:00,CHI,BOS
03/09/2027 00:00:00,DAL,MEM
03/09/2027 00:00:00,SAS,WAS
03/09/2027 00:00:00,GSW,POR
03/10/2027 00:00:00,CHA,NOP
03/10/2027 00:00:00,MIA,ORL
03/10/2027 00:00:00,TOR,OKC
03/10/2027 00:00:00,UTA,HOU
03/10/2027 00:00:00,MIN,ATL
03/10/2027 00:00:00,POR,DEN
03/10/2027 00:00:00,SAC,GSW
03/10/2027 00:00:00,LAC,NYK
03/11/2027 00:00:00,CHA,IND
03/11/2027 00:00:00,DET,MIL
03/11/2027 00:00:00,BOS,MEM
03/11/2027 00:00:00,SAS,PHI
03/11/2027 00:00:00,ATL,BKN
03/11/2027 00:00:00,CHI,PHX
03/11/2027 00:00:00,DAL,WAS
03/11/2027 00:00:00,LAL,NYK
03/11/2027 00:00:00,LAC,CLE
03/12/2027 00:00:00,BOS,OKC
03/12/2027 00:00:00,MIL,MIA
03/12/2027 00:00:00,NOP,TOR
03/12/2027 00:00:00,UTA,SAC
03/12/2027 00:00:00,DEN,GSW
03/12/2027 00:00:00,LAL,CLE
03/13/2027 00:00:00,ATL,ORL
03/13/2027 00:00:00,DET,BKN
03/13/2027 00:00:00,HOU,IND
03/13/2027 00:00:00,CHA,PHX
03/13/2027 00:00:00,CHI,MEM
03/13/2027 00:00:00,DAL,NOP
03/13/2027 00:00:00,MIN,PHI
03/13/2027 00:00:00,POR,LAC
03/14/2027 00:00:00,NYK,BOS
03/14/2027 00:00:00,OKC,SAS
03/14/2027 00:00:00,TOR,DET
03/14/2027 00:00:00,SAC,CLE
03/14/2027 00:00:00,DEN,MIA
03/14/2027 00:00:00,MIN,WAS
03/14/2027 00:00:00,LAL,GSW
03/15/2027 00:00:00,PHI,TOR
03/15/2027 00:00:00,BKN,IND
03/15/2027 00:00:00,CHI,ORL
03/15/2027 00:00:00,MEM,PHX
03/15/2027 00:00:00,DAL,ATL
03/16/2027 00:00:00,WAS,NYK
03/16/2027 00:00:00,BOS,SAC
03/16/2027 00:00:00,IND,DET
03/16/2027 00:00:00,MIL,ORL
03/16/2027 00:00:00,NOP,MIN
03/16/2027 00:00:00,OKC,CHA
03/16/2027 00:00:00,HOU,SAS
03/16/2027 00:00:00,GSW,CLE
03/16/2027 00:00:00,POR,LAL
03/16/2027 00:00:00,LAC,DEN
03/17/2027 00:00:00,PHI,CHI
03/17/2027 00:00:00,NYK,SAC
03/17/2027 00:00:00,OKC,DAL
03/17/2027 00:00:00,HOU,BKN
03/17/2027 00:00:00,UTA,ATL
03/17/2027 00:00:00,GSW,MEM
03/17/2027 00:00:00,LAL,PHX
03/17/2027 00:00:00,POR,MIA
03/18/2027 00:00:00,IND,TOR
03/18/2027 00:00:00,WAS,PHI
03/18/2027 00:00:00,BOS,ORL
03/18/2027 00:00:00,MIL,DET
03/18/2027 00:00:00,NOP,CHA
03/18/2027 00:00:00,SAS,BKN
03/18/2027 00:00:00,DEN,CLE
03/18/2027 00:00:00,UTA,MIN
03/18/2027 00:00:00,LAC,MEM
03/19/2027 00:00:00,TOR,SAC
03/19/2027 00:00:00,NOP,HOU
03/19/2027 00:00:00,SAS,DAL
03/19/2027 00:00:00,GSW,POR
03/19/2027 00:00:00,LAL,ATL
03/19/2027 00:00:00,PHX,MIA
03/20/2027 00:00:00,NYK,WAS
03/20/2027 00:00:00,ORL,DEN
03/20/2027 00:00:00,CLE,CHI
03/20/2027 00:00:00,DET,CHA
03/20/2027 00:00:00,MEM,OKC
03/20/2027 00:00:00,MIL,IND
03/20/2027 00:00:00,LAC,ATL
03/21/2027 00:00:00,BOS,NOP
03/21/2027 00:00:00,BKN,SAC
03/21/2027 00:00:00,UTA,TOR
03/21/2027 00:00:00,PHX,POR
03/21/2027 00:00:00,MIA,DEN
03/21/2027 00:00:00,PHI,SAS
03/21/2027 00:00:00,LAL,DAL
03/22/2027 00:00:00,CLE,HOU
03/22/2027 00:00:00,ORL,IND
03/22/2027 00:00:00,CHI,SAC
03/22/2027 00:00:00,MEM,CHA
03/22/2027 00:00:00,MIL,WAS
03/22/2027 00:00:00,MIN,DET
03/22/2027 00:00:00,GSW,ATL
03/22/2027 00:00:00,LAC,DAL
03/23/2027 00:00:00,BKN,BOS
03/23/2027 00:00:00,NYK,NOP
03/23/2027 00:00:00,MIA,LAL
03/23/2027 00:00:00,UTA,PHI
03/23/2027 00:00:00,POR,TOR
03/23/2027 00:00:00,PHX,OKC
03/24/2027 00:00:00,CHA,DET
03/24/2027 00:00:00,IND,MEM
03/24/2027 00:00:00,WAS,DEN
03/24/2027 00:00:00,BOS,SAS
03/24/2027 00:00:00,NYK,HOU
03/24/2027 00:00:00,CHI,ORL
03/24/2027 00:00:00,MIN,DAL
03/24/2027 00:00:00,GSW,PHI
03/24/2027 00:00:00,PHX,OKC
03/24/2027 00:00:00,SAC,ATL
03/24/2027 00:00:00,LAC,MIL
03/25/2027 00:00:00,CLE,LAL
03/25/2027 00:00:00,DET,HOU
03/25/2027 00:00:00,IND,SAS
03/25/2027 00:00:00,BKN,DEN
03/25/2027 00:00:00,MIA,UTA
03/25/2027 00:00:00,MEM,CHI
03/25/2027 00:00:00,GSW,TOR
03/26/2027 00:00:00,CHA,NYK
03/26/2027 00:00:00,DAL,NOP
03/26/2027 00:00:00,MIN,ORL
03/26/2027 00:00:00,OKC,LAC
03/26/2027 00:00:00,PHX,MIL
03/26/2027 00:00:00,POR,PHI
03/27/2027 00:00:00,DET,SAS
03/27/2027 00:00:00,ATL,UTA
03/27/2027 00:00:00,WAS,GSW
03/27/2027 00:00:00,MIA,BOS
03/27/2027 00:00:00,CHI,LAC
03/27/2027 00:00:00,POR,MIL
03/27/2027 00:00:00,SAC,TOR
03/28/2027 00:00:00,ORL,NYK
03/28/2027 00:00:00,BKN,MEM
03/28/2027 00:00:00,HOU,LAL
03/28/2027 00:00:00,CHA,UTA
03/28/2027 00:00:00,WAS,DAL
03/28/2027 00:00:00,NOP,BOS
03/28/2027 00:00:00,MIN,OKC
03/28/2027 00:00:00,PHX,TOR
03/28/2027 00:00:00,DEN,PHI
03/29/2027 00:00:00,ATL,MIN
03/29/2027 00:00:00,CLE,MIA
03/29/2027 00:00:00,DET,LAC
03/29/2027 00:00:00,BKN,GSW
03/29/2027 00:00:00,CHI,IND
03/29/2027 00:00:00,MIL,DAL
03/29/2027 00:00:00,SAS,PHX
03/29/2027 00:00:00,SAC,DEN
03/30/2027 00:00:00,CHA,MIA
03/30/2027 00:00:00,IND,BOS
03/30/2027 00:00:00,ORL,NYK
03/30/2027 00:00:00,MEM,LAL
03/30/2027 00:00:00,UTA,OKC
03/30/2027 00:00:00,POR,HOU
03/31/2027 00:00:00,ATL,LAC
03/31/2027 00:00:00,DET,TOR
03/31/2027 00:00:00,PHI,GSW
03/31/2027 00:00:00,WAS,CHI
03/31/2027 00:00:00,BKN,CLE
03/31/2027 00:00:00,MIL,NOP
03/31/2027 00:00:00,MIN,SAC
03/31/2027 00:00:00,SAS,PHX
03/31/2027 00:00:00,DAL,DEN
03/31/2027 00:00:00,POR,HOU
04/01/2027 00:00:00,CLE,BOS
04/01/2027 00:00:00,IND,ORL
04/01/2027 00:00:00,NYK,CHA
04/01/2027 00:00:00,OKC,LAL
04/02/2027 00:00:00,WAS,PHI
04/02/2027 00:00:00,BOS,MIA
04/02/2027 00:00:00,BKN,NYK
04/02/2027 00:00:00,MIN,GSW
04/02/2027 00:00:00,CHI,DET
04/02/2027 00:00:00,DAL,SAC
04/02/2027 00:00:00,MIL,CHA
04/02/2027 00:00:00,TOR,ATL
04/02/2027 00:00:00,HOU,MEM
04/02/2027 00:00:00,PHX,DEN
04/02/2027 00:00:00,POR,UTA
04/02/2027 00:00:00,LAC,SAS
04/03/2027 00:00:00,OKC,NOP
04/03/2027 00:00:00,ORL,WAS
04/04/2027 00:00:00,PHI,ATL
04/04/2027 00:00:00,MIL,BKN
04/04/2027 00:00:00,CLE,CHA
04/04/2027 00:00:00,DET,MIA
04/04/2027 00:00:00,DAL,MIN
04/04/2027 00:00:00,TOR,IND
04/04/2027 00:00:00,HOU,CHI
04/04/2027 00:00:00,LAC,PHX
04/04/2027 00:00:00,DEN,MEM
04/04/2027 00:00:00,UTA,POR
04/04/2027 00:00:00,SAC,GSW
04/04/2027 00:00:00,NYK,BOS
04/04/2027 00:00:00,LAL,SAS
04/05/2027 00:00:00,CLE,BKN
04/05/2027 00:00:00,ORL,MIA
04/05/2027 00:00:00,NOP,WAS
04/06/2027 00:00:00,CHA,IND
04/06/2027 00:00:00,TOR,PHI
04/06/2027 00:00:00,ATL,NYK
04/06/2027 00:00:00,MEM,DET
04/06/2027 00:00:00,MIL,CHI
04/06/2027 00:00:00,SAS,SAC
04/06/2027 00:00:00,DEN,NOP
04/06/2027 00:00:00,UTA,OKC
04/06/2027 00:00:00,LAL,DAL
04/06/2027 00:00:00,LAC,MIN
04/06/2027 00:00:00,GSW,PHX
04/07/2027 00:00:00,DET,IND
04/07/2027 00:00:00,ORL,BOS
04/07/2027 00:00:00,TOR,BKN
04/07/2027 00:00:00,SAS,CLE
04/07/2027 00:00:00,CHI,CHA
04/07/2027 00:00:00,MEM,WAS
04/07/2027 00:00:00,HOU,SAC
04/07/2027 00:00:00,LAL,MIN
04/07/2027 00:00:00,POR,DAL
04/08/2027 00:00:00,MIA,PHI
04/08/2027 00:00:00,MIL,NYK
04/08/2027 00:00:00,DEN,LAC
04/08/2027 00:00:00,UTA,NOP
04/08/2027 00:00:00,OKC,GSW
04/09/2027 00:00:00,ATL,BOS
04/09/2027 00:00:00,CHA,BKN
04/09/2027 00:00:00,IND,CLE
04/09/2027 00:00:00,NYK,DET
04/09/2027 00:00:00,ORL,TOR
04/09/2027 00:00:00,MIA,WAS
04/09/2027 00:00:00,CHI,MIL
04/09/2027 00:00:00,OKC,GSW
04/09/2027 00:00:00,HOU,POR
04/09/2027 00:00:00,SAS,DEN
04/09/2027 00:00:00,UTA,LAC
04/09/2027 00:00:00,LAL,MIN
04/09/2027 00:00:00,PHX,MEM
04/09/2027 00:00:00,SAC,DAL
04/11/2027 00:00:00,BOS,MIL
04/11/2027 00:00:00,BKN,TOR
04/11/2027 00:00:00,CLE,ATL
04/11/2027 00:00:00,MIA,ORL
04/11/2027 00:00:00,NYK,IND
04/11/2027 00:00:00,PHI,CHA
04/11/2027 00:00:00,WAS,DET
04/11/2027 00:00:00,NOP,CHI
04/11/2027 00:00:00,DAL,MEM
04/11/2027 00:00:00,MIN,HOU
04/11/2027 00:00:00,SAS,POR
04/11/2027 00:00:00,DEN,OKC
04/11/2027 00:00:00,GSW,UTA
04/11/2027 00:00:00,LAC,SAC
04/11/2027 00:00:00,LAL,PHX
