TeamID,SEASON,LeagueID,PLAYER,NICKNAME,PLAYER_SLUG,NUM,POSITION,HEIGHT,WEIGHT,BIRTH_DATE,AGE,EXP,SCHOOL,PLAYER_ID,HOW_ACQUIRED,SUPPLEMENTAL_STATUS,team_abbreviation,team_id,season
1610612737,2026,0,Keshon Gilbert,Keshon,keshon-gilbert,,G,6-4,200.0,"JUN 30, 2003",23.0,1,Iowa State,1642933,Signed on 03/04/26,1,ATL,1610612737,2026-27
1610612737,2026,0,Jonathan Kuminga,Jonathan,jonathan-kuminga,0.0,F,6-7,225.0,"OCT 06, 2002",23.0,5,NBA G League Ignite,1630228,Traded from GSW on 02/05/26,0,ATL,1610612737,2026-27
1610612737,2026,0,RayJ Dennis,RayJ,rayj-dennis,0.0,G,6-1,180.0,"MAR 30, 2001",25.0,2,Baylor,1642484,Signed on 12/31/25,1,ATL,1610612737,2026-27
1610612737,2026,0,Jalen Johnson,Jalen,jalen-johnson,1.0,F,6-8,219.0,"DEC 18, 2001",24.0,5,Duke,1630552,#20 Pick in 2021 Draft,0,ATL,1610612737,2026-27
1610612737,2026,0,Keaton Wallace,Keaton,keaton-wallace,2.0,G,6-3,185.0,"FEB 26, 1999",27.0,2,Texas-San Antonio,1630811,Signed on 09/29/23,0,ATL,1610612737,2026-27
1610612737,2026,0,CJ McCollum,CJ,cj-mccollum,3.0,G,6-3,190.0,"SEP 19, 1991",34.0,13,Lehigh,203468,Traded from WAS on 01/09/26,0,ATL,1610612737,2026-27
1610612737,2026,0,Gabe Vincent,Gabe,gabe-vincent,4.0,G,6-2,200.0,"JUN 14, 1996",30.0,7,California-Santa Barbara,1629216,Traded from LAL on 02/05/26,0,ATL,1610612737,2026-27
1610612737,2026,0,Kingston Flemings,Kingston,kingston-flemings,4.0,G,6-4,190.0,"JAN 03, 2007",19.0,R,Houston,1643412,#8 Pick in 2026 Draft,0,ATL,1610612737,2026-27
1610612737,2026,0,Dyson Daniels,Dyson,dyson-daniels,5.0,G,6-7,199.0,"MAR 17, 2003",23.0,4,NBA G League Ignite,1630700,Traded from NOP on 07/06/24,0,ATL,1610612737,2026-27
1610612737,2026,0,Luguentz Dort,Luguentz,luguentz-dort,5.0,G,6-4,220.0,"APR 19, 1999",27.0,7,Arizona State,1629652,Traded from OKC on 07/19/26,0,ATL,1610612737,2026-27
1610612737,2026,0,Nickeil Alexander-Walker,Nickeil,nickeil-alexander-walker,7.0,G,6-5,205.0,"SEP 02, 1998",27.0,7,Virginia Tech,1629638,Traded from MIN on 07/06/25,0,ATL,1610612737,2026-27
1610612737,2026,0,Buddy Hield,Buddy,buddy-hield,8.0,G,6-4,220.0,"DEC 17, 1992",33.0,10,Oklahoma,1627741,Traded from GSW on 02/05/26,0,ATL,1610612737,2026-27
1610612737,2026,0,Ryan Nembhard,Ryan,ryan-nembhard,9.0,G,5-11,180.0,"MAR 10, 2003",23.0,1,Gonzaga,1642948,Traded from DAL on 07/19/26,0,ATL,1610612737,2026-27
1610612737,2026,0,Henri Veesaar,Henri,henri-veesaar,13.0,C,7-0,225.0,"MAR 28, 2004",22.0,R,North Carolina,1643539,Draft Rights Traded from LAC on 06/24/26,0,ATL,1610612737,2026-27
1610612737,2026,0,Tony Bradley,Tony,tony-bradley,13.0,C-F,6-10,248.0,"JAN 08, 1998",28.0,8,North Carolina,1628396,Signed on 04/06/26,0,ATL,1610612737,2026-27
1610612737,2026,0,Asa Newell,Asa,asa-newell,14.0,F,6-10,220.0,"OCT 05, 2005",20.0,1,Georgia,1642854,Draft Rights Traded from NOP on 06/25/25,0,ATL,1610612737,2026-27
1610612737,2026,0,Onyeka Okongwu,Onyeka,onyeka-okongwu,17.0,F-C,6-10,240.0,"DEC 11, 2000",25.0,6,Southern California,1630168,#6 Pick in 2020 Draft,0,ATL,1610612737,2026-27
1610612737,2026,0,Mouhamed Gueye,Mouhamed,mouhamed-gueye,18.0,F,6-11,210.0,"NOV 09, 2002",23.0,3,Washington State,1631243,Draft Rights Traded from BOS on 06/28/23,0,ATL,1610612737,2026-27
1610612737,2026,0,Zuby Ejiofor,Zuby,zuby-ejiofor,20.0,F,6-9,240.0,"APR 20, 2004",22.0,R,St. John's,1643544,#23 Pick in 2026 Draft,0,ATL,1610612737,2026-27
1610612737,2026,0,Aaron Wiggins,Aaron,aaron-wiggins,21.0,G,6-5,190.0,"JAN 02, 1999",27.0,5,Maryland,1630598,Traded from OKC on 07/06/26,0,ATL,1610612737,2026-27
1610612737,2026,0,Jalen Wilson,Jalen,jalen-wilson,22.0,F,6-6,220.0,"NOV 04, 2000",25.0,3,Kansas,1630592,Signed on 07/22/26,1,ATL,1610612737,2026-27
1610612737,2026,0,Devin Carter,Devin,devin-carter,22.0,G,6-2,195.0,"MAR 18, 2002",24.0,2,Providence,1642269,Traded from SAC on 06/30/26,0,ATL,1610612737,2026-27
1610612737,2026,0,Corey Kispert,Corey,corey-kispert,24.0,F,6-6,224.0,"MAR 03, 1999",27.0,5,Gonzaga,1630557,Traded from WAS on 01/09/26,0,ATL,1610612737,2026-27
1610612737,2026,0,Jock Landale,Jock,jock-landale,31.0,C,6-11,255.0,"OCT 25, 1995",30.0,5,St. Mary's,1629111,Traded from UTA on 02/05/26,0,ATL,1610612737,2026-27
1610612738,2026,0,Dillon Mitchell,Dillon,dillon-mitchell,,F,6-8,205.0,"OCT 03, 2003",22.0,R,St. John's,1641759,#40 Pick in 2026 Draft,0,BOS,1610612738,2026-27
1610612738,2026,0,Milos Uzan,Milos,milos-uzan,,G,6-3,175.0,"DEC 26, 2002",23.0,R,Houston,1642870,Signed on 07/14/26,0,BOS,1610612738,2026-27
1610612738,2026,0,Tucker DeVries,Tucker,tucker-devries,,,,,"DEC 07, 2002",23.0,R,Indiana,1643620,Signed on 07/14/26,0,BOS,1610612738,2026-27
1610612738,2026,0,Jayson Tatum,Jayson,jayson-tatum,0.0,F-G,6-8,210.0,"MAR 03, 1998",28.0,9,Duke,1628369,#3 Pick in 2017 Draft,0,BOS,1610612738,2026-27
1610612738,2026,0,Mitchell Robinson,Mitchell,mitchell-robinson,4.0,C-F,7-0,240.0,"APR 01, 1998",28.0,8,Western Kentucky,1629011,Signed on 07/06/26,0,BOS,1610612738,2026-27
1610612738,2026,0,Paul George,Paul,paul-george,8.0,F,6-8,230.0,"MAY 02, 1990",36.0,16,Fresno State,202331,Traded from PHI on 07/06/26,0,BOS,1610612738,2026-27
1610612738,2026,0,Derrick White,Derrick,derrick-white,9.0,G,6-4,190.0,"JUL 02, 1994",32.0,9,Colorado,1628401,Traded from SAS on 02/10/22,0,BOS,1610612738,2026-27
1610612738,2026,0,Payton Pritchard,Payton,payton-pritchard,11.0,G,6-1,195.0,"JAN 28, 1998",28.0,6,Oregon,1630202,#26 Pick in 2020 Draft,0,BOS,1610612738,2026-27
1610612738,2026,0,Chris Cenac Jr.,Chris,chris-cenac-jr,12.0,F,6-11,240.0,"FEB 01, 2007",19.0,R,Houston,1643416,#27 Pick in 2026 Draft,0,BOS,1610612738,2026-27
1610612738,2026,0,Ron Harper Jr.,Ron,ron-harper-jr,13.0,G-F,6-5,233.0,"APR 12, 2000",26.0,4,Rutgers,1631199,Signed on 09/19/25,0,BOS,1610612738,2026-27
1610612738,2026,0,Jordan Walsh,Jordan,jordan-walsh,27.0,G,6-6,205.0,"MAR 03, 2004",22.0,3,Arkansas,1641775,Draft Rights Traded from SAC on 06/28/23,0,BOS,1610612738,2026-27
1610612738,2026,0,Hugo González,Hugo,hugo-gonzález,28.0,G,6-6,200.0,"FEB 05, 2006",20.0,1,Spain,1642864,#28 Pick in 2025 Draft,0,BOS,1610612738,2026-27
1610612738,2026,0,Sam Hauser,Sam,sam-hauser,30.0,F,6-7,217.0,"DEC 08, 1997",28.0,5,Virginia,1630573,Signed on 08/13/21,0,BOS,1610612738,2026-27
1610612738,2026,0,Max Shulga,Max,max-shulga,44.0,G,6-4,210.0,"JUN 25, 2002",24.0,1,Virginia Commonwealth,1642917,Draft Rights Traded from ORL on 06/26/25,0,BOS,1610612738,2026-27
1610612738,2026,0,Mike Conley,Mike,mike-conley,44.0,G,6-1,175.0,"OCT 11, 1987",38.0,19,Ohio State,201144,Signed on 07/06/26,0,BOS,1610612738,2026-27
1610612738,2026,0,Luka Garza,Luka,luka-garza,52.0,C,6-10,243.0,"DEC 27, 1998",27.0,5,Iowa,1630568,Signed on 07/07/25,0,BOS,1610612738,2026-27
1610612738,2026,0,Baylor Scheierman,Baylor,baylor-scheierman,55.0,G,6-6,205.0,"SEP 26, 2000",25.0,2,Creighton,1631248,#30 Pick in 2024 Draft,0,BOS,1610612738,2026-27
1610612738,2026,0,Amari Williams,Amari,amari-williams,77.0,F-C,6-11,250.0,"JAN 28, 2002",24.0,1,Kentucky,1642873,Draft Rights Traded from ORL on 06/26/25,1,BOS,1610612738,2026-27
1610612738,2026,0,Neemias Queta,Neemias,neemias-queta,88.0,C,7-0,248.0,"JUL 13, 1999",27.0,5,Utah State,1629674,Signed on 09/19/23,0,BOS,1610612738,2026-27
1610612751,2026,0,Josh Minott,Josh,josh-minott,0.0,F,6-8,205.0,"NOV 25, 2002",23.0,4,Memphis,1631169,Traded from BOS on 02/05/26,0,BKN,1610612751,2026-27
1610612751,2026,0,Mikel Brown Jr.,Mikel,mikel-brown-jr,0.0,G,6-5,190.0,"APR 03, 2006",20.0,R,Louisville,1643414,#6 Pick in 2026 Draft,0,BKN,1610612751,2026-27
1610612751,2026,0,Danny Wolf,Danny,danny-wolf,2.0,F,6-11,250.0,"MAY 05, 2004",22.0,1,Michigan,1642874,#27 Pick in 2025 Draft,0,BKN,1610612751,2026-27
1610612751,2026,0,Drake Powell,Drake,drake-powell,4.0,G-F,6-5,195.0,"SEP 08, 2005",20.0,1,North Carolina,1642962,Draft Rights Traded from ATL on 07/07/25,0,BKN,1610612751,2026-27
1610612751,2026,0,Egor Dëmin,Egor,egor-dëmin,8.0,G,6-8,200.0,"MAR 03, 2006",20.0,1,Brigham Young,1642856,#8 Pick in 2025 Draft,0,BKN,1610612751,2026-27
1610612751,2026,0,Joshua Jefferson,Joshua,joshua-jefferson,9.0,F,6-9,240.0,"NOV 21, 2003",22.0,R,Iowa State,1643538,Draft Rights Traded from MIN on 07/10/26,0,BKN,1610612751,2026-27
1610612751,2026,0,Nolan Traore,Nolan,nolan-traore,13.0,G,6-3,185.0,"MAY 28, 2006",20.0,1,Saint-Quentin,1642849,#19 Pick in 2025 Draft,0,BKN,1610612751,2026-27
1610612751,2026,0,Keon Ellis,Keon,keon-ellis,14.0,G,6-4,175.0,"JAN 08, 2000",26.0,4,Alabama,1631165,Signed on 07/06/26,0,BKN,1610612751,2026-27
1610612751,2026,0,Terance Mann,Terance,terance-mann,14.0,G-F,6-6,215.0,"OCT 18, 1996",29.0,7,Florida State,1629611,Traded from ATL on 07/07/25,0,BKN,1610612751,2026-27
1610612751,2026,0,Michael Porter Jr.,Michael,michael-porter-jr,17.0,F,6-10,218.0,"JUN 29, 1998",28.0,7,Missouri,1629008,Traded from DEN on 07/08/25,0,BKN,1610612751,2026-27
1610612751,2026,0,Day'Ron Sharpe,Day'Ron,dayron-sharpe,20.0,C,6-10,265.0,"NOV 06, 2001",24.0,5,North Carolina,1630549,Draft Rights Traded from PHX on 08/06/21,0,BKN,1610612751,2026-27
1610612751,2026,0,Moritz Wagner,Moritz,moritz-wagner,21.0,F-C,6-11,245.0,"APR 26, 1997",29.0,8,Michigan,1629021,Signed on 07/31/26,0,BKN,1610612751,2026-27
1610612751,2026,0,Noah Clowney,Noah,noah-clowney,21.0,F-C,6-10,210.0,"JUL 14, 2004",22.0,3,Alabama,1641730,#21 Pick in 2023 Draft,0,BKN,1610612751,2026-27
1610612751,2026,0,Julius Randle,Julius,julius-randle,30.0,F-C,6-9,250.0,"NOV 29, 1994",31.0,12,Kentucky,203944,Traded from MIN on 07/10/26,0,BKN,1610612751,2026-27
1610612751,2026,0,Chaney Johnson,Chaney,chaney-johnson,31.0,G-F,6-7,220.0,"JUN 20, 2002",24.0,1,Auburn,1643052,Signed on 12/26/25,1,BKN,1610612751,2026-27
1610612751,2026,0,Tyler Bilodeau,Tyler,tyler-bilodeau,34.0,F,6-9,230.0,"APR 17, 2004",22.0,R,UCLA,1643548,#43 Pick in 2026 Draft,1,BKN,1610612751,2026-27
1610612751,2026,0,Ben Saraf,Ben,ben-saraf,77.0,G,6-6,200.0,"APR 14, 2006",20.0,1,Ratiopharm Ulm,1642879,#26 Pick in 2025 Draft,0,BKN,1610612751,2026-27
1610612766,2026,0,Michael Ajayi,Michael,michael-ajayi,,G,6-7,235.0,"MAY 23, 2003",23.0,R,Butler,1642369,Signed on 07/06/26,1,CHA,1610612766,2026-27
1610612766,2026,0,Kylan Boswell,Kylan,kylan-boswell,,G,6-2,200.0,"APR 18, 2005",21.0,R,Illinois,1643573,Signed on 07/06/26,1,CHA,1610612766,2026-27
1610612766,2026,0,Royce O'Neale,Royce,royce-oneale,0.0,F,6-6,226.0,"JUN 05, 1993",33.0,9,Baylor,1626220,Traded from PHX on 07/13/26,0,CHA,1610612766,2026-27
1610612766,2026,0,Dorian Finney-Smith,Dorian,dorian-finney-smith,2.0,F,6-7,220.0,"MAY 04, 1993",33.0,10,Florida,1627827,Traded from HOU on 07/06/26,0,CHA,1610612766,2026-27
1610612766,2026,0,Grant Williams,Grant,grant-williams,2.0,F,6-7,236.0,"NOV 30, 1998",27.0,7,Tennessee,1629684,Traded from DAL on 02/08/24,0,CHA,1610612766,2026-27
1610612766,2026,0,Coby White,Coby,coby-white,3.0,G,6-4,210.0,"FEB 16, 2000",26.0,7,North Carolina,1629632,Traded from CHI on 02/04/26,0,CHA,1610612766,2026-27
1610612766,2026,0,Sion James,Sion,sion-james,4.0,G,6-5,220.0,"DEC 04, 2002",23.0,1,Duke,1642883,#33 Pick in 2025 Draft,0,CHA,1610612766,2026-27
1610612766,2026,0,Christian Anderson,Christian,christian-anderson,5.0,G,6-0,165.0,"APR 02, 2006",20.0,R,Texas Tech,1643515,#18 Pick in 2026 Draft,0,CHA,1610612766,2026-27
1610612766,2026,0,Kon Knueppel,Kon,kon-knueppel,7.0,G-F,6-6,215.0,"AUG 03, 2005",21.0,1,Duke,1642851,#4 Pick in 2025 Draft,0,CHA,1610612766,2026-27
1610612766,2026,0,Grayson Allen,Grayson,grayson-allen,8.0,G,6-3,198.0,"OCT 08, 1995",30.0,8,Duke,1628960,Traded from PHX on 07/13/26,0,CHA,1610612766,2026-27
1610612766,2026,0,Naz Reid,Naz,naz-reid,11.0,C-F,6-9,264.0,"AUG 26, 1999",26.0,7,Louisiana State,1629675,Traded from MIN on 07/10/26,0,CHA,1610612766,2026-27
1610612766,2026,0,Ryan Kalkbrenner,Ryan,ryan-kalkbrenner,11.0,C,7-1,256.0,"JAN 17, 2002",24.0,1,Creighton,1641750,#34 Pick in 2025 Draft,0,CHA,1610612766,2026-27
1610612766,2026,0,Antonio Reeves,Antonio,antonio-reeves,12.0,G,6-5,205.0,"NOV 20, 2000",25.0,2,Kentucky,1641810,Signed on 07/25/25,0,CHA,1610612766,2026-27
1610612766,2026,0,Moussa Diabaté,Moussa,moussa-diabaté,14.0,F,6-10,210.0,"JAN 21, 2002",24.0,4,Michigan,1631217,Signed on 07/31/24,0,CHA,1610612766,2026-27
1610612766,2026,0,PJ Hall,PJ,pj-hall,16.0,C,6-8,245.0,"FEB 21, 2002",24.0,2,Clemson,1641790,Signed on 12/24/25,1,CHA,1610612766,2026-27
1610612766,2026,0,Pat Connaughton,Pat,pat-connaughton,21.0,G,6-5,209.0,"JAN 06, 1993",33.0,11,Notre Dame,1626192,Traded from MIL on 07/06/25,0,CHA,1610612766,2026-27
1610612766,2026,0,Hannes Steinbach,Hannes,hannes-steinbach,22.0,F,6-11,,"MAY 01, 2006",20.0,R,Washington,1643419,#14 Pick in 2026 Draft,0,CHA,1610612766,2026-27
1610612766,2026,0,Tre Mann,Tre,tre-mann,23.0,G,6-4,178.0,"FEB 03, 2001",25.0,5,Florida,1630544,Traded from OKC on 02/08/24,0,CHA,1610612766,2026-27
1610612766,2026,0,Brandon Miller,Brandon,brandon-miller,24.0,F,6-7,200.0,"NOV 22, 2002",23.0,3,Alabama,1641706,#2 Pick in 2023 Draft,0,CHA,1610612766,2026-27
1610612766,2026,0,Xavier Tillman,Xavier,xavier-tillman,26.0,F,6-8,245.0,"JAN 12, 1999",27.0,6,Michigan State,1630214,Traded from BOS on 02/05/26,0,CHA,1610612766,2026-27
1610612766,2026,0,Tidjane Salaün,Tidjane,tidjane-salaün,31.0,F,6-10,207.0,"AUG 10, 2005",20.0,2,Cholet,1642275,#6 Pick in 2024 Draft,0,CHA,1610612766,2026-27
1610612766,2026,0,Liam McNeeley,Liam,liam-mcneeley,33.0,F,6-7,210.0,"OCT 10, 2005",20.0,1,Connecticut,1642862,Draft Rights Traded from PHX on 06/30/25,0,CHA,1610612766,2026-27
1610612741,2026,0,Tobe Awaka,Tobe,tobe-awaka,,F,6-8,250.0,"JAN 30, 2004",22.0,R,Arizona,1643591,Signed on 07/03/26,1,CHI,1610612741,2026-27
1610612741,2026,0,Jaylin Sellers,Jaylin,jaylin-sellers,,,,,"JUN 03, 2003",23.0,R,Providence,1643637,Signed on 07/03/26,1,CHI,1610612741,2026-27
1610612741,2026,0,Josh Giddey,Josh,josh-giddey,3.0,G,6-7,214.0,"OCT 10, 2002",23.0,5,NBA Global Academy,1630581,Traded from OKC on 06/21/24,0,CHI,1610612741,2026-27
1610612741,2026,0,Dailyn Swain,Dailyn,dailyn-swain,5.0,F,6-7,220.0,"JUL 15, 2005",21.0,R,Texas,1643517,#15 Pick in 2026 Draft,0,CHI,1610612741,2026-27
1610612741,2026,0,Rob Dillingham,Rob,rob-dillingham,7.0,G,6-2,175.0,"JAN 04, 2005",21.0,2,Kentucky,1642265,Traded from MIN on 02/05/26,0,CHI,1610612741,2026-27
1610612741,2026,0,Caleb Wilson,Caleb,caleb-wilson,8.0,F,6-10,215.0,"JUL 18, 2006",20.0,R,North Carolina,1643410,#4 Pick in 2026 Draft,0,CHI,1610612741,2026-27
1610612741,2026,0,Nic Claxton,Nic,nic-claxton,9.0,C,6-11,215.0,"APR 17, 1999",27.0,7,Georgia,1629651,Traded from BKN on 07/10/26,0,CHI,1610612741,2026-27
1610612741,2026,0,Leonard Miller,Leonard,leonard-miller,11.0,F,6-10,220.0,"NOV 26, 2003",22.0,3,NBA G League Ignite,1631159,Traded from MIN on 02/05/26,0,CHI,1610612741,2026-27
1610612741,2026,0,Zach Collins,Zach,zach-collins,12.0,F-C,6-9,240.0,"NOV 19, 1997",28.0,9,Gonzaga,1628380,Traded from SAS on 02/03/25,0,CHI,1610612741,2026-27
1610612741,2026,0,Matas Buzelis,Matas,matas-buzelis,14.0,F,6-8,196.0,"OCT 13, 2004",21.0,2,NBA G League Ignite,1641824,#11 Pick in 2024 Draft,0,CHI,1610612741,2026-27
1610612741,2026,0,Norman Powell,Norman,norman-powell,24.0,G,6-3,215.0,"MAY 25, 1993",33.0,11,UCLA,1626181,Signed on 07/10/26,0,CHI,1610612741,2026-27
1610612741,2026,0,Noa Essengue,Noa,noa-essengue,24.0,F,6-8,194.0,"DEC 18, 2006",19.0,1,Ratiopharm Ulm (Germany),1642855,#12 Pick in 2025 Draft,0,CHI,1610612741,2026-27
1610612741,2026,0,Jalen Smith,Jalen,jalen-smith,25.0,F-C,6-8,244.0,"MAR 16, 2000",26.0,6,Maryland,1630188,Signed on 07/08/24,0,CHI,1610612741,2026-27
1610612741,2026,0,Tre Jones,Tre,tre-jones,30.0,G,6-1,190.0,"JAN 08, 2000",26.0,6,Duke,1630200,Traded from SAS on 02/03/25,0,CHI,1610612741,2026-27
1610612741,2026,0,Isaac Okoro,Isaac,isaac-okoro,35.0,F-G,6-4,225.0,"JAN 26, 2001",25.0,6,Auburn,1630171,Traded from CLE on 07/06/25,0,CHI,1610612741,2026-27
1610612741,2026,0,Patrick Williams,Patrick,patrick-williams,44.0,F,6-6,235.0,"AUG 26, 2001",24.0,6,Florida State,1630172,#4 Pick in 2020 Draft,0,CHI,1610612741,2026-27
1610612739,2026,0,James Harden,James,james-harden,1.0,G,6-5,220.0,"AUG 26, 1989",36.0,17,Arizona State,201935,Traded from LAC on 02/04/26,0,CLE,1610612739,2026-27
1610612739,2026,0,Max Strus,Max,max-strus,2.0,G-F,6-5,215.0,"MAR 28, 1996",30.0,7,DePaul,1629622,Traded from MIA on 07/06/23,0,CLE,1610612739,2026-27
1610612739,2026,0,Thomas Bryant,Thomas,thomas-bryant,3.0,C-F,6-9,248.0,"JUL 31, 1997",29.0,9,Indiana,1628418,Signed on 09/25/25,0,CLE,1610612739,2026-27
1610612739,2026,0,Evan Mobley,Evan,evan-mobley,4.0,C,6-11,215.0,"JUN 18, 2001",25.0,5,Southern California,1630596,#3 Pick in 2021 Draft,0,CLE,1610612739,2026-27
1610612739,2026,0,Sam Merrill,Sam,sam-merrill,5.0,G,6-4,205.0,"MAY 15, 1996",30.0,6,Utah State,1630241,Signed on 03/03/23,0,CLE,1610612739,2026-27
1610612739,2026,0,Dennis Schröder,Dennis,dennis-schröder,8.0,G,6-1,175.0,"SEP 15, 1993",32.0,13,Braunschweig,203471,Traded from SAC on 02/01/26,0,CLE,1610612739,2026-27
1610612739,2026,0,Craig Porter Jr.,Craig,craig-porter-jr,9.0,G,6-1,180.0,"FEB 26, 2000",26.0,3,Wichita State,1641854,Signed on 07/03/23,0,CLE,1610612739,2026-27
1610612739,2026,0,Riley Minix,Riley,riley-minix,12.0,F,6-7,230.0,"SEP 22, 2000",25.0,2,Morehead State,1642434,Signed on 02/13/26,1,CLE,1610612739,2026-27
1610612739,2026,0,Meleek Thomas,Meleek,meleek-thomas,15.0,G,6-5,185.0,"AUG 06, 2006",19.0,R,Arkansas,1643509,#34 Pick in 2026 Draft,0,CLE,1610612739,2026-27
1610612739,2026,0,Jaylon Tyson,Jaylon,jaylon-tyson,20.0,G-F,6-6,215.0,"DEC 02, 2002",23.0,2,California,1642281,#20 Pick in 2024 Draft,0,CLE,1610612739,2026-27
1610612739,2026,0,Tristan Enaruna,Tristan,tristan-enaruna,21.0,F,6-7,220.0,"JUN 26, 2001",25.0,1,Cleveland State,1642400,Signed on 09/26/25,1,CLE,1610612739,2026-27
1610612739,2026,0,Tyrese Proctor,Tyrese,tyrese-proctor,24.0,G,6-4,185.0,"APR 01, 2004",22.0,1,Duke,1642878,#49 Pick in 2025 Draft,0,CLE,1610612739,2026-27
1610612739,2026,0,Jarrett Allen,Jarrett,jarrett-allen,31.0,C,6-9,243.0,"APR 21, 1998",28.0,9,Texas,1628386,Traded from BKN on 01/16/21,0,CLE,1610612739,2026-27
1610612739,2026,0,Mario Hezonja,Mario,mario-hezonja,33.0,F-G,6-8,220.0,"FEB 25, 1995",31.0,5,FC Barcelona,1626209,Signed on 07/31/26,0,CLE,1610612739,2026-27
1610612739,2026,0,Nae'Qwan Tomlin,Nae'Qwan,naeqwan-tomlin,35.0,F,6-8,210.0,"DEC 19, 2000",25.0,2,Memphis,1641772,Signed on 09/23/24,0,CLE,1610612739,2026-27
1610612739,2026,0,"Ernest Udeh, Jr.",Ernest,"ernest-udeh,-jr",39.0,C,6-11,266.0,"JAN 08, 2004",22.0,R,Miami,1643640,Signed on 07/01/26,1,CLE,1610612739,2026-27
1610612739,2026,0,Donovan Mitchell,Donovan,donovan-mitchell,45.0,G,6-2,215.0,"SEP 07, 1996",29.0,9,Louisville,1628378,Traded from UTA on 09/03/22,0,CLE,1610612739,2026-27
1610612742,2026,0,Tarik Biberovic,Tarik,tarik-biberovic,,F,6-7,218.0,"JAN 28, 2001",25.0,R,                                   ,1641844,Draft Rights Traded from MEM on 07/08/26,0,DAL,1610612742,2026-27
1610612742,2026,0,Vsevolod Ishchenko,Vsevolod,vsevolod-ishchenko,,G,6-3,,"FEB 10, 2005",21.0,R,,1643585,Draft Rights Traded from LAL on 06/24/26,0,DAL,1610612742,2026-27
1610612742,2026,0,Max Christie,Max,max-christie,0.0,G,6-5,190.0,"FEB 10, 2003",23.0,4,Michigan State,1631108,Traded from LAL on 02/02/25,0,DAL,1610612742,2026-27
1610612742,2026,0,John Poulakidas,John,john-poulakidas,1.0,G,6-6,205.0,"APR 04, 2003",23.0,1,Yale,1642967,Signed on 02/28/26,1,DAL,1610612742,2026-27
1610612742,2026,0,Dereck Lively II,Dereck,dereck-lively-ii,2.0,C,7-1,230.0,"FEB 12, 2004",22.0,3,Duke,1641726,Draft Rights Traded from OKC on 07/06/23,0,DAL,1610612742,2026-27
1610612742,2026,0,Naji Marshall,Naji,naji-marshall,3.0,F,6-6,220.0,"JAN 24, 1998",28.0,6,Xavier,1630230,Signed on 07/06/24,0,DAL,1610612742,2026-27
1610612742,2026,0,Dwight Powell,Dwight,dwight-powell,7.0,F-C,6-10,240.0,"JUL 20, 1991",35.0,12,Stanford,203939,Traded from BOS on 12/18/14,0,DAL,1610612742,2026-27
1610612742,2026,0,Marcus Sasser,Marcus,marcus-sasser,8.0,G,6-1,195.0,"SEP 21, 2000",25.0,3,Houston,1631204,Traded from DET on 07/08/26,0,DAL,1610612742,2026-27
1610612742,2026,0,Zaccharie Risacher,Zaccharie,zaccharie-risacher,10.0,F,6-8,200.0,"APR 08, 2005",21.0,2,JL Bourg-en-Bresse,1642258,Traded from ATL on 07/19/26,0,DAL,1610612742,2026-27
1610612742,2026,0,Brandon Williams,Brandon,brandon-williams,10.0,G,6-1,190.0,"NOV 22, 1999",26.0,4,Arizona,1630314,Signed on 12/28/23,0,DAL,1610612742,2026-27
1610612742,2026,0,Kyrie Irving,Kyrie,kyrie-irving,11.0,G,6-2,195.0,"MAR 23, 1992",34.0,14,Duke,202681,Traded from BKN on 02/06/23,0,DAL,1610612742,2026-27
1610612742,2026,0,Jett Howard,Jett,jett-howard,13.0,G,6-8,215.0,"SEP 14, 2003",22.0,3,Michigan,1641724,Signed on 07/20/26,1,DAL,1610612742,2026-27
1610612742,2026,0,Morez Johnson,Morez,morez-johnson,14.0,F,6-9,250.0,"JAN 25, 2006",20.0,R,Michigan,1643516,#9 Pick in 2026 Draft,0,DAL,1610612742,2026-27
1610612742,2026,0,Caleb Martin,Caleb,caleb-martin,16.0,F,6-5,205.0,"SEP 28, 1995",30.0,7,Nevada,1628997,Traded from PHI on 02/04/25,0,DAL,1610612742,2026-27
1610612742,2026,0,Daniel Gafford,Daniel,daniel-gafford,21.0,F-C,6-10,265.0,"OCT 01, 1998",27.0,7,Arkansas,1629655,Traded from WAS on 02/08/24,0,DAL,1610612742,2026-27
1610612742,2026,0,P.J. Washington,P.J.,pj-washington,25.0,F,6-7,230.0,"AUG 23, 1998",27.0,7,Kentucky,1629023,Traded from CHA on 02/08/24,0,DAL,1610612742,2026-27
1610612742,2026,0,Moussa Cisse,Moussa,moussa-cisse,30.0,C,6-11,220.0,"SEP 10, 2002",23.0,1,Memphis,1630619,Signed on 07/08/25,0,DAL,1610612742,2026-27
1610612742,2026,0,Klay Thompson,Klay,klay-thompson,31.0,G,6-5,220.0,"FEB 08, 1990",36.0,15,Washington State,202691,Traded from GSW on 07/06/24,0,DAL,1610612742,2026-27
1610612742,2026,0,Cooper Flagg,Cooper,cooper-flagg,32.0,F,6-9,205.0,"DEC 21, 2006",19.0,1,Duke,1642843,#1 Pick in 2025 Draft,0,DAL,1610612742,2026-27
1610612742,2026,0,Tobi Lawal,Tobi,tobi-lawal,33.0,F,6-8,215.0,"MAY 01, 2003",23.0,R,Virginia Tech,1643588,#48 Pick in 2026 Draft,1,DAL,1610612742,2026-27
1610612742,2026,0,Santi Aldama,Santi,santi-aldama,34.0,F-C,7-0,215.0,"JAN 10, 2001",25.0,5,Loyola-Maryland,1630583,Traded from MEM on 07/08/26,0,DAL,1610612742,2026-27
1610612742,2026,0,Sergio De Larrea,Sergio,sergio-de-larrea,55.0,G,6-5,175.0,"DEC 04, 2005",20.0,R,"Valencia, Spain",1643547,Draft Rights Traded from LAL on 06/24/26,0,DAL,1610612742,2026-27
1610612743,2026,0,Trevon Brazile,Trevon,trevon-brazile,,F,6-10,220.0,"JAN 07, 2003",23.0,R,Arkansas,1642350,#35 Pick in 2026 Draft,0,DEN,1610612743,2026-27
1610612743,2026,0,Bryce Hopkins,Bryce,bryce-hopkins,,,,,"SEP 07, 2001",24.0,R,St. John's,1643624,#49 Pick in 2026 Draft,0,DEN,1610612743,2026-27
1610612743,2026,0,Alpha Diallo,Alpha,alpha-diallo,,,,,"JUN 29, 1997",29.0,R,,1643813,Signed on 07/13/26,0,DEN,1610612743,2026-27
1610612743,2026,0,Christian Braun,Christian,christian-braun,0.0,G,6-6,220.0,"APR 17, 2001",25.0,4,Kansas,1631128,#21 Pick in 2022 Draft,0,DEN,1610612743,2026-27
1610612743,2026,0,Curtis Jones,Curtis,curtis-jones,1.0,G,6-3,195.0,"OCT 04, 2001",24.0,1,Iowa State,1642938,Signed on 07/21/25,0,DEN,1610612743,2026-27
1610612743,2026,0,Julian Strawther,Julian,julian-strawther,3.0,G,6-6,205.0,"APR 18, 2002",24.0,3,Gonzaga,1631124,Draft Rights Traded from IND on 06/23/23,0,DEN,1610612743,2026-27
1610612743,2026,0,Tyus Jones,Tyus,tyus-jones,5.0,G,6-0,196.0,"MAY 10, 1996",30.0,11,Duke,1626145,Signed on 03/05/26,0,DEN,1610612743,2026-27
1610612743,2026,0,Peyton Watson,Peyton,peyton-watson,8.0,G,6-8,200.0,"SEP 11, 2002",23.0,4,UCLA,1631212,Draft Rights Traded from OKC on 06/23/22,0,DEN,1610612743,2026-27
1610612743,2026,0,Bruce Brown,Bruce,bruce-brown,11.0,G-F,6-4,202.0,"AUG 15, 1996",29.0,8,Miami,1628971,Signed on 07/09/25,0,DEN,1610612743,2026-27
1610612743,2026,0,DaRon Holmes II,DaRon,daron-holmes-ii,14.0,F,6-9,225.0,"AUG 15, 2002",23.0,1,Dayton,1641747,Draft Rights Traded from PHX on 06/26/24,0,DEN,1610612743,2026-27
1610612743,2026,0,Nikola Jokić,Nikola,nikola-jokić,15.0,C,6-11,284.0,"FEB 19, 1995",31.0,11,Mega Basket,203999,#41 Pick in 2014 Draft,0,DEN,1610612743,2026-27
1610612743,2026,0,Spencer Jones,Spencer,spencer-jones,21.0,F,6-7,225.0,"JUN 14, 2001",25.0,2,Stanford,1642461,Signed on 07/30/24,0,DEN,1610612743,2026-27
1610612743,2026,0,Zeke Nnaji,Zeke,zeke-nnaji,22.0,F-C,6-10,240.0,"JAN 09, 2001",25.0,6,Arizona,1630192,#22 Pick in 2020 Draft,0,DEN,1610612743,2026-27
1610612743,2026,0,Cameron Johnson,Cameron,cameron-johnson,23.0,F,6-8,210.0,"MAR 03, 1996",30.0,7,North Carolina,1629661,Traded from BKN on 07/08/25,0,DEN,1610612743,2026-27
1610612743,2026,0,Jalen Pickett,Jalen,jalen-pickett,24.0,G,6-2,202.0,"OCT 22, 1999",26.0,3,Penn State,1629618,Draft Rights Traded from IND on 06/23/23,0,DEN,1610612743,2026-27
1610612743,2026,0,KJ Simpson,KJ,kj-simpson,25.0,G,6-2,189.0,"AUG 08, 2002",23.0,2,Colorado,1642354,Signed on 02/19/26,1,DEN,1610612743,2026-27
1610612743,2026,0,Jamal Murray,Jamal,jamal-murray,27.0,G,6-4,215.0,"FEB 23, 1997",29.0,10,Kentucky,1627750,#7 Pick in 2016 Draft,0,DEN,1610612743,2026-27
1610612743,2026,0,Aaron Gordon,Aaron,aaron-gordon,32.0,F,6-8,235.0,"SEP 16, 1995",30.0,12,Arizona,203932,Traded from ORL on 03/25/21,0,DEN,1610612743,2026-27
1610612743,2026,0,Marvin Bagley III,Marvin,marvin-bagley-iii,35.0,F,6-10,235.0,"MAR 14, 1999",27.0,8,Duke,1628963,Signed on 07/15/26,0,DEN,1610612743,2026-27
1610612743,2026,0,David Roddy,David,david-roddy,45.0,F,6-5,255.0,"MAR 27, 2001",25.0,4,Colorado State,1631223,Signed on 03/04/26,0,DEN,1610612743,2026-27
1610612765,2026,0,Ugonna Onyenso,Ugonna,ugonna-onyenso,,C,6-11,225.0,"SEP 25, 2004",21.0,R,Virginia,1642391,Draft Rights Traded from NYK on 06/24/26,1,DET,1610612765,2026-27
1610612765,2026,0,Ebuka Okorie,Ebuka,ebuka-okorie,,G,6-2,185.0,"APR 10, 2007",19.0,R,Stanford,1643536,Draft Rights Traded from MEM on 06/24/26,0,DET,1610612765,2026-27
1610612765,2026,0,Jalen Duren,Jalen,jalen-duren,0.0,C,6-10,250.0,"NOV 18, 2003",22.0,4,Memphis,1631105,Draft Rights Traded from NYK on 07/06/22,0,DET,1610612765,2026-27
1610612765,2026,0,Cade Cunningham,Cade,cade-cunningham,2.0,G,6-6,220.0,"SEP 25, 2001",24.0,5,Oklahoma State,1630595,#1 Pick in 2021 Draft,0,DET,1610612765,2026-27
1610612765,2026,0,Isaac Jones,Isaac,isaac-jones,3.0,F,6-8,245.0,"JUL 11, 2000",26.0,2,Washington State,1642403,Awarded on Waivers on 11/06/25,1,DET,1610612765,2026-27
1610612765,2026,0,Ronald Holland II,Ronald,ronald-holland-ii,5.0,F,6-8,206.0,"JUL 07, 2005",21.0,2,NBA G League Ignite,1641842,#5 Pick in 2024 Draft,0,DET,1610612765,2026-27
1610612765,2026,0,Paul Reed,Paul,paul-reed,7.0,F,6-9,210.0,"JUN 14, 1999",27.0,6,DePaul,1630194,Awarded on Waivers on 07/09/24,0,DET,1610612765,2026-27
1610612765,2026,0,Ausar Thompson,Ausar,ausar-thompson,9.0,G-F,6-7,205.0,"JAN 30, 2003",23.0,3,Overtime Elite,1641709,#5 Pick in 2023 Draft,0,DET,1610612765,2026-27
1610612765,2026,0,Isaiah Joe,Isaiah,isaiah-joe,11.0,G,6-4,165.0,"JUL 02, 1999",27.0,6,Arkansas,1630198,Traded from OKC on 07/06/26,0,DET,1610612765,2026-27
1610612765,2026,0,Gary Harris,Gary,gary-harris,11.0,G,6-4,210.0,"SEP 14, 1994",31.0,12,Michigan State,203914,Traded from MIL on 07/08/26,0,DET,1610612765,2026-27
1610612765,2026,0,Taurean Prince,Taurean,taurean-prince,12.0,F,6-6,218.0,"MAR 22, 1994",32.0,10,Baylor,1627752,Traded from MIL on 07/08/26,0,DET,1610612765,2026-27
1610612765,2026,0,Wendell Moore Jr.,Wendell,wendell-moore-jr,14.0,G,6-5,215.0,"SEP 18, 2001",24.0,4,Duke,1631111,Signed on 11/10/25,0,DET,1610612765,2026-27
1610612765,2026,0,Elijah Harkless,Elijah,elijah-harkless,16.0,G,6-3,195.0,"FEB 03, 2000",26.0,2,UNLV,1641989,Signed on 07/08/26,1,DET,1610612765,2026-27
1610612765,2026,0,Chaz Lanier,Chaz,chaz-lanier,20.0,G,6-3,206.0,"DEC 19, 2001",24.0,1,Tennessee,1642404,#37 Pick in 2025 Draft,0,DET,1610612765,2026-27
1610612765,2026,0,John Collins,John,john-collins,20.0,F-C,6-9,226.0,"SEP 23, 1997",28.0,9,Wake Forest,1628381,Traded from LAC on 07/08/26,0,DET,1610612765,2026-27
1610612765,2026,0,Daniss Jenkins,Daniss,daniss-jenkins,24.0,G,6-4,165.0,"AUG 17, 2001",24.0,2,St. John's,1642450,Signed on 07/06/24,0,DET,1610612765,2026-27
1610612765,2026,0,Kevin Huerter,Kevin,kevin-huerter,27.0,G-F,6-6,190.0,"AUG 27, 1998",27.0,8,Maryland,1628989,Traded from CHI on 02/03/26,0,DET,1610612765,2026-27
1610612765,2026,0,Javonte Green,Javonte,javonte-green,31.0,G,6-5,205.0,"JUL 23, 1993",33.0,7,Radford,1629750,Signed on 08/14/25,0,DET,1610612765,2026-27
1610612765,2026,0,Tolu Smith,Tolu,tolu-smith,35.0,F,6-11,,"JUL 26, 2000",26.0,2,Mississippi State,1642449,Signed on 09/17/24,0,DET,1610612765,2026-27
1610612765,2026,0,Duncan Robinson,Duncan,duncan-robinson,55.0,F,6-7,215.0,"APR 22, 1994",32.0,8,Michigan,1629130,Traded from MIA on 07/07/25,0,DET,1610612765,2026-27
1610612744,2026,0,Gary Payton II,Gary,gary-payton-ii,0.0,G,6-2,195.0,"DEC 01, 1992",33.0,10,Oregon State,1627780,Traded from POR on 02/09/23,0,GSW,1610612744,2026-27
1610612744,2026,0,Yaxel Lendeborg,Yaxel,yaxel-lendeborg,1.0,F,6-9,250.0,"SEP 30, 2002",23.0,R,Alabama-Birmingham,1642865,#11 Pick in 2026 Draft,0,GSW,1610612744,2026-27
1610612744,2026,0,Brandin Podziemski,Brandin,brandin-podziemski,2.0,G,6-4,205.0,"FEB 25, 2003",23.0,3,Santa Clara,1641764,#19 Pick in 2023 Draft,0,GSW,1610612744,2026-27
1610612744,2026,0,Will Richard,Will,will-richard,3.0,G,6-3,206.0,"DEC 24, 2002",23.0,1,Florida,1642954,Draft Rights Traded from MEM on 07/06/25,0,GSW,1610612744,2026-27
1610612744,2026,0,Moses Moody,Moses,moses-moody,4.0,G,6-5,211.0,"MAY 31, 2002",24.0,5,Arkansas,1630541,#14 Pick in 2021 Draft,0,GSW,1610612744,2026-27
1610612744,2026,0,Kristaps Porziņģis,Kristaps,kristaps-porziņģis,7.0,F-C,7-2,240.0,"AUG 02, 1995",31.0,11,Cajasol Sevilla,204001,Traded from ATL on 02/05/26,0,GSW,1610612744,2026-27
1610612744,2026,0,De'Anthony Melton,De'Anthony,deanthony-melton,8.0,G,6-2,200.0,"MAY 28, 1998",28.0,8,Southern California,1629001,Signed on 10/01/25,0,GSW,1610612744,2026-27
1610612744,2026,0,Jimmy Butler III,Jimmy,jimmy-butler-iii,10.0,F,6-6,230.0,"SEP 14, 1989",36.0,15,Marquette,202710,Traded from MIA on 02/06/25,0,GSW,1610612744,2026-27
1610612744,2026,0,Gui Santos,Gui,gui-santos,15.0,F,6-7,185.0,"JUN 22, 2002",24.0,3,Minas,1630611,#55 Pick in 2022 Draft,0,GSW,1610612744,2026-27
1610612744,2026,0,LJ Cryer,LJ,lj-cryer,18.0,G,6-0,,"OCT 09, 2001",24.0,1,Houston,1643018,Signed on 09/29/25,1,GSW,1610612744,2026-27
1610612744,2026,0,Nate Williams,Nate,nate-williams,19.0,G,6-5,205.0,"FEB 12, 1999",27.0,4,Buffalo,1631466,Signed on 02/17/26,0,GSW,1610612744,2026-27
1610612744,2026,0,Al Horford,Al,al-horford,20.0,C-F,6-8,240.0,"JUN 03, 1986",40.0,19,Florida,201143,Signed on 10/01/25,0,GSW,1610612744,2026-27
1610612744,2026,0,Draymond Green,Draymond,draymond-green,23.0,F,6-6,230.0,"MAR 04, 1990",36.0,14,Michigan State,203110,#35 Pick in 2012 Draft,0,GSW,1610612744,2026-27
1610612744,2026,0,Lajae Jones,Lajae,lajae-jones,25.0,G-F,6-7,220.0,"MAY 21, 2004",22.0,R,Florida State,1643650,#54 Pick in 2026 Draft,0,GSW,1610612744,2026-27
1610612744,2026,0,Charles Bassey,Charles,charles-bassey,28.0,C-F,6-10,230.0,"OCT 28, 2000",25.0,5,Western Kentucky,1629646,Signed on 04/05/26,0,GSW,1610612744,2026-27
1610612744,2026,0,Stephen Curry,Stephen,stephen-curry,30.0,G,6-2,185.0,"MAR 14, 1988",38.0,17,Davidson,201939,#7 Pick in 2009 Draft,0,GSW,1610612744,2026-27
1610612744,2026,0,Seth Curry,Seth,seth-curry,31.0,G,6-1,185.0,"AUG 23, 1990",35.0,13,Duke,203552,Signed on 10/01/25,0,GSW,1610612744,2026-27
1610612744,2026,0,Malevy Leons,Malevy,malevy-leons,33.0,F,6-9,210.0,"SEP 23, 1999",26.0,2,Bradley,1642502,Signed on 12/08/25,1,GSW,1610612744,2026-27
1610612745,2026,0,Bruce Thornton,Bruce,bruce-thornton,,G,6-2,215.0,"SEP 14, 2003",22.0,R,Ohio State,1643570,Draft Rights Traded from NYK on 06/24/26,0,HOU,1610612745,2026-27
1610612745,2026,0,Quadir Copeland,Quadir,quadir-copeland,,G,6-6,203.0,"SEP 01, 2003",22.0,R,North Carolina State,1643595,Signed on 07/07/26,1,HOU,1610612745,2026-27
1610612745,2026,0,Aaron Holiday,Aaron,aaron-holiday,0.0,G,6-0,185.0,"SEP 30, 1996",29.0,8,UCLA,1628988,Signed on 07/10/23,0,HOU,1610612745,2026-27
1610612745,2026,0,Amen Thompson,Amen,amen-thompson,1.0,G-F,6-7,200.0,"JAN 30, 2003",23.0,3,Overtime Elite,1641708,#4 Pick in 2023 Draft,0,HOU,1610612745,2026-27
1610612745,2026,0,Julian Phillips,Julian,julian-phillips,4.0,F,6-6,201.0,"NOV 05, 2003",22.0,3,Tennessee,1641763,Signed on 07/24/26,0,HOU,1610612745,2026-27
1610612745,2026,0,JD Davison,JD,jd-davison,4.0,G,6-1,195.0,"OCT 03, 2002",23.0,4,Alabama,1631120,Signed on 07/26/25,0,HOU,1610612745,2026-27
1610612745,2026,0,Fred VanVleet,Fred,fred-vanvleet,5.0,G,6-0,197.0,"FEB 25, 1994",32.0,9,Wichita State,1627832,Signed on 07/07/23,0,HOU,1610612745,2026-27
1610612745,2026,0,Kevin Durant,Kevin,kevin-durant,7.0,F,6-11,240.0,"SEP 29, 1988",37.0,19,Texas,201142,Traded from PHX on 07/06/25,0,HOU,1610612745,2026-27
1610612745,2026,0,Jae'Sean Tate,Jae'Sean,jaesean-tate,8.0,F,6-4,230.0,"OCT 28, 1995",30.0,6,Ohio State,1630256,Signed on 11/25/20,0,HOU,1610612745,2026-27
1610612745,2026,0,Jabari Smith Jr.,Jabari,jabari-smith-jr,10.0,F,6-11,220.0,"MAY 13, 2003",23.0,4,Auburn,1631095,#3 Pick in 2022 Draft,0,HOU,1610612745,2026-27
1610612745,2026,0,Steven Adams,Steven,steven-adams,12.0,C,6-11,265.0,"JUL 20, 1993",33.0,13,Pittsburgh,203500,Traded from MEM on 02/01/24,0,HOU,1610612745,2026-27
1610612745,2026,0,Tristen Newton,Tristen,tristen-newton,13.0,G,6-5,190.0,"APR 26, 2001",25.0,2,Connecticut,1641803,Signed on 01/03/26,1,HOU,1610612745,2026-27
1610612745,2026,0,Reed Sheppard,Reed,reed-sheppard,15.0,G,6-2,185.0,"JUN 24, 2004",22.0,2,Kentucky,1642263,#3 Pick in 2024 Draft,0,HOU,1610612745,2026-27
1610612745,2026,0,Tari Eason,Tari,tari-eason,17.0,F,6-8,215.0,"MAY 10, 2001",25.0,4,Louisiana State,1631106,#17 Pick in 2022 Draft,0,HOU,1610612745,2026-27
1610612745,2026,0,Isaiah Crawford,Isaiah,isaiah-crawford,27.0,F,6-6,220.0,"NOV 01, 2001",24.0,2,Louisiana Tech,1642384,Signed on 07/26/25,0,HOU,1610612745,2026-27
1610612745,2026,0,Alperen Sengun,Alperen,alperen-sengun,28.0,C,6-11,243.0,"JUL 25, 2002",24.0,5,Besiktas,1630578,Draft Rights Traded from OKC on 07/30/21,0,HOU,1610612745,2026-27
1610612745,2026,0,Clint Capela,Clint,clint-capela,30.0,C,6-10,256.0,"MAY 18, 1994",32.0,12,Elan Chalon,203991,Traded from ATL on 07/06/25,0,HOU,1610612745,2026-27
1610612745,2026,0,Bogdan Bogdanović,Bogdan,bogdan-bogdanović,31.0,G,6-5,225.0,"AUG 18, 1992",33.0,9,Fenerbahce,203992,Signed on 07/08/26,0,HOU,1610612745,2026-27
1610612745,2026,0,Jeff Green,Jeff,jeff-green,32.0,F,6-8,235.0,"AUG 28, 1986",39.0,19,Georgetown,201145,Signed on 07/06/23,0,HOU,1610612745,2026-27
1610612745,2026,0,Oscar Tshiebwe,Oscar,oscar-tshiebwe,34.0,F-C,6-8,255.0,"NOV 27, 1999",26.0,3,Kentucky,1631131,Signed on 07/23/26,0,HOU,1610612745,2026-27
1610612745,2026,0,Marcus Smart,Marcus,marcus-smart,36.0,G,6-3,220.0,"MAR 06, 1994",32.0,12,Oklahoma State,203935,Signed on 07/10/26,0,HOU,1610612745,2026-27
1610612754,2026,0,Tyrese Haliburton,Tyrese,tyrese-haliburton,0.0,G,6-5,185.0,"FEB 29, 2000",26.0,5,Iowa State,1630169,Traded from SAC on 02/08/22,0,IND,1610612754,2026-27
1610612754,2026,0,Obi Toppin,Obi,obi-toppin,1.0,F,6-9,220.0,"MAR 04, 1998",28.0,6,Dayton,1630167,Traded from NYK on 07/07/23,0,IND,1610612754,2026-27
1610612754,2026,0,Andrew Nembhard,Andrew,andrew-nembhard,2.0,G-F,6-4,191.0,"JAN 16, 2000",26.0,4,Gonzaga,1629614,#31 Pick in 2022 Draft,0,IND,1610612754,2026-27
1610612754,2026,0,Braden Smith,Braden,braden-smith,3.0,G,6-0,170.0,"JUL 25, 2003",23.0,R,Purdue,1643552,Draft Rights Traded from CHI on 06/24/26,0,IND,1610612754,2026-27
1610612754,2026,0,Jarace Walker,Jarace,jarace-walker,5.0,F,6-7,235.0,"SEP 04, 2003",22.0,3,Houston,1641716,Draft Rights Traded from WAS on 06/23/23,0,IND,1610612754,2026-27
1610612754,2026,0,T.J. McConnell,T.J.,tj-mcconnell,9.0,G,6-1,190.0,"MAR 25, 1992",34.0,11,Arizona,204456,Signed on 07/29/19,0,IND,1610612754,2026-27
1610612754,2026,0,Kelly Oubre Jr.,Kelly,kelly-oubre-jr,10.0,F-G,6-8,210.0,"DEC 09, 1995",30.0,11,Kansas,1626162,Signed on 07/07/26,0,IND,1610612754,2026-27
1610612754,2026,0,Johnny Furphy,Johnny,johnny-furphy,12.0,G,6-8,200.0,"DEC 08, 2004",21.0,2,Kansas,1642277,Draft Rights Traded from SAS on 07/06/24,0,IND,1610612754,2026-27
1610612754,2026,0,Jalen Slawson,Jalen,jalen-slawson,18.0,F,6-7,215.0,"OCT 22, 1999",26.0,2,Furman,1641771,Signed on 09/09/25,1,IND,1610612754,2026-27
1610612754,2026,0,Larry Nance Jr.,Larry,larry-nance-jr,22.0,F-C,6-6,245.0,"JAN 01, 1993",33.0,11,Wyoming,1626204,Signed on 07/09/26,0,IND,1610612754,2026-27
1610612754,2026,0,Aaron Nesmith,Aaron,aaron-nesmith,23.0,G-F,6-5,215.0,"OCT 16, 1999",26.0,6,Vanderbilt,1630174,Traded from BOS on 07/09/22,0,IND,1610612754,2026-27
1610612754,2026,0,Kobe Brown,Kobe,kobe-brown,24.0,F,6-7,250.0,"JAN 01, 2000",26.0,3,Missouri,1641738,Traded from LAC on 02/05/26,1,IND,1610612754,2026-27
1610612754,2026,0,Ben Sheppard,Ben,ben-sheppard,26.0,G,6-6,190.0,"JUL 16, 2001",25.0,3,Belmont,1641767,#26 Pick in 2023 Draft,0,IND,1610612754,2026-27
1610612754,2026,0,Quenton Jackson,Quenton,quenton-jackson,29.0,G,6-4,173.0,"SEP 15, 1998",27.0,4,Texas A&M,1631245,Signed on 03/04/24,0,IND,1610612754,2026-27
1610612754,2026,0,Jay Huff,Jay,jay-huff,32.0,C,7-1,240.0,"AUG 25, 1997",28.0,5,Virginia,1630643,Traded from MEM on 07/06/25,0,IND,1610612754,2026-27
1610612754,2026,0,Ivica Zubac,Ivica,ivica-zubac,40.0,C,7-0,240.0,"MAR 18, 1997",29.0,10,Mega Basket,1627826,Traded from LAC on 02/05/26,0,IND,1610612754,2026-27
1610612754,2026,0,Pascal Siakam,Pascal,pascal-siakam,43.0,F,6-8,245.0,"APR 02, 1994",32.0,10,New Mexico State,1627783,Traded from TOR on 01/17/24,0,IND,1610612754,2026-27
1610612754,2026,0,Ethan Thompson,Ethan,ethan-thompson,55.0,G,6-4,195.0,"MAY 04, 1999",27.0,1,Oregon State,1630679,Signed on 11/30/25,1,IND,1610612754,2026-27
1610612746,2026,0,Norchad Omier,Norchad,norchad-omier,,F,6-7,248.0,"AUG 28, 2001",24.0,1,Miami,1641807,Signed on 02/20/26,0,LAC,1610612746,2026-27
1610612746,2026,0,Baba Miller,Baba,baba-miller,,F,6-11,204.0,"FEB 07, 2004",22.0,R,Cincinnati,1642394,#36 Pick in 2026 Draft,0,LAC,1610612746,2026-27
1610612746,2026,0,Sean Pedulla,Sean,sean-pedulla,,G,6-1,195.0,"OCT 10, 2002",23.0,1,Mississippi,1642951,Signed on 02/19/26,1,LAC,1610612746,2026-27
1610612746,2026,0,Nick Martinelli,Nick,nick-martinelli,,F,6-7,220.0,"APR 20, 2004",22.0,R,Northwestern,1643568,Draft Rights Traded from HOU on 06/24/26,1,LAC,1610612746,2026-27
1610612746,2026,0,Narcisse Ngoy,Narcisse,narcisse-ngoy,,C,7-0,,"JUL 13, 2004",22.0,R,,1643712,Draft Rights Traded from ATL on 06/24/26,0,LAC,1610612746,2026-27
1610612746,2026,0,Bradley Beal,Bradley,bradley-beal,0.0,G,6-4,207.0,"JUN 28, 1993",33.0,14,Florida,203078,Signed on 07/18/25,0,LAC,1610612746,2026-27
1610612746,2026,0,Keaton Wagler,Keaton,keaton-wagler,1.0,G,6-6,175.0,"FEB 03, 2007",19.0,R,Illinois,1643413,#5 Pick in 2026 Draft,0,LAC,1610612746,2026-27
1610612746,2026,0,Kawhi Leonard,Kawhi,kawhi-leonard,2.0,F,6-6,225.0,"JUN 29, 1991",35.0,15,San Diego State,202695,Signed on 07/09/19,0,LAC,1610612746,2026-27
1610612746,2026,0,Kobe Sanders,Kobe,kobe-sanders,4.0,G,6-8,207.0,"MAY 30, 2002",24.0,1,Nevada,1642920,Draft Rights Traded from NYK on 06/26/25,0,LAC,1610612746,2026-27
1610612746,2026,0,Derrick Jones Jr.,Derrick,derrick-jones-jr,5.0,F,6-6,210.0,"FEB 15, 1997",29.0,10,UNLV,1627884,Signed on 07/09/24,0,LAC,1610612746,2026-27
1610612746,2026,0,Kris Dunn,Kris,kris-dunn,8.0,G,6-3,205.0,"MAR 18, 1994",32.0,10,Providence,1627739,Traded from UTA on 07/18/24,0,LAC,1610612746,2026-27
1610612746,2026,0,Bennedict Mathurin,Bennedict,bennedict-mathurin,9.0,G-F,6-5,210.0,"JUN 19, 2002",24.0,4,Arizona,1631097,Traded from IND on 02/05/26,0,LAC,1610612746,2026-27
1610612746,2026,0,Darius Garland,Darius,darius-garland,10.0,G,6-1,192.0,"JAN 26, 2000",26.0,7,Vanderbilt,1629636,Traded from CLE on 02/04/26,0,LAC,1610612746,2026-27
1610612746,2026,0,Brook Lopez,Brook,brook-lopez,11.0,C,7-1,282.0,"APR 01, 1988",38.0,18,Stanford,201572,Signed on 07/06/25,0,LAC,1610612746,2026-27
1610612746,2026,0,TyTy Washington Jr.,TyTy,tyty-washington-jr,14.0,G,6-3,195.0,"NOV 15, 2001",24.0,4,Kentucky,1631102,Signed on 08/07/25,0,LAC,1610612746,2026-27
1610612746,2026,0,Yanic Konan Niederhäuser,Yanic Konan,yanic-konan-niederhäuser,14.0,C,6-11,242.0,"MAR 14, 2003",23.0,1,Penn State,1642949,#30 Pick in 2025 Draft,0,LAC,1610612746,2026-27
1610612746,2026,0,Jordan Miller,Jordan,jordan-miller,22.0,G,6-5,194.0,"JAN 23, 2000",26.0,3,Miami,1641757,#48 Pick in 2023 Draft,0,LAC,1610612746,2026-27
1610612746,2026,0,Johni Broome,Johni,johni-broome,22.0,F,6-9,244.0,"JUL 19, 2002",24.0,1,Auburn,1641780,Traded from PHI on 07/28/26,0,LAC,1610612746,2026-27
1610612746,2026,0,Isaiah Jackson,Isaiah,isaiah-jackson,23.0,F,6-8,205.0,"JAN 10, 2002",24.0,5,Kentucky,1630543,Traded from IND on 02/05/26,0,LAC,1610612746,2026-27
1610612746,2026,0,Cam Christie,Cam,cam-christie,24.0,G,6-5,190.0,"JUL 24, 2005",21.0,2,Minnesota,1642353,#46 Pick in 2024 Draft,0,LAC,1610612746,2026-27
1610612746,2026,0,Rui Hachimura,Rui,rui-hachimura,28.0,F,6-8,230.0,"FEB 08, 1998",28.0,7,Gonzaga,1629060,Signed on 07/06/26,0,LAC,1610612746,2026-27
1610612746,2026,0,Nicolas Batum,Nicolas,nicolas-batum,33.0,G-F,6-7,230.0,"DEC 14, 1988",37.0,18,Le Mans,201587,Signed on 07/09/24,0,LAC,1610612746,2026-27
1610612747,2026,0,Arthur Kaluma,Arthur,arthur-kaluma,,F,6-7,225.0,"MAR 01, 2002",24.0,R,Texas,1641751,Signed on 07/25/25,1,LAL,1610612747,2026-27
1610612747,2026,0,Adou Thiero,Adou,adou-thiero,1.0,G,6-7,220.0,"MAY 08, 2004",22.0,1,Arkansas,1642876,Draft Rights Traded from BKN on 07/06/25,0,LAL,1610612747,2026-27
1610612747,2026,0,Jarred Vanderbilt,Jarred,jarred-vanderbilt,2.0,F,6-8,214.0,"APR 03, 1999",27.0,8,Kentucky,1629020,Traded from UTA on 02/09/23,0,LAL,1610612747,2026-27
1610612747,2026,0,Matisse Thybulle,Matisse,matisse-thybulle,4.0,G-F,6-5,202.0,"MAR 04, 1997",29.0,7,Washington,1629680,Signed on 07/27/26,0,LAL,1610612747,2026-27
1610612747,2026,0,Dalton Knecht,Dalton,dalton-knecht,4.0,F,6-6,215.0,"APR 19, 2001",25.0,2,Tennessee,1642261,#17 Pick in 2024 Draft,0,LAL,1610612747,2026-27
1610612747,2026,0,Quentin Grimes,Quentin,quentin-grimes,5.0,G,6-5,207.0,"MAY 08, 2000",26.0,5,Houston,1629656,Signed on 07/07/26,0,LAL,1610612747,2026-27
1610612747,2026,0,Jaden Hardy,Jaden,jaden-hardy,7.0,G,6-3,198.0,"JUL 05, 2002",24.0,4,NBA G League Ignite,1630702,Traded from WAS on 07/07/26,0,LAL,1610612747,2026-27
1610612747,2026,0,Bronny James,Bronny,bronny-james,9.0,G,6-2,210.0,"OCT 06, 2004",21.0,2,Southern California,1642355,#55 Pick in 2024 Draft,0,LAL,1610612747,2026-27
1610612747,2026,0,Collin Sexton,Collin,collin-sexton,10.0,G,6-3,190.0,"JAN 04, 1999",27.0,8,Alabama,1629012,Signed on 07/11/26,0,LAL,1610612747,2026-27
1610612747,2026,0,Ziaire Williams,Ziaire,ziaire-williams,11.0,F,6-9,185.0,"SEP 12, 2001",24.0,5,Stanford,1630533,Signed on 07/19/26,0,LAL,1610612747,2026-27
1610612747,2026,0,Jake LaRavia,Jake,jake-laravia,12.0,F,6-7,235.0,"NOV 03, 2001",24.0,4,Wake Forest,1631222,Signed on 07/06/25,0,LAL,1610612747,2026-27
1610612747,2026,0,Walker Kessler,Walker,walker-kessler,14.0,C,7-2,245.0,"JUL 26, 2001",25.0,4,Auburn,1631117,Traded from UTA on 07/08/26,0,LAL,1610612747,2026-27
1610612747,2026,0,Austin Reaves,Austin,austin-reaves,15.0,G,6-5,197.0,"MAY 29, 1998",28.0,5,Oklahoma,1630559,Signed on 08/03/21,0,LAL,1610612747,2026-27
1610612747,2026,0,Chris Mañon,Chris,chris-mañon,30.0,G,6-4,209.0,"DEC 09, 2001",24.0,1,Vanderbilt,1643024,Signed on 07/24/25,1,LAL,1610612747,2026-27
1610612747,2026,0,AK Okereke,AK,ak-okereke,31.0,F,6-7,244.0,"JUL 02, 2003",23.0,R,Vanderbilt,1643758,Signed on 07/03/26,1,LAL,1610612747,2026-27
1610612747,2026,0,Cameron Carr,Cameron,cameron-carr,43.0,G,6-5,175.0,"NOV 21, 2004",21.0,R,Baylor,1643418,Draft Rights Traded from NYK on 06/24/26,0,LAL,1610612747,2026-27
1610612747,2026,0,Sandro Mamukelashvili,Sandro,sandro-mamukelashvili,54.0,F-C,6-9,240.0,"MAY 23, 1999",27.0,5,Seton Hall,1630572,Signed on 07/07/26,0,LAL,1610612747,2026-27
1610612747,2026,0,Kevon Looney,Kevon,kevon-looney,55.0,F,6-9,222.0,"FEB 06, 1996",30.0,11,UCLA,1626172,Signed on 07/12/26,0,LAL,1610612747,2026-27
1610612747,2026,0,Luka Dončić,Luka,luka-dončić,77.0,F-G,6-8,230.0,"FEB 28, 1999",27.0,8,Real Madrid,1629029,Traded from DAL on 02/02/25,0,LAL,1610612747,2026-27
1610612763,2026,0,Jahmai Mashack,Jahmai,jahmai-mashack,,G,6-4,203.0,"NOV 10, 2002",23.0,1,Tennessee,1642942,Draft Rights Traded from GSW on 07/06/25,1,MEM,1610612763,2026-27
1610612763,2026,0,Richie Saunders,Richie,richie-saunders,,G,6-5,200.0,"SEP 19, 2001",24.0,R,Brigham Young,1643563,#32 Pick in 2026 Draft,0,MEM,1610612763,2026-27
1610612763,2026,0,Jaylen Wells,Jaylen,jaylen-wells,0.0,F,6-7,,"AUG 26, 2003",22.0,2,Washington State,1642377,#39 Pick in 2024 Draft,0,MEM,1610612763,2026-27
1610612763,2026,0,Scotty Pippen Jr.,Scotty,scotty-pippen-jr,1.0,G,6-2,170.0,"NOV 10, 2000",25.0,4,Vanderbilt,1630590,Signed on 01/16/24,0,MEM,1610612763,2026-27
1610612763,2026,0,Ty Jerome,Ty,ty-jerome,2.0,G-F,6-5,195.0,"JUL 08, 1997",29.0,7,Virginia,1629660,Signed on 07/14/25,0,MEM,1610612763,2026-27
1610612763,2026,0,Walter Clayton Jr.,Walter,walter-clayton-jr,4.0,G,6-4,195.0,"MAR 06, 2003",23.0,1,Florida,1642383,Traded from UTA on 02/03/26,0,MEM,1610612763,2026-27
1610612763,2026,0,D'Angelo Russell,D'Angelo,dangelo-russell,5.0,G,6-3,193.0,"FEB 23, 1996",30.0,11,Ohio State,1626156,Traded from WAS on 07/08/26,0,MEM,1610612763,2026-27
1610612763,2026,0,AJ Johnson,AJ,aj-johnson,8.0,G,6-5,160.0,"DEC 01, 2004",21.0,2,Illawarra,1642358,Traded from DAL on 07/08/26,0,MEM,1610612763,2026-27
1610612763,2026,0,Jerami Grant,Jerami,jerami-grant,9.0,F,6-7,213.0,"MAR 12, 1994",32.0,12,Syracuse,203924,Traded from POR on 06/29/26,0,MEM,1610612763,2026-27
1610612763,2026,0,Javon Small,Javon,javon-small,10.0,G,6-1,190.0,"DEC 19, 2002",23.0,1,West Virginia,1642914,#48 Pick in 2025 Draft,1,MEM,1610612763,2026-27
1610612763,2026,0,Zach Edey,Zach,zach-edey,14.0,C,7-3,305.0,"MAY 14, 2002",24.0,2,Purdue,1641744,#9 Pick in 2024 Draft,0,MEM,1610612763,2026-27
1610612763,2026,0,Olivier-Maxence Prosper,Olivier-Maxence,olivier-maxence-prosper,18.0,F,6-7,230.0,"JUL 03, 2002",24.0,3,Marquette,1641765,Signed on 09/04/25,0,MEM,1610612763,2026-27
1610612763,2026,0,Quinten Post,Quinten,quinten-post,21.0,C,7-0,238.0,"MAR 21, 2000",26.0,2,Boston College,1642366,Signed on 07/08/26,0,MEM,1610612763,2026-27
1610612763,2026,0,Taylor Hendricks,Taylor,taylor-hendricks,22.0,F,6-9,215.0,"NOV 22, 2003",22.0,3,Central Florida,1641707,Traded from UTA on 02/03/26,0,MEM,1610612763,2026-27
1610612763,2026,0,Cedric Coward,Cedric,cedric-coward,23.0,G,6-5,206.0,"SEP 11, 2003",22.0,1,Washington State,1642907,Draft Rights Traded from POR on 06/25/25,0,MEM,1610612763,2026-27
1610612763,2026,0,Cam Spencer,Cam,cam-spencer,24.0,G,6-3,205.0,"APR 06, 2000",26.0,2,Connecticut,1642285,Draft Rights Traded from DET on 07/06/24,0,MEM,1610612763,2026-27
1610612763,2026,0,Kris Murray,Kris,kris-murray,24.0,F,6-8,218.0,"AUG 19, 2000",25.0,3,Iowa,1631200,Traded from POR on 06/29/26,0,MEM,1610612763,2026-27
1610612763,2026,0,Cameron Boozer,Cameron,cameron-boozer,27.0,F,6-10,250.0,"JUL 18, 2007",19.0,R,Duke,1643409,#3 Pick in 2026 Draft,0,MEM,1610612763,2026-27
1610612763,2026,0,Isaiah Stewart,Isaiah,isaiah-stewart,28.0,F-C,6-8,250.0,"MAY 22, 2001",25.0,6,Washington,1630191,Traded from DET on 07/08/26,0,MEM,1610612763,2026-27
1610612763,2026,0,Karim Lopez,Karim,karim-lopez,35.0,F,6-8,210.0,"APR 12, 2007",19.0,R,,1643510,Draft Rights Traded from DET on 06/24/26,0,MEM,1610612763,2026-27
1610612763,2026,0,GG Jackson,GG,gg-jackson,45.0,F,6-9,210.0,"DEC 17, 2004",21.0,3,South Carolina,1641713,#45 Pick in 2023 Draft,0,MEM,1610612763,2026-27
1610612763,2026,0,Taj Gibson,Taj,taj-gibson,67.0,F,6-9,232.0,"JUN 24, 1985",41.0,17,Southern California,201959,Signed on 02/26/26,0,MEM,1610612763,2026-27
1610612748,2026,0,Simone Fontecchio,Simone,simone-fontecchio,0.0,F,6-7,209.0,"DEC 09, 1995",30.0,4,Baskonia,1631323,Traded from DET on 07/07/25,0,MIA,1610612748,2026-27
1610612748,2026,0,Davion Mitchell,Davion,davion-mitchell,2.0,G,6-0,202.0,"SEP 05, 1998",27.0,5,Baylor,1630558,Traded from TOR on 02/06/25,0,MIA,1610612748,2026-27
1610612748,2026,0,Trevor Keels,Trevor,trevor-keels,3.0,G,6-3,215.0,"AUG 26, 2003",22.0,2,Duke,1631211,Signed on 09/11/25,0,MIA,1610612748,2026-27
1610612748,2026,0,Ryan Conwell,Ryan,ryan-conwell,4.0,G,6-4,215.0,"JUN 15, 2004",22.0,R,Louisville,1643553,Draft Rights Traded from OKC on 06/24/26,0,MIA,1610612748,2026-27
1610612748,2026,0,Nikola Jović,Nikola,nikola-jović,5.0,F,6-10,205.0,"JUN 09, 2003",23.0,4,Mega Basket,1631107,#27 Pick in 2022 Draft,0,MIA,1610612748,2026-27
1610612748,2026,0,Giannis Antetokounmpo,Giannis,giannis-antetokounmpo,7.0,F,6-11,243.0,"DEC 06, 1994",31.0,13,Filathlitikos,203507,Traded from MIL on 07/06/26,0,MIA,1610612748,2026-27
1610612748,2026,0,Pelle Larsson,Pelle,pelle-larsson,9.0,G,6-5,215.0,"FEB 23, 2001",25.0,2,Arizona,1641796,Draft Rights Traded from HOU on 06/27/24,0,MIA,1610612748,2026-27
1610612748,2026,0,Tim Hardaway Jr.,Tim,tim-hardaway-jr,10.0,G-F,6-5,205.0,"MAR 16, 1992",34.0,13,Michigan,203501,Signed on 07/06/26,0,MIA,1610612748,2026-27
1610612748,2026,0,Dru Smith,Dru,dru-smith,12.0,G,6-2,203.0,"DEC 30, 1997",28.0,4,Missouri,1630696,Signed on 07/01/23,0,MIA,1610612748,2026-27
1610612748,2026,0,Bam Adebayo,Bam,bam-adebayo,13.0,C-F,6-9,255.0,"JUL 18, 1997",29.0,9,Kentucky,1628389,#14 Pick in 2017 Draft,0,MIA,1610612748,2026-27
1610612748,2026,0,Myron Gardner,Myron,myron-gardner,15.0,F,6-5,220.0,"MAY 21, 2001",25.0,1,Arkansas-Little Rock,1642066,Signed on 07/24/25,0,MIA,1610612748,2026-27
1610612748,2026,0,Keshad Johnson,Keshad,keshad-johnson,16.0,F,6-6,225.0,"JUN 23, 2001",25.0,2,Arizona,1642352,Signed on 07/01/24,0,MIA,1610612748,2026-27
1610612748,2026,0,Jahmir Young,Jahmir,jahmir-young,17.0,G,6-0,185.0,"OCT 07, 2000",25.0,2,Maryland,1642443,Signed on 09/11/25,0,MIA,1610612748,2026-27
1610612748,2026,0,Andrew Wiggins,Andrew,andrew-wiggins,22.0,F,6-6,197.0,"FEB 23, 1995",31.0,12,Kansas,203952,Traded from GSW on 02/06/25,0,MIA,1610612748,2026-27
1610612748,2026,0,Tre Donaldson,Tre,tre-donaldson,24.0,G,6-3,195.0,"DEC 11, 2003",22.0,R,Miami,1643621,Signed on 07/03/26,1,MIA,1610612748,2026-27
1610612748,2026,0,Vladislav Goldin,Vladislav,vladislav-goldin,50.0,C,7-0,250.0,"MAY 12, 2001",25.0,1,Michigan,1642884,Signed on 07/02/25,1,MIA,1610612748,2026-27
1610612748,2026,0,Bobby Portis Jr.,Bobby,bobby-portis-jr,95.0,F,6-9,250.0,"FEB 10, 1995",31.0,11,Arkansas,1626171,Traded from MIL on 07/06/26,0,MIA,1610612748,2026-27
1610612749,2026,0,Malique Lewis,Malique,malique-lewis,,F,6-8,195.0,"NOV 10, 2004",21.0,R,,1641831,Draft Rights Traded from WAS on 06/24/26,0,MIL,1610612749,2026-27
1610612749,2026,0,Nate Ament,Nate,nate-ament,,F,6-10,207.0,"DEC 10, 2006",19.0,R,Tennessee,1643417,Draft Rights Traded from MIA on 07/06/26,0,MIL,1610612749,2026-27
1610612749,2026,0,Brayden Burries,Brayden,brayden-burries,0.0,G,6-4,205.0,"SEP 18, 2005",20.0,R,Arizona,1643415,#10 Pick in 2026 Draft,0,MIL,1610612749,2026-27
1610612749,2026,0,Jericho Sims,Jericho,jericho-sims,0.0,C,6-10,250.0,"OCT 20, 1998",27.0,5,Texas,1630579,Traded from NYK on 02/06/25,0,MIL,1610612749,2026-27
1610612749,2026,0,Myles Turner,Myles,myles-turner,3.0,C-F,6-11,250.0,"MAR 24, 1996",30.0,11,Texas,1626167,Signed on 07/06/25,0,MIL,1610612749,2026-27
1610612749,2026,0,Gary Trent Jr.,Gary,gary-trent-jr,5.0,G,6-5,204.0,"JAN 18, 1999",27.0,8,Duke,1629018,Signed on 07/20/24,0,MIL,1610612749,2026-27
1610612749,2026,0,Kevin Porter Jr.,Kevin,kevin-porter-jr,7.0,G-F,6-5,203.0,"MAY 04, 2000",26.0,6,Southern California,1629645,Traded from LAC on 02/06/25,0,MIL,1610612749,2026-27
1610612749,2026,0,Kam Jones,Kam,kam-jones,7.0,G,6-4,200.0,"FEB 25, 2002",24.0,1,Marquette,1642880,Signed on 07/05/26,1,MIL,1610612749,2026-27
1610612749,2026,0,Caris LeVert,Caris,caris-levert,8.0,G,6-7,205.0,"AUG 25, 1994",31.0,10,Michigan,1627747,Traded from DET on 07/08/26,0,MIL,1610612749,2026-27
1610612749,2026,0,Kel'el Ware,Kel'el,kelel-ware,9.0,C,7-0,230.0,"APR 20, 2004",22.0,2,Indiana,1642276,Traded from MIA on 07/06/26,0,MIL,1610612749,2026-27
1610612749,2026,0,Tyler Herro,Tyler,tyler-herro,11.0,G,6-5,195.0,"JAN 20, 2000",26.0,7,Kentucky,1629639,Traded from MIA on 07/06/26,0,MIL,1610612749,2026-27
1610612749,2026,0,Ryan Rollins,Ryan,ryan-rollins,13.0,G,6-3,180.0,"JUL 03, 2002",24.0,4,Toledo,1631157,Signed on 02/20/24,0,MIL,1610612749,2026-27
1610612749,2026,0,Kyle Kuzma,Kyle,kyle-kuzma,18.0,F,6-8,221.0,"JUL 24, 1995",31.0,9,Utah,1628398,Traded from WAS on 02/06/25,0,MIL,1610612749,2026-27
1610612749,2026,0,AJ Green,AJ,aj-green,20.0,G,6-4,190.0,"SEP 27, 1999",26.0,4,Northern Iowa,1631260,Signed on 07/01/22,0,MIL,1610612749,2026-27
1610612749,2026,0,Ousmane Dieng,Ousmane,ousmane-dieng,21.0,F,6-9,185.0,"MAY 21, 2003",23.0,4,New Zealand Breakers,1631172,Traded from CHI on 02/05/26,0,MIL,1610612749,2026-27
1610612749,2026,0,Bogoljub Marković,Bogoljub,bogoljub-marković,23.0,F,6-11,210.0,"JUL 12, 2005",21.0,R,Serbia,1642881,#47 Pick in 2025 Draft,0,MIL,1610612749,2026-27
1610612749,2026,0,Jaime Jaquez Jr.,Jaime,jaime-jaquez-jr,24.0,G,6-6,225.0,"FEB 18, 2001",25.0,3,UCLA,1631170,Traded from MIA on 07/06/26,0,MIL,1610612749,2026-27
1610612749,2026,0,Kasparas Jakučionis,Kasparas,kasparas-jakučionis,25.0,G,6-5,200.0,"MAY 29, 2006",20.0,1,Illinois-Urbana-Champaign,1642857,Traded from MIA on 07/06/26,0,MIL,1610612749,2026-27
1610612749,2026,0,Alex Antetokounmpo,Alex,alex-antetokounmpo,29.0,F,6-8,214.0,"AUG 27, 2001",24.0,1,                                   ,1630828,Signed on 09/16/22,0,MIL,1610612749,2026-27
1610612749,2026,0,Cormac Ryan,Cormac,cormac-ryan,30.0,G,6-5,205.0,"OCT 26, 1998",27.0,1,North Carolina,1642504,Signed on 09/10/25,1,MIL,1610612749,2026-27
1610612749,2026,0,Pete Nance,Pete,pete-nance,35.0,F,6-9,225.0,"FEB 19, 2000",26.0,3,Northwestern,1631250,Signed on 02/27/25,0,MIL,1610612749,2026-27
1610612749,2026,0,Thanasis Antetokounmpo,Thanasis,thanasis-antetokounmpo,43.0,F,6-7,219.0,"JUL 18, 1992",34.0,7,Panathinaikos,203648,Signed on 07/16/19,0,MIL,1610612749,2026-27
1610612750,2026,0,Donte DiVincenzo,Donte,donte-divincenzo,0.0,G,6-4,203.0,"JAN 31, 1997",29.0,8,Villanova,1628978,Traded from NYK on 10/02/24,0,MIN,1610612750,2026-27
1610612750,2026,0,LaMelo Ball,LaMelo,lamelo-ball,1.0,G,6-7,180.0,"AUG 22, 2001",24.0,6,Illawarra,1630163,Traded from CHA on 07/10/26,0,MIN,1610612750,2026-27
1610612750,2026,0,Jaden McDaniels,Jaden,jaden-mcdaniels,3.0,F,6-9,185.0,"SEP 29, 2000",25.0,6,Washington,1630183,Draft Rights Traded from OKC on 11/20/20,0,MIN,1610612750,2026-27
1610612750,2026,0,Terrence Shannon Jr,Terrence,terrence-shannon-jr,4.0,G-F,6-6,215.0,"JUL 30, 2000",26.0,2,Illinois,1630545,#27 Pick in 2024 Draft,0,MIN,1610612750,2026-27
1610612750,2026,0,Anthony Edwards,Anthony,anthony-edwards,5.0,G,6-4,225.0,"AUG 05, 2001",24.0,6,Georgia,1630162,#1 Pick in 2020 Draft,0,MIN,1610612750,2026-27
1610612750,2026,0,Jaylen Clark,Jaylen,jaylen-clark,7.0,G,6-5,205.0,"OCT 13, 2001",24.0,2,UCLA,1641740,#53 Pick in 2023 Draft,0,MIN,1610612750,2026-27
1610612750,2026,0,Bones Hyland,Bones,bones-hyland,8.0,G,6-2,169.0,"SEP 14, 2000",25.0,5,Virginia Commonwealth,1630538,Signed on 02/27/25,0,MIN,1610612750,2026-27
1610612750,2026,0,Josh Green,Josh,josh-green,10.0,G,6-6,200.0,"NOV 16, 2000",25.0,6,Arizona,1630182,Traded from CHA on 07/10/26,0,MIN,1610612750,2026-27
1610612750,2026,0,Ayo Dosunmu,Ayo,ayo-dosunmu,13.0,G,6-4,201.0,"JAN 17, 2000",26.0,5,Illinois,1630245,Traded from CHI on 02/05/26,0,MIN,1610612750,2026-27
1610612750,2026,0,Trey Kaufman-Renn,Trey,trey-kaufman-renn,14.0,F,6-9,230.0,"AUG 19, 2002",23.0,R,Purdue,1643626,#59 Pick in 2026 Draft,0,MIN,1610612750,2026-27
1610612750,2026,0,Zyon Pullin,Zyon,zyon-pullin,15.0,G,6-4,206.0,"MAR 03, 2001",25.0,2,Florida,1642389,Signed on 09/28/25,1,MIN,1610612750,2026-27
1610612750,2026,0,Joan Beringer,Joan,joan-beringer,19.0,F,6-11,230.0,"NOV 11, 2006",19.0,1,Cedevita Olimpija (Slovenia),1642866,#17 Pick in 2025 Draft,0,MIN,1610612750,2026-27
1610612750,2026,0,Enrique Freeman,Enrique,enrique-freeman,25.0,F,6-9,220.0,"JUL 29, 2000",26.0,2,Akron,1642402,Signed on 08/01/25,1,MIN,1610612750,2026-27
1610612750,2026,0,Rudy Gobert,Rudy,rudy-gobert,27.0,C,7-1,258.0,"JUN 26, 1992",34.0,13,Cholet,203497,Traded from UTA on 07/06/22,0,MIN,1610612750,2026-27
1610612750,2026,0,Isaiah Evans,Isaiah,isaiah-evans,33.0,F,6-6,175.0,"DEC 06, 2005",20.0,R,Duke,1642912,Draft Rights Traded from BKN on 07/10/26,0,MIN,1610612750,2026-27
1610612750,2026,0,Trey Lyles,Trey,trey-lyles,41.0,F,6-9,234.0,"NOV 05, 1995",30.0,10,Kentucky,1626168,Signed on 07/10/26,0,MIN,1610612750,2026-27
1610612750,2026,0,Rocco Zikarsky,Rocco,rocco-zikarsky,44.0,C,7-3,227.0,"JUL 11, 2006",20.0,1,Brisbane Bullets (Australia),1642911,Draft Rights Traded from LAL on 07/06/25,1,MIN,1610612750,2026-27
1610612740,2026,0,Jeremiah Fears,Jeremiah,jeremiah-fears,0.0,G,6-3,190.0,"OCT 14, 2006",19.0,1,Oklahoma,1642847,#7 Pick in 2025 Draft,0,NOP,1610612740,2026-27
1610612740,2026,0,Zion Williamson,Zion,zion-williamson,1.0,F,6-6,284.0,"JUL 06, 2000",26.0,7,Duke,1629627,#1 Pick in 2019 Draft,0,NOP,1610612740,2026-27
1610612740,2026,0,Herbert Jones,Herbert,herbert-jones,2.0,F,6-7,206.0,"OCT 06, 1998",27.0,5,Alabama,1630529,#35 Pick in 2021 Draft,0,NOP,1610612740,2026-27
1610612740,2026,0,Jordan Poole,Jordan,jordan-poole,3.0,G,6-4,194.0,"JUN 19, 1999",27.0,7,Michigan,1629673,Traded from WAS on 07/06/25,0,NOP,1610612740,2026-27
1610612740,2026,0,Hunter Dickinson,Hunter,hunter-dickinson,4.0,C,7-1,255.0,"NOV 25, 2000",25.0,1,Kansas,1630621,Signed on 07/03/25,1,NOP,1610612740,2026-27
1610612740,2026,0,Dejounte Murray,Dejounte,dejounte-murray,5.0,G,6-4,180.0,"SEP 19, 1996",29.0,10,Washington,1627749,Traded from ATL on 07/06/24,0,NOP,1610612740,2026-27
1610612740,2026,0,DeAndre Jordan,DeAndre,deandre-jordan,6.0,C,6-11,265.0,"JUL 21, 1988",38.0,18,Texas A&M,201599,Signed on 10/23/25,0,NOP,1610612740,2026-27
1610612740,2026,0,Christian Koloko,Christian,christian-koloko,10.0,C,6-11,225.0,"JUN 20, 2000",26.0,4,Arizona,1631132,Signed on 07/28/26,0,NOP,1610612740,2026-27
1610612740,2026,0,Jaron Pierre Jr.,Jaron,jaron-pierre-jr,10.0,G,6-5,210.0,"JUL 12, 2002",24.0,R,Southern Methodist,1643555,#58 Pick in 2026 Draft,1,NOP,1610612740,2026-27
1610612740,2026,0,Bryce McGowens,Bryce,bryce-mcgowens,11.0,G,6-6,190.0,"NOV 08, 2002",23.0,4,Nebraska,1631121,Signed on 07/30/25,0,NOP,1610612740,2026-27
1610612740,2026,0,Micah Peavy,Micah,micah-peavy,14.0,G-F,6-7,215.0,"JUL 16, 2001",25.0,1,Georgetown,1642877,Draft Rights Traded from WAS on 07/06/25,0,NOP,1610612740,2026-27
1610612740,2026,0,Karlo Matković,Karlo,karlo-matković,17.0,F-C,6-10,231.0,"MAR 30, 2001",25.0,2,Mega Basket,1631255,#52 Pick in 2022 Draft,0,NOP,1610612740,2026-27
1610612740,2026,0,Yves Missi,Yves,yves-missi,21.0,C,6-11,235.0,"MAY 14, 2004",22.0,2,Baylor,1642274,#21 Pick in 2024 Draft,0,NOP,1610612740,2026-27
1610612740,2026,0,Derik Queen,Derik,derik-queen,22.0,C,6-9,250.0,"DEC 27, 2004",21.0,1,Maryland,1642852,Draft Rights Traded from ATL on 06/25/25,0,NOP,1610612740,2026-27
1610612740,2026,0,Jordan Hawkins,Jordan,jordan-hawkins,24.0,G,6-5,190.0,"APR 29, 2002",24.0,3,Connecticut,1641722,#14 Pick in 2023 Draft,0,NOP,1610612740,2026-27
1610612740,2026,0,Trey Murphy III,Trey,trey-murphy-iii,25.0,F,6-8,206.0,"JUN 18, 2000",26.0,5,Virginia,1630530,Draft Rights Traded from MEM on 08/07/21,0,NOP,1610612740,2026-27
1610612740,2026,0,Caleb Houstan,Caleb,caleb-houstan,33.0,G,6-8,205.0,"JAN 09, 2003",23.0,4,Michigan,1631216,Signed on 08/04/26,0,NOP,1610612740,2026-27
1610612740,2026,0,Saddiq Bey,Saddiq,saddiq-bey,41.0,G-F,6-8,215.0,"APR 09, 1999",27.0,6,Villanova,1630180,Traded from WAS on 07/06/25,0,NOP,1610612740,2026-27
1610612740,2026,0,Kobe Bufkin,Kobe,kobe-bufkin,44.0,G,6-4,195.0,"SEP 21, 2003",22.0,3,Michigan,1641723,Signed on 07/25/26,0,NOP,1610612740,2026-27
1610612752,2026,0,Jack Kayil,Jack,jack-kayil,,G,6-3,174.0,"JAN 27, 2006",20.0,R,,1643583,Draft Rights Traded from HOU on 06/24/26,0,NYK,1610612752,2026-27
1610612752,2026,0,Tyler Nickel,Tyler,tyler-nickel,,F,6-7,220.0,"SEP 05, 2003",22.0,R,Vanderbilt,1643589,#47 Pick in 2026 Draft,0,NYK,1610612752,2026-27
1610612752,2026,0,Dillon Jones,Dillon,dillon-jones,,F,6-5,235.0,"OCT 29, 2001",24.0,2,Weber State,1641794,Signed on 01/20/26,0,NYK,1610612752,2026-27
1610612752,2026,0,Andre Drummond,Andre,andre-drummond,0.0,C,6-11,279.0,"AUG 10, 1993",32.0,14,Connecticut,203083,Signed on 07/06/26,0,NYK,1610612752,2026-27
1610612752,2026,0,Jordan Clarkson,Jordan,jordan-clarkson,0.0,G,6-5,194.0,"JUN 07, 1992",34.0,12,Missouri,203903,Signed on 07/07/25,0,NYK,1610612752,2026-27
1610612752,2026,0,Miles McBride,Miles,miles-mcbride,2.0,G,6-2,195.0,"SEP 08, 2000",25.0,5,West Virginia,1630540,Draft Rights Traded from OKC on 07/30/21,0,NYK,1610612752,2026-27
1610612752,2026,0,Josh Hart,Josh,josh-hart,3.0,G,6-5,215.0,"MAR 06, 1995",31.0,9,Villanova,1628404,Traded from POR on 02/09/23,0,NYK,1610612752,2026-27
1610612752,2026,0,Pacôme Dadiet,Pacôme,pacôme-dadiet,4.0,F,6-9,210.0,"JUL 27, 2005",21.0,2,Ratiopharm Ulm,1642359,#25 Pick in 2024 Draft,0,NYK,1610612752,2026-27
1610612752,2026,0,Jose Alvarado,Jose,jose-alvarado,5.0,G,6-0,179.0,"APR 12, 1998",28.0,5,Georgia Tech,1630631,Traded from NOP on 02/05/26,0,NYK,1610612752,2026-27
1610612752,2026,0,OG Anunoby,OG,og-anunoby,8.0,F-G,6-7,240.0,"JUL 17, 1997",29.0,9,Indiana,1628384,Traded from TOR on 12/30/23,0,NYK,1610612752,2026-27
1610612752,2026,0,Kevin McCullar Jr.,Kevin,kevin-mccullar-jr,9.0,G,6-6,210.0,"MAR 15, 2001",25.0,2,Kansas,1641755,Draft Rights Traded from PHX on 06/27/24,0,NYK,1610612752,2026-27
1610612752,2026,0,Jalen Brunson,Jalen,jalen-brunson,11.0,G,6-2,190.0,"AUG 31, 1996",29.0,8,Villanova,1628973,Signed on 07/12/22,0,NYK,1610612752,2026-27
1610612752,2026,0,Tyler Kolek,Tyler,tyler-kolek,13.0,G,6-2,195.0,"MAR 27, 2001",25.0,2,Marquette,1642278,Draft Rights Traded from POR on 06/27/24,0,NYK,1610612752,2026-27
1610612752,2026,0,Mikal Bridges,Mikal,mikal-bridges,25.0,G-F,6-6,209.0,"AUG 30, 1996",29.0,8,Villanova,1628969,Traded from BKN on 07/06/24,0,NYK,1610612752,2026-27
1610612752,2026,0,Karl-Anthony Towns,Karl-Anthony,karl-anthony-towns,32.0,C-F,7-0,248.0,"NOV 15, 1995",30.0,11,Kentucky,1626157,Traded from MIN on 10/02/24,0,NYK,1610612752,2026-27
1610612752,2026,0,Landry Shamet,Landry,landry-shamet,44.0,G,6-5,190.0,"MAR 13, 1997",29.0,8,Wichita State,1629013,Signed on 09/14/24,0,NYK,1610612752,2026-27
1610612752,2026,0,Mohamed Diawara,Mohamed,mohamed-diawara,51.0,F,6-9,225.0,"APR 29, 2005",21.0,1,Paris Basketball,1642885,Draft Rights Traded from LAC on 06/26/25,0,NYK,1610612752,2026-27
1610612760,2026,0,Josh Dix,Josh,josh-dix,,,,,"JUN 29, 2004",22.0,R,Creighton,1643717,Signed on 07/03/26,1,OKC,1610612760,2026-27
1610612760,2026,0,Shai Gilgeous-Alexander,Shai,shai-gilgeous-alexander,2.0,G,6-6,195.0,"JUL 12, 1998",28.0,8,Kentucky,1628983,Traded from LAC on 07/10/19,0,OKC,1610612760,2026-27
1610612760,2026,0,Jared McCain,Jared,jared-mccain,3.0,G,6-3,195.0,"FEB 20, 2004",22.0,2,Duke,1642272,Traded from PHI on 02/04/26,0,OKC,1610612760,2026-27
1610612760,2026,0,Jaylin Williams,Jaylin,jaylin-williams,6.0,F,6-9,240.0,"JUN 29, 2002",24.0,4,Arkansas,1631119,#34 Pick in 2022 Draft,0,OKC,1610612760,2026-27
1610612760,2026,0,Chet Holmgren,Chet,chet-holmgren,7.0,C-F,7-1,208.0,"MAY 01, 2002",24.0,3,Gonzaga,1631096,#2 Pick in 2022 Draft,0,OKC,1610612760,2026-27
1610612760,2026,0,Jalen Williams,Jalen,jalen-williams,8.0,G-F,6-5,211.0,"APR 14, 2001",25.0,4,Santa Clara,1631114,#12 Pick in 2022 Draft,0,OKC,1610612760,2026-27
1610612760,2026,0,Alex Caruso,Alex,alex-caruso,9.0,G,6-5,186.0,"FEB 28, 1994",32.0,9,Texas A&M,1627936,Traded from CHI on 06/21/24,0,OKC,1610612760,2026-27
1610612760,2026,0,Thomas Sorber,Thomas,thomas-sorber,12.0,C,6-9,250.0,"DEC 25, 2005",20.0,R,Georgetown,1642850,#15 Pick in 2025 Draft,0,OKC,1610612760,2026-27
1610612760,2026,0,Otega Oweh,Otega,otega-oweh,13.0,G,6-4,215.0,"JUN 21, 2003",23.0,R,Kentucky,1642923,Draft Rights Traded from MIA on 06/24/26,1,OKC,1610612760,2026-27
1610612760,2026,0,Bennett Stirtz,Bennett,bennett-stirtz,14.0,G,6-4,180.0,"OCT 03, 2003",22.0,R,Iowa,1642892,Draft Rights Traded from MEM on 06/23/26,0,OKC,1610612760,2026-27
1610612760,2026,0,Aday Mara,Aday,aday-mara,15.0,C,7-2,255.0,"APR 07, 2005",21.0,R,Michigan,1643530,#12 Pick in 2026 Draft,0,OKC,1610612760,2026-27
1610612760,2026,0,Cason Wallace,Cason,cason-wallace,22.0,G,6-3,195.0,"NOV 07, 2003",22.0,3,Kentucky,1641717,Draft Rights Traded from DAL on 07/06/23,0,OKC,1610612760,2026-27
1610612760,2026,0,Brooks Barnhizer,Brooks,brooks-barnhizer,23.0,G,6-5,230.0,"MAR 02, 2002",24.0,1,Northwestern,1642964,#44 Pick in 2025 Draft,1,OKC,1610612760,2026-27
1610612760,2026,0,Ajay Mitchell,Ajay,ajay-mitchell,25.0,G,6-4,190.0,"JUN 25, 2002",24.0,2,California-Santa Barbara,1642349,Draft Rights Traded from NYK on 06/27/24,0,OKC,1610612760,2026-27
1610612760,2026,0,Kenrich Williams,Kenrich,kenrich-williams,34.0,G-F,6-7,210.0,"DEC 02, 1994",31.0,8,TCU,1629026,Traded from NOP on 11/23/20,0,OKC,1610612760,2026-27
1610612760,2026,0,Nikola Topić,Nikola,nikola-topić,44.0,G,6-6,200.0,"AUG 10, 2005",20.0,1,Crvena zvezda,1642260,#12 Pick in 2024 Draft,0,OKC,1610612760,2026-27
1610612760,2026,0,Isaiah Hartenstein,Isaiah,isaiah-hartenstein,55.0,C-F,7-0,250.0,"MAY 05, 1998",28.0,8,Zalgiris,1628392,Signed on 07/06/24,0,OKC,1610612760,2026-27
1610612753,2026,0,Anthony Black,Anthony,anthony-black,0.0,G,6-7,200.0,"JAN 20, 2004",22.0,3,Arkansas,1641710,#6 Pick in 2023 Draft,0,ORL,1610612753,2026-27
1610612753,2026,0,Jonathan Isaac,Jonathan,jonathan-isaac,1.0,F,6-10,230.0,"OCT 03, 1997",28.0,9,Florida State,1628371,#6 Pick in 2017 Draft,0,ORL,1610612753,2026-27
1610612753,2026,0,Jevon Carter,Jevon,jevon-carter,2.0,G,6-0,190.0,"SEP 14, 1995",30.0,8,West Virginia,1628975,Signed on 02/06/26,0,ORL,1610612753,2026-27
1610612753,2026,0,Desmond Bane,Desmond,desmond-bane,3.0,G,6-6,215.0,"JUN 25, 1998",28.0,6,TCU,1630217,Traded from MEM on 06/15/25,0,ORL,1610612753,2026-27
1610612753,2026,0,Jalen Suggs,Jalen,jalen-suggs,4.0,G,6-5,205.0,"JUN 03, 2001",25.0,5,Gonzaga,1630591,#5 Pick in 2021 Draft,0,ORL,1610612753,2026-27
1610612753,2026,0,Paolo Banchero,Paolo,paolo-banchero,5.0,F,6-10,250.0,"NOV 12, 2002",23.0,4,Duke,1631094,#1 Pick in 2022 Draft,0,ORL,1610612753,2026-27
1610612753,2026,0,Jamal Cain,Jamal,jamal-cain,8.0,F,6-7,191.0,"MAR 20, 1999",27.0,4,Oakland,1631288,Signed on 07/25/25,0,ORL,1610612753,2026-27
1610612753,2026,0,Nikola Vučević,Nikola,nikola-vučević,9.0,C,6-9,265.0,"OCT 24, 1990",35.0,15,Southern California,202696,Signed on 07/01/26,0,ORL,1610612753,2026-27
1610612753,2026,0,Jase Richardson,Jase,jase-richardson,11.0,G,6-1,180.0,"OCT 16, 2005",20.0,1,Michigan State,1642859,#25 Pick in 2025 Draft,0,ORL,1610612753,2026-27
1610612753,2026,0,Colin Castleton,Colin,colin-castleton,14.0,C,6-10,250.0,"MAY 25, 2000",26.0,3,Florida,1630658,Signed on 08/22/25,1,ORL,1610612753,2026-27
1610612753,2026,0,Franz Wagner,Franz,franz-wagner,22.0,F,6-10,220.0,"AUG 27, 2001",24.0,5,Michigan,1630532,#8 Pick in 2021 Draft,0,ORL,1610612753,2026-27
1610612753,2026,0,Tristan da Silva,Tristan,tristan-da-silva,23.0,F,6-8,217.0,"MAY 15, 2001",25.0,2,Colorado,1641783,#18 Pick in 2024 Draft,0,ORL,1610612753,2026-27
1610612753,2026,0,Izaiyah Nelson,Izaiyah,izaiyah-nelson,25.0,F,6-10,218.0,"OCT 01, 2003",22.0,R,South Florida,1643593,Draft Rights Traded from WAS on 06/24/26,1,ORL,1610612753,2026-27
1610612753,2026,0,Alex Morales,Alex,alex-morales,30.0,G,6-6,210.0,"NOV 21, 1997",28.0,1,Wagner,1631457,Signed on 10/08/22,1,ORL,1610612753,2026-27
1610612753,2026,0,Wendell Carter Jr.,Wendell,wendell-carter-jr,34.0,C-F,6-10,270.0,"APR 16, 1999",27.0,8,Duke,1628976,Traded from CHI on 03/25/21,0,ORL,1610612753,2026-27
1610612753,2026,0,Goga Bitadze,Goga,goga-bitadze,35.0,C-F,6-11,250.0,"JUL 20, 1999",27.0,7,Mega Basket,1629048,Signed on 02/13/23,0,ORL,1610612753,2026-27
1610612753,2026,0,Noah Penda,Noah,noah-penda,93.0,G-F,6-7,215.0,"JAN 07, 2005",21.0,1,Le Mans Sarthe,1642869,Draft Rights Traded from BOS on 06/26/25,0,ORL,1610612753,2026-27
1610612755,2026,0,Duke Miles,Duke,duke-miles,,G,6-2,175.0,"FEB 03, 2002",24.0,R,Vanderbilt,1643575,Signed on 07/07/26,0,PHI,1610612755,2026-27
1610612755,2026,0,Labaron Philon,Labaron,labaron-philon,0.0,G,6-4,177.0,"NOV 24, 2005",20.0,R,Alabama,1642889,#22 Pick in 2026 Draft,0,PHI,1610612755,2026-27
1610612755,2026,0,Tyrese Maxey,Tyrese,tyrese-maxey,0.0,G,6-2,200.0,"NOV 04, 2000",25.0,6,Kentucky,1630178,#21 Pick in 2020 Draft,0,PHI,1610612755,2026-27
1610612755,2026,0,Caleb Love,Caleb,caleb-love,2.0,G,6-3,212.0,"SEP 27, 2001",24.0,1,Arizona,1631126,Signed on 07/05/26,1,PHI,1610612755,2026-27
1610612755,2026,0,Kyle Lowry,Kyle,kyle-lowry,7.0,G,6-0,196.0,"MAR 25, 1986",40.0,20,Villanova,200768,Signed on 02/13/24,0,PHI,1610612755,2026-27
1610612755,2026,0,Jaylen Brown,Jaylen,jaylen-brown,7.0,G-F,6-6,223.0,"OCT 24, 1996",29.0,10,California,1627759,Traded from BOS on 07/06/26,0,PHI,1610612755,2026-27
1610612755,2026,0,Justin Edwards,Justin,justin-edwards,11.0,F,6-7,217.0,"DEC 16, 2003",22.0,2,Kentucky,1642348,Signed on 07/04/24,0,PHI,1610612755,2026-27
1610612755,2026,0,Trendon Watford,Trendon,trendon-watford,12.0,G-F,6-8,245.0,"NOV 09, 2000",25.0,5,Louisiana State,1630570,Signed on 07/02/25,0,PHI,1610612755,2026-27
1610612755,2026,0,MarJon Beauchamp,MarJon,marjon-beauchamp,16.0,F,6-7,199.0,"OCT 12, 2000",25.0,4,NBA G League Ignite,1630699,Signed on 10/14/25,0,PHI,1610612755,2026-27
1610612755,2026,0,Joel Embiid,Joel,joel-embiid,21.0,C-F,7-0,270.0,"MAR 16, 1994",32.0,10,Kansas,203954,#3 Pick in 2014 Draft,0,PHI,1610612755,2026-27
1610612755,2026,0,Rayan Rupert,Rayan,rayan-rupert,21.0,G-F,6-7,205.0,"MAY 31, 2004",22.0,3,New Zealand Breakers,1641712,Signed on 07/08/26,1,PHI,1610612755,2026-27
1610612755,2026,0,Anfernee Simons,Anfernee,anfernee-simons,22.0,G,6-3,200.0,"JUN 08, 1999",27.0,8,Edgewater HS (FL),1629014,Signed on 07/06/26,0,PHI,1610612755,2026-27
1610612755,2026,0,LeBron James,LeBron,lebron-james,23.0,F,6-9,250.0,"DEC 30, 1984",41.0,23,St. Vincent-St. Mary HS (OH),2544,Signed on 07/26/26,0,PHI,1610612755,2026-27
1610612755,2026,0,Tyrese Martin,Tyrese,tyrese-martin,23.0,F,6-6,215.0,"MAR 07, 1999",27.0,3,Connecticut,1631213,Signed on 02/19/26,0,PHI,1610612755,2026-27
1610612755,2026,0,Dominick Barlow,Dominick,dominick-barlow,25.0,F,6-9,224.0,"MAY 26, 2003",23.0,4,Overtime Elite,1631230,Signed on 07/09/25,0,PHI,1610612755,2026-27
1610612755,2026,0,Adem Bona,Adem,adem-bona,30.0,F,6-10,235.0,"MAR 28, 2003",23.0,2,UCLA,1641737,#41 Pick in 2024 Draft,0,PHI,1610612755,2026-27
1610612755,2026,0,Dean Wade,Dean,dean-wade,32.0,F-C,6-9,228.0,"NOV 20, 1996",29.0,7,Kansas State,1629731,Signed on 07/06/26,0,PHI,1610612755,2026-27
1610612755,2026,0,Jabari Walker,Jabari,jabari-walker,33.0,F,6-7,237.0,"JUL 30, 2002",24.0,4,Colorado,1631133,Signed on 07/05/25,0,PHI,1610612755,2026-27
1610612755,2026,0,Ariel Hukporti,Ariel,ariel-hukporti,55.0,C,7-0,246.0,"APR 12, 2002",24.0,2,Riesen Ludwigsburg,1630574,Signed on 07/06/26,0,PHI,1610612755,2026-27
1610612755,2026,0,VJ Edgecombe,VJ,vj-edgecombe,77.0,G,6-4,190.0,"JUL 30, 2005",21.0,1,Baylor,1642845,#3 Pick in 2025 Draft,0,PHI,1610612755,2026-27
1610612756,2026,0,Miles Bridges,Miles,miles-bridges,0.0,F,6-7,225.0,"MAR 21, 1998",28.0,7,Michigan State,1628970,Traded from CHA on 07/13/26,0,PHX,1610612756,2026-27
1610612756,2026,0,Ryan Dunn,Ryan,ryan-dunn,0.0,F,6-7,216.0,"JAN 07, 2003",23.0,2,Virginia,1642346,Draft Rights Traded from DEN on 06/26/24,0,PHX,1610612756,2026-27
1610612756,2026,0,Amir Coffey,Amir,amir-coffey,2.0,G-F,6-7,210.0,"JUN 17, 1997",29.0,7,Minnesota,1629599,Traded from MIL on 02/05/26,0,PHX,1610612756,2026-27
1610612756,2026,0,Dillon Brooks,Dillon,dillon-brooks,3.0,G-F,6-7,225.0,"JAN 22, 1996",30.0,9,Oregon,1628415,Traded from HOU on 07/06/25,0,PHX,1610612756,2026-27
1610612756,2026,0,Jalen Green,Jalen,jalen-green,4.0,G,6-4,186.0,"FEB 09, 2002",24.0,5,NBA G League Ignite,1630224,Traded from HOU on 07/06/25,0,PHX,1610612756,2026-27
1610612756,2026,0,Haywood Highsmith,Haywood,haywood-highsmith,7.0,F,6-5,220.0,"DEC 09, 1996",29.0,6,Wheeling Jesuit,1629312,Signed on 02/18/26,0,PHX,1610612756,2026-27
1610612756,2026,0,Luke Kennard,Luke,luke-kennard,10.0,G,6-5,206.0,"JUN 24, 1996",30.0,9,Duke,1628379,Signed on 07/14/26,0,PHX,1610612756,2026-27
1610612756,2026,0,Khaman Maluach,Khaman,khaman-maluach,10.0,C,7-1,250.0,"SEP 14, 2006",19.0,1,Duke,1642863,Draft Rights Traded from HOU on 07/06/25,0,PHX,1610612756,2026-27
1610612756,2026,0,Oso Ighodaro,Oso,oso-ighodaro,11.0,F,6-11,235.0,"JUL 14, 2002",24.0,2,Marquette,1642345,Draft Rights Traded from NYK on 06/27/24,0,PHX,1610612756,2026-27
1610612756,2026,0,Collin Gillespie,Collin,collin-gillespie,12.0,G,6-1,195.0,"JUN 25, 1999",27.0,3,Villanova,1631221,Signed on 07/02/24,0,PHX,1610612756,2026-27
1610612756,2026,0,Koby Brea,Koby,koby-brea,14.0,G,6-5,215.0,"NOV 06, 2002",23.0,1,Kentucky,1642886,Draft Rights Traded from GSW on 07/06/25,1,PHX,1610612756,2026-27
1610612756,2026,0,Mark Williams,Mark,mark-williams,15.0,C,7-1,240.0,"DEC 16, 2001",24.0,4,Duke,1631109,Traded from CHA on 06/30/25,0,PHX,1610612756,2026-27
1610612756,2026,0,Devin Booker,Devin,devin-booker,15.0,G,6-5,206.0,"OCT 30, 1996",29.0,11,Kentucky,1626164,#13 Pick in 2015 Draft,0,PHX,1610612756,2026-27
1610612756,2026,0,Jamaree Bouyea,Jamaree,jamaree-bouyea,17.0,G,6-2,180.0,"JUN 27, 1999",27.0,4,San Francisco,1631123,Signed on 11/18/25,0,PHX,1610612756,2026-27
1610612756,2026,0,Isaiah Livers,Isaiah,isaiah-livers,18.0,F,6-6,232.0,"JUL 28, 1998",28.0,4,Michigan,1630587,Signed on 07/08/25,0,PHX,1610612756,2026-27
1610612756,2026,0,Koa Peat,Koa,koa-peat,18.0,F,6-8,235.0,"JAN 20, 2007",19.0,R,Arizona,1643520,Draft Rights Traded from DAL on 06/24/26,0,PHX,1610612756,2026-27
1610612756,2026,0,Rasheer Fleming,Rasheer,rasheer-fleming,20.0,F,6-9,240.0,"JUL 10, 2004",22.0,1,St. Joseph's (PA),1642853,Draft Rights Traded from MIN on 07/06/25,0,PHX,1610612756,2026-27
1610612756,2026,0,CJ Huntley,CJ,cj-huntley,22.0,F,6-11,230.0,"JAN 06, 2002",24.0,1,Appalachian State,1643047,Signed on 07/03/25,1,PHX,1610612756,2026-27
1610612756,2026,0,Jordan Goodwin,Jordan,jordan-goodwin,23.0,G,6-3,215.0,"OCT 23, 1998",27.0,5,St. Louis,1630692,Awarded on Waivers on 07/23/25,0,PHX,1610612756,2026-27
1610612756,2026,0,Pat Spencer,Pat,pat-spencer,61.0,G,6-2,205.0,"JUL 04, 1996",30.0,3,Northwestern,1630311,Signed on 07/03/26,1,PHX,1610612756,2026-27
1610612757,2026,0,Jayson Kent,Jayson,jayson-kent,,F,6-8,215.0,"FEB 03, 2002",24.0,1,Texas,1643257,Signed on 03/03/26,1,POR,1610612757,2026-27
1610612757,2026,0,Damian Lillard,Damian,damian-lillard,0.0,G,6-2,200.0,"JUL 15, 1990",36.0,13,Weber State,203081,Signed on 07/19/25,0,POR,1610612757,2026-27
1610612757,2026,0,Scoot Henderson,Scoot,scoot-henderson,0.0,G,6-3,207.0,"FEB 03, 2004",22.0,3,NBA G League Ignite,1630703,#3 Pick in 2023 Draft,0,POR,1610612757,2026-27
1610612757,2026,0,Blake Wesley,Blake,blake-wesley,1.0,G,6-4,190.0,"MAR 16, 2003",23.0,4,Notre Dame,1631104,Signed on 07/21/25,0,POR,1610612757,2026-27
1610612757,2026,0,Chris Youngblood,Chris,chris-youngblood,3.0,G,6-4,,"FEB 09, 2002",24.0,1,Alabama,1642959,Signed on 03/03/26,1,POR,1610612757,2026-27
1610612757,2026,0,Jrue Holiday,Jrue,jrue-holiday,5.0,G,6-4,220.0,"JUN 12, 1990",36.0,17,UCLA,201950,Traded from BOS on 07/07/25,0,POR,1610612757,2026-27
1610612757,2026,0,Deni Avdija,Deni,deni-avdija,8.0,F,6-8,228.0,"JAN 03, 2001",25.0,6,Maccabi Tel Aviv,1630166,Traded from WAS on 07/06/24,0,POR,1610612757,2026-27
1610612757,2026,0,John Tonje,John,john-tonje,8.0,G,6-4,218.0,"APR 23, 2001",25.0,1,Wisconsin,1642910,Signed on 07/24/26,1,POR,1610612757,2026-27
1610612757,2026,0,Micah Potter,Micah,micah-potter,11.0,C,6-9,248.0,"APR 06, 1998",28.0,5,Wisconsin,1630695,Awarded on Waivers on 07/10/26,0,POR,1610612757,2026-27
1610612757,2026,0,Ja Morant,Ja,ja-morant,12.0,G,6-2,174.0,"AUG 10, 1999",26.0,7,Murray State,1629630,Traded from MEM on 06/29/26,0,POR,1610612757,2026-27
1610612757,2026,0,Branden Carlson,Branden,branden-carlson,15.0,C,7-0,220.0,"JUN 14, 1999",27.0,2,Utah,1642382,Signed on 07/01/26,0,POR,1610612757,2026-27
1610612757,2026,0,Yang Hansen,Hansen,hansen-yang,16.0,C,7-1,270.0,"JUN 26, 2005",21.0,1,Zibo,1642905,Draft Rights Traded from MEM on 06/25/25,0,POR,1610612757,2026-27
1610612757,2026,0,Shaedon Sharpe,Shaedon,shaedon-sharpe,17.0,G,6-5,210.0,"MAY 30, 2003",23.0,4,Kentucky,1631101,#7 Pick in 2022 Draft,0,POR,1610612757,2026-27
1610612757,2026,0,Jeremy Sochan,Jeremy,jeremy-sochan,20.0,F,6-8,230.0,"MAY 20, 2003",23.0,4,Baylor,1631110,Signed on 08/02/26,0,POR,1610612757,2026-27
1610612757,2026,0,Donovan Clingan,Donovan,donovan-clingan,23.0,C,7-2,280.0,"FEB 23, 2004",22.0,2,Connecticut,1642270,#7 Pick in 2024 Draft,0,POR,1610612757,2026-27
1610612757,2026,0,Vít Krejčí,Vít,vít-krejčí,27.0,G,6-8,195.0,"JUN 19, 2000",26.0,5,Zaragoza,1630249,Traded from ATL on 02/01/26,0,POR,1610612757,2026-27
1610612757,2026,0,Toumani Camara,Toumani,toumani-camara,33.0,F,6-7,230.0,"MAY 08, 2000",26.0,3,Dayton,1641739,Traded from PHX on 09/27/23,0,POR,1610612757,2026-27
1610612757,2026,0,Robert Williams III,Robert,robert-williams-iii,35.0,C-F,6-9,249.0,"OCT 17, 1997",28.0,8,Texas A&M,1629057,Traded from BOS on 10/01/23,0,POR,1610612757,2026-27
1610612757,2026,0,Sidy Cissoko,Sidy,sidy-cissoko,91.0,G,6-6,220.0,"APR 02, 2004",22.0,3,NBA G League Ignite,1631321,Signed on 02/08/25,0,POR,1610612757,2026-27
1610612758,2026,0,Malik Monk,Malik,malik-monk,0.0,G,6-3,200.0,"FEB 04, 1998",28.0,9,Kentucky,1628370,Signed on 07/06/22,0,SAC,1610612758,2026-27
1610612758,2026,0,Nique Clifford,Nique,nique-clifford,0.0,G,6-5,175.0,"FEB 09, 2002",24.0,1,Colorado State,1642363,Draft Rights Traded from OKC on 06/25/25,0,SAC,1610612758,2026-27
1610612758,2026,0,Jonathan Mogbo,Jonathan,jonathan-mogbo,2.0,F,6-9,225.0,"OCT 29, 2001",24.0,2,San Francisco,1642367,Signed on 07/02/26,1,SAC,1610612758,2026-27
1610612758,2026,0,Darius Acuff Jr.,Darius,darius-acuff-jr,5.0,G,6-2,190.0,"NOV 16, 2006",19.0,R,Arkansas,1643411,#7 Pick in 2026 Draft,0,SAC,1610612758,2026-27
1610612758,2026,0,Doug McDermott,Doug,doug-mcdermott,7.0,F,6-7,225.0,"JAN 03, 1992",34.0,12,Creighton,203926,Signed on 10/16/24,0,SAC,1610612758,2026-27
1610612758,2026,0,Killian Hayes,Killian,killian-hayes,7.0,G,6-4,195.0,"JUL 27, 2001",25.0,6,Ratiopharm Ulm,1630165,Signed on 02/23/26,0,SAC,1610612758,2026-27
1610612758,2026,0,Zach LaVine,Zach,zach-lavine,8.0,G,6-5,200.0,"MAR 10, 1995",31.0,12,UCLA,203897,Traded from CHI on 02/03/25,0,SAC,1610612758,2026-27
1610612758,2026,0,Precious Achiuwa,Precious,precious-achiuwa,9.0,F,6-8,243.0,"SEP 19, 1999",26.0,6,Memphis,1630173,Signed on 11/04/25,0,SAC,1610612758,2026-27
1610612758,2026,0,Domantas Sabonis,Domantas,domantas-sabonis,11.0,F-C,6-10,240.0,"MAY 03, 1996",30.0,10,Gonzaga,1627734,Traded from IND on 02/08/22,0,SAC,1610612758,2026-27
1610612758,2026,0,Keegan Murray,Keegan,keegan-murray,13.0,F,6-8,225.0,"AUG 19, 2000",25.0,4,Iowa,1631099,#4 Pick in 2022 Draft,0,SAC,1610612758,2026-27
1610612758,2026,0,Adam Flagler,Adam,adam-flagler,14.0,G,6-1,180.0,"DEC 01, 1999",26.0,2,Baylor,1641745,Signed on 07/01/26,1,SAC,1610612758,2026-27
1610612758,2026,0,De'Andre Hunter,De'Andre,deandre-hunter,15.0,F-G,6-7,221.0,"DEC 02, 1997",28.0,7,Virginia,1629631,Traded from CLE on 02/01/26,0,SAC,1610612758,2026-27
1610612758,2026,0,Russell Westbrook,Russell,russell-westbrook,18.0,G,6-4,200.0,"NOV 12, 1988",37.0,18,UCLA,201566,Signed on 10/16/25,0,SAC,1610612758,2026-27
1610612758,2026,0,Drew Eubanks,Drew,drew-eubanks,19.0,F-C,6-10,245.0,"FEB 01, 1997",29.0,8,Oregon State,1629234,Signed on 07/08/25,0,SAC,1610612758,2026-27
1610612758,2026,0,Patrick Baldwin Jr.,Patrick,patrick-baldwin-jr,23.0,F,7-0,220.0,"NOV 18, 2002",23.0,4,Wisconsin-Milwaukee,1631116,Signed on 02/22/26,0,SAC,1610612758,2026-27
1610612758,2026,0,Daeqwon Plowden,Daeqwon,daeqwon-plowden,29.0,G-F,6-4,216.0,"AUG 29, 1998",27.0,2,Bowling Green,1631342,Signed on 07/30/25,0,SAC,1610612758,2026-27
1610612758,2026,0,Dylan Cardwell,Dylan,dylan-cardwell,32.0,C,6-10,255.0,"DEC 16, 2001",24.0,1,Auburn,1642928,Signed on 07/02/25,0,SAC,1610612758,2026-27
1610612758,2026,0,Alex Karaban,Alex,alex-karaban,33.0,F,6-8,220.0,"NOV 11, 2002",23.0,R,Connecticut,1642284,Draft Rights Traded from CLE on 06/24/26,0,SAC,1610612758,2026-27
1610612758,2026,0,Emanuel Sharp,Emanuel,emanuel-sharp,34.0,G,6-3,210.0,"MAR 07, 2004",22.0,R,Houston,1643567,#45 Pick in 2026 Draft,0,SAC,1610612758,2026-27
1610612758,2026,0,Maxime Raynaud,Maxime,maxime-raynaud,42.0,C,7-1,250.0,"APR 07, 2003",23.0,1,Stanford,1642875,#42 Pick in 2025 Draft,0,SAC,1610612758,2026-27
1610612759,2026,0,Ja'Kobi Gillespie,Ja'Kobi,jakobi-gillespie,,G,6-1,186.0,"MAR 10, 2004",22.0,R,Tennessee,1643551,#42 Pick in 2026 Draft,1,SAS,1610612759,2026-27
1610612759,2026,0,Maliq Brown,Maliq,maliq-brown,,F,6-9,225.0,"NOV 16, 2003",22.0,R,Duke,1643576,#44 Pick in 2026 Draft,1,SAS,1610612759,2026-27
1610612759,2026,0,Jordan McLaughlin,Jordan,jordan-mclaughlin,0.0,G,5-11,185.0,"APR 09, 1996",30.0,7,Southern California,1629162,Traded from SAC on 02/03/25,0,SAS,1610612759,2026-27
1610612759,2026,0,Victor Wembanyama,Victor,victor-wembanyama,1.0,F-C,7-4,235.0,"JAN 04, 2004",22.0,3,Metropolitans 92,1641705,#1 Pick in 2023 Draft,0,SAS,1610612759,2026-27
1610612759,2026,0,Dylan Harper,Dylan,dylan-harper,2.0,G,6-5,215.0,"MAR 02, 2006",20.0,1,Rutgers,1642844,#2 Pick in 2025 Draft,0,SAS,1610612759,2026-27
1610612759,2026,0,Keldon Johnson,Keldon,keldon-johnson,3.0,F-G,6-6,220.0,"OCT 11, 1999",26.0,7,Kentucky,1629640,#29 Pick in 2019 Draft,0,SAS,1610612759,2026-27
1610612759,2026,0,De'Aaron Fox,De'Aaron,deaaron-fox,4.0,G,6-3,185.0,"DEC 20, 1997",28.0,9,Kentucky,1628368,Traded from SAC on 02/03/25,0,SAS,1610612759,2026-27
1610612759,2026,0,Stephon Castle,Stephon,stephon-castle,5.0,G,6-6,215.0,"NOV 01, 2004",21.0,2,Connecticut,1642264,#4 Pick in 2024 Draft,0,SAS,1610612759,2026-27
1610612759,2026,0,Luke Kornet,Luke,luke-kornet,7.0,C-F,7-1,250.0,"JUL 15, 1995",31.0,9,Vanderbilt,1628436,Signed on 07/07/25,0,SAS,1610612759,2026-27
1610612759,2026,0,Kelly Olynyk,Kelly,kelly-olynyk,8.0,F-C,7-0,240.0,"APR 19, 1991",35.0,13,Gonzaga,203482,Traded from WAS on 07/09/25,0,SAS,1610612759,2026-27
1610612759,2026,0,Tarris Reed Jr.,Tarris,tarris-reed-jr,10.0,C,6-11,265.0,"AUG 05, 2003",23.0,R,Connecticut,1643542,Draft Rights Traded from DEN on 06/23/26,0,SAS,1610612759,2026-27
1610612759,2026,0,Carter Bryant,Carter,carter-bryant,11.0,F,6-6,220.0,"NOV 26, 2005",20.0,1,Arizona,1642868,#14 Pick in 2025 Draft,0,SAS,1610612759,2026-27
1610612759,2026,0,Tobias Harris,Tobias,tobias-harris,12.0,F,6-8,226.0,"JUL 15, 1992",34.0,15,Tennessee,202699,Signed on 07/06/26,0,SAS,1610612759,2026-27
1610612759,2026,0,Bismack Biyombo,Bismack,bismack-biyombo,18.0,C,6-8,255.0,"AUG 28, 1992",33.0,15,Baloncesto Fuenlabrada,202687,Signed on 02/09/25,0,SAS,1610612759,2026-27
1610612759,2026,0,Jayden Quaintance,Jayden,jayden-quaintance,22.0,F,6-10,255.0,"JUL 11, 2007",19.0,R,Kentucky,1643519,#20 Pick in 2026 Draft,0,SAS,1610612759,2026-27
1610612759,2026,0,Devin Vassell,Devin,devin-vassell,24.0,G-F,6-5,200.0,"AUG 23, 2000",25.0,6,Florida State,1630170,#11 Pick in 2020 Draft,0,SAS,1610612759,2026-27
1610612759,2026,0,David Jones Garcia,David,david-jones-garcia,25.0,G,6-4,210.0,"NOV 24, 2001",24.0,1,Memphis,1642357,Signed on 07/23/25,1,SAS,1610612759,2026-27
1610612759,2026,0,Julian Champagnie,Julian,julian-champagnie,30.0,F,6-7,217.0,"JUN 29, 2001",25.0,4,St. John's,1630577,,0,SAS,1610612759,2026-27
1610612759,2026,0,Harrison Barnes,Harrison,harrison-barnes,40.0,F,6-7,225.0,"MAY 30, 1992",34.0,14,North Carolina,203084,Traded from SAC on 07/08/24,0,SAS,1610612759,2026-27
1610612759,2026,0,Lindy Waters III,Lindy,lindy-waters-iii,43.0,F,6-5,210.0,"JUL 28, 1997",29.0,5,Oklahoma State,1630322,Signed on 07/24/25,0,SAS,1610612759,2026-27
1610612759,2026,0,Mason Plumlee,Mason,mason-plumlee,45.0,F-C,7-0,254.0,"MAR 05, 1990",36.0,13,Duke,203486,Signed on 02/17/26,0,SAS,1610612759,2026-27
1610612761,2026,0,Nate Bittle,Nate,nate-bittle,,C,7-0,215.0,"JUN 03, 2003",23.0,R,Oregon,1642927,Signed on 07/09/26,0,TOR,1610612761,2026-27
1610612761,2026,0,Jaden Bradley,Jaden,jaden-bradley,,G,6-3,200.0,"SEP 14, 2003",22.0,R,Arizona,1643558,#50 Pick in 2026 Draft,1,TOR,1610612761,2026-27
1610612761,2026,0,A.J. Lawson,A.J.,aj-lawson,0.0,G,6-6,179.0,"JUL 15, 2000",26.0,4,South Carolina,1630639,Signed on 12/11/24,0,TOR,1610612761,2026-27
1610612761,2026,0,Gradey Dick,Gradey,gradey-dick,1.0,G-F,6-7,200.0,"NOV 20, 2003",22.0,3,Kansas,1641711,#13 Pick in 2023 Draft,0,TOR,1610612761,2026-27
1610612761,2026,0,Brandon Ingram,Brandon,brandon-ingram,3.0,F,6-8,190.0,"SEP 02, 1997",28.0,10,Duke,1627742,Traded from NOP on 02/06/25,0,TOR,1610612761,2026-27
1610612761,2026,0,Scottie Barnes,Scottie,scottie-barnes,4.0,F-G,6-8,237.0,"AUG 01, 2001",25.0,5,Florida State,1630567,#4 Pick in 2021 Draft,0,TOR,1610612761,2026-27
1610612761,2026,0,Immanuel Quickley,Immanuel,immanuel-quickley,5.0,G,6-2,190.0,"JUN 17, 1999",27.0,6,Kentucky,1630193,Traded from NYK on 12/30/23,0,TOR,1610612761,2026-27
1610612761,2026,0,RJ Barrett,RJ,rj-barrett,9.0,F-G,6-6,214.0,"JUN 14, 2000",26.0,7,Duke,1629628,Traded from NYK on 12/30/23,0,TOR,1610612761,2026-27
1610612761,2026,0,Kyle Anderson,Kyle,kyle-anderson,12.0,F-G,6-8,230.0,"SEP 20, 1993",32.0,12,UCLA,203937,Signed on 07/06/26,0,TOR,1610612761,2026-27
1610612761,2026,0,Ja'Kobe Walter,Ja'Kobe,jakobe-walter,14.0,G,6-4,180.0,"SEP 04, 2004",21.0,2,Baylor,1642266,#19 Pick in 2024 Draft,0,TOR,1610612761,2026-27
1610612761,2026,0,Jakob Poeltl,Jakob,jakob-poeltl,19.0,C,7-0,253.0,"OCT 15, 1995",30.0,10,Utah,1627751,Traded from SAS on 02/09/23,0,TOR,1610612761,2026-27
1610612761,2026,0,Allen Graves,Allen,allen-graves,22.0,F,6-9,225.0,"JUL 28, 2006",20.0,R,Santa Clara,1643512,#19 Pick in 2026 Draft,0,TOR,1610612761,2026-27
1610612761,2026,0,Jamal Shead,Jamal,jamal-shead,23.0,G,6-1,200.0,"JUL 24, 2002",24.0,2,Houston,1642347,Draft Rights Traded from SAC on 06/28/24,0,TOR,1610612761,2026-27
1610612761,2026,0,Chucky Hepburn,Chucky,chucky-hepburn,24.0,G,6-0,190.0,"FEB 09, 2003",23.0,1,Louisville,1642935,Signed on 07/01/25,1,TOR,1610612761,2026-27
1610612761,2026,0,Collin Murray-Boyles,Collin,collin-murray-boyles,30.0,F,6-7,245.0,"JUN 10, 2005",21.0,1,South Carolina,1642867,#9 Pick in 2025 Draft,0,TOR,1610612761,2026-27
1610612761,2026,0,Trayce Jackson-Davis,Trayce,trayce-jackson-davis,32.0,F,6-9,245.0,"FEB 22, 2000",26.0,3,Indiana,1631218,Traded from GSW on 02/05/26,0,TOR,1610612761,2026-27
1610612761,2026,0,Andre Jackson Jr.,Andre,andre-jackson-jr,44.0,G,6-6,209.0,"NOV 13, 2001",24.0,3,Connecticut,1641748,Signed on 08/04/26,0,TOR,1610612761,2026-27
1610612761,2026,0,Trey Jemison III,Trey,trey-jemison-iii,50.0,C,6-10,270.0,"NOV 28, 1999",26.0,3,Alabama-Birmingham,1641998,Signed on 08/04/26,1,TOR,1610612761,2026-27
1610612761,2026,0,Alijah Martin,Alijah,alijah-martin,55.0,G,6-2,210.0,"DEC 26, 2001",24.0,1,Florida,1642918,#39 Pick in 2025 Draft,0,TOR,1610612761,2026-27
1610612761,2026,0,Jamison Battle,Jamison,jamison-battle,77.0,F,6-7,220.0,"MAY 10, 2001",25.0,2,Ohio State,1642419,Signed on 07/16/24,0,TOR,1610612761,2026-27
1610612762,2026,0,Hayden Gray,Hayden,hayden-gray,,G,6-4,190.0,"MAY 11, 2003",23.0,1,California-San Diego,1643060,Signed on 04/11/26,0,UTA,1610612762,2026-27
1610612762,2026,0,Kyle Filipowski,Kyle,kyle-filipowski,2.0,C,6-11,250.0,"NOV 07, 2003",22.0,2,Duke,1642271,#32 Pick in 2024 Draft,0,UTA,1610612762,2026-27
1610612762,2026,0,Blake Hinson,Blake,blake-hinson,2.0,F,6-8,230.0,"DEC 26, 1999",26.0,1,Pittsburgh,1642396,Signed on 02/09/26,1,UTA,1610612762,2026-27
1610612762,2026,0,Keyonte George,Keyonte,keyonte-george,3.0,G,6-4,185.0,"NOV 08, 2003",22.0,3,Baylor,1641718,#16 Pick in 2023 Draft,0,UTA,1610612762,2026-27
1610612762,2026,0,Cody Williams,Cody,cody-williams,5.0,F,6-8,190.0,"NOV 20, 2004",21.0,2,Colorado,1642262,#10 Pick in 2024 Draft,0,UTA,1610612762,2026-27
1610612762,2026,0,Tamar Bates,Tamar,tamar-bates,7.0,G,6-4,195.0,"FEB 21, 2003",23.0,R,Missouri,1642926,Signed on 07/03/26,1,UTA,1610612762,2026-27
1610612762,2026,0,Isaiah Collier,Isaiah,isaiah-collier,8.0,G,6-4,210.0,"OCT 08, 2004",21.0,2,Southern California,1642268,#29 Pick in 2024 Draft,0,UTA,1610612762,2026-27
1610612762,2026,0,Svi Mykhailiuk,Svi,svi-mykhailiuk,10.0,G-F,6-7,205.0,"JUN 10, 1997",29.0,8,Kansas,1629004,Signed on 08/10/24,0,UTA,1610612762,2026-27
1610612762,2026,0,Jaxson Hayes,Jaxson,jaxson-hayes,11.0,C-F,7-0,220.0,"MAY 23, 2000",26.0,7,Texas,1629637,Signed on 07/09/26,0,UTA,1610612762,2026-27
1610612762,2026,0,Mo Bamba,Mo,mo-bamba,11.0,C,7-0,231.0,"MAY 12, 1998",28.0,8,Texas,1628964,Signed on 02/26/26,0,UTA,1610612762,2026-27
1610612762,2026,0,Ace Bailey,Ace,ace-bailey,19.0,F,6-9,200.0,"AUG 13, 2006",19.0,1,Rutgers,1642846,#5 Pick in 2025 Draft,0,UTA,1610612762,2026-27
1610612762,2026,0,Jaren Jackson Jr.,Jaren,jaren-jackson-jr,20.0,F-C,6-10,242.0,"SEP 15, 1999",26.0,8,Michigan State,1628991,Traded from MEM on 02/03/26,0,UTA,1610612762,2026-27
1610612762,2026,0,Josh Okogie,Josh,josh-okogie,20.0,G,6-4,213.0,"SEP 01, 1998",27.0,8,Georgia Tech,1629006,Signed on 07/09/26,0,UTA,1610612762,2026-27
1610612762,2026,0,Bez Mbeng,Bez,bez-mbeng,21.0,G,6-4,185.0,"MAY 02, 2003",23.0,1,Yale,1643016,Signed on 03/13/26,0,UTA,1610612762,2026-27
1610612762,2026,0,Darryn Peterson,Darryn,darryn-peterson,22.0,G,6-6,205.0,"JAN 17, 2007",19.0,R,Kansas,1643408,#2 Pick in 2026 Draft,0,UTA,1610612762,2026-27
1610612762,2026,0,Lauri Markkanen,Lauri,lauri-markkanen,23.0,F-C,7-1,240.0,"MAY 22, 1997",29.0,9,Arizona,1628374,Traded from CLE on 09/03/22,0,UTA,1610612762,2026-27
1610612762,2026,0,Trey Alexander,Trey,trey-alexander,23.0,G,6-5,185.0,"MAY 02, 2003",23.0,2,Creighton,1641725,Signed on 07/07/26,1,UTA,1610612762,2026-27
1610612762,2026,0,Brice Sensabaugh,Brice,brice-sensabaugh,28.0,F,6-6,235.0,"OCT 30, 2003",22.0,3,Ohio State,1641729,#28 Pick in 2023 Draft,0,UTA,1610612762,2026-27
1610612762,2026,0,Jusuf Nurkić,Jusuf,jusuf-nurkić,30.0,C,6-11,290.0,"AUG 23, 1994",31.0,12,Cedevita,203994,Traded from CHA on 06/29/25,0,UTA,1610612762,2026-27
1610612762,2026,0,Kevin Love,Kevin,kevin-love,42.0,F-C,6-10,251.0,"SEP 07, 1988",37.0,18,UCLA,201567,Traded from MIA on 07/07/25,0,UTA,1610612762,2026-27
1610612762,2026,0,John Konchar,John,john-konchar,55.0,G,6-5,210.0,"MAR 22, 1996",30.0,7,Indiana-Purdue Fort Wayne,1629723,Traded from MEM on 02/03/26,0,UTA,1610612762,2026-27
1610612762,2026,0,Harrison Ingram,Harrison,harrison-ingram,55.0,F,6-5,230.0,"NOV 27, 2002",23.0,2,North Carolina,1631127,Signed on 07/25/26,0,UTA,1610612762,2026-27
1610612764,2026,0,Julian Reese,Julian,julian-reese,,F,6-9,230.0,"JUN 30, 2003",23.0,1,Maryland,1642882,Signed on 02/28/26,1,WAS,1610612764,2026-27
1610612764,2026,0,Felix Okpara,Felix,felix-okpara,,C,6-11,235.0,"APR 20, 2004",22.0,R,Tennessee,1643590,Draft Rights Traded from ORL on 06/24/26,1,WAS,1610612764,2026-27
1610612764,2026,0,Bilal Coulibaly,Bilal,bilal-coulibaly,0.0,G,6-7,195.0,"JUL 26, 2004",22.0,3,Metropolitans 92,1641731,Draft Rights Traded from IND on 06/23/23,0,WAS,1610612764,2026-27
1610612764,2026,0,Tristan Vukcevic,Tristan,tristan-vukcevic,0.0,F,7-0,220.0,"MAR 11, 2003",23.0,3,Real Madrid,1641774,#42 Pick in 2023 Draft,0,WAS,1610612764,2026-27
1610612764,2026,0,Cam Whitmore,Cam,cam-whitmore,1.0,F,6-6,230.0,"JUL 08, 2004",22.0,3,Villanova,1641715,Traded from HOU on 07/06/25,0,WAS,1610612764,2026-27
1610612764,2026,0,Trae Young,Trae,trae-young,3.0,G,6-2,164.0,"SEP 19, 1998",27.0,8,Oklahoma,1629027,Traded from ATL on 01/09/26,0,WAS,1610612764,2026-27
1610612764,2026,0,AJ Dybantsa,AJ,aj-dybantsa,4.0,F,6-9,210.0,"JAN 29, 2007",19.0,R,Brigham Young,1643407,#1 Pick in 2026 Draft,0,WAS,1610612764,2026-27
1610612764,2026,0,Jamir Watkins,Jamir,jamir-watkins,5.0,F,6-6,210.0,"JUL 06, 2001",25.0,1,Florida State,1642364,#43 Pick in 2025 Draft,1,WAS,1610612764,2026-27
1610612764,2026,0,Deandre Ayton,Deandre,deandre-ayton,5.0,C,7-0,252.0,"JUL 23, 1998",28.0,8,Arizona,1629028,Traded from LAL on 07/07/26,0,WAS,1610612764,2026-27
1610612764,2026,0,Bub Carrington,Bub,bub-carrington,7.0,G,6-4,190.0,"JUL 21, 2005",21.0,2,Pittsburgh,1642267,Draft Rights Traded from POR on 07/06/24,0,WAS,1610612764,2026-27
1610612764,2026,0,Justin Champagnie,Justin,justin-champagnie,9.0,G-F,6-6,206.0,"JUN 29, 2001",25.0,5,Pittsburgh,1630551,Signed on 02/22/24,0,WAS,1610612764,2026-27
1610612764,2026,0,Tre Johnson,Tre,tre-johnson,12.0,G,6-5,190.0,"MAR 07, 2006",20.0,1,Texas,1642848,#6 Pick in 2025 Draft,0,WAS,1610612764,2026-27
1610612764,2026,0,Sharife Cooper,Sharife,sharife-cooper,13.0,G,6-0,176.0,"JUN 11, 2001",25.0,2,Auburn,1630536,Signed on 09/19/25,0,WAS,1610612764,2026-27
1610612764,2026,0,Anthony Gill,Anthony,anthony-gill,16.0,F,6-7,230.0,"OCT 17, 1992",33.0,6,Virginia,1630264,Signed on 11/30/20,0,WAS,1610612764,2026-27
1610612764,2026,0,Kyshawn George,Kyshawn,kyshawn-george,18.0,F,6-8,200.0,"DEC 12, 2003",22.0,2,Miami,1642273,Draft Rights Traded from NYK on 06/26/24,0,WAS,1610612764,2026-27
1610612764,2026,0,Khris Middleton,Khris,khris-middleton,20.0,F,6-7,222.0,"AUG 12, 1991",34.0,14,Texas A&M,203114,Traded from DAL on 07/08/26,0,WAS,1610612764,2026-27
1610612764,2026,0,Alex Sarr,Alex,alex-sarr,20.0,C,7-0,205.0,"APR 26, 2005",21.0,2,Washington Wizards,1642259,#2 Pick in 2024 Draft,0,WAS,1610612764,2026-27
1610612764,2026,0,Anthony Davis,Anthony,anthony-davis,23.0,F-C,6-10,253.0,"MAR 11, 1993",33.0,14,Kentucky,203076,Traded from DAL on 02/05/26,0,WAS,1610612764,2026-27
1610612764,2026,0,Will Riley,Will,will-riley,27.0,F,6-9,180.0,"FEB 10, 2006",20.0,1,Illinois-Urbana-Champaign,1642860,Draft Rights Traded from UTA on 06/25/25,0,WAS,1610612764,2026-27
