player_id,country
1642933,USA
1630228,DRC
1642484,USA
1630552,USA
1630811,USA
203468,USA
1629216,USA
1643412,USA
1630700,Australia
1629652,Canada
1629638,Canada
1627741,Bahamas
1642948,Canada
1643539,Estonia
1628396,USA
1642854,USA
1630168,USA
1631243,Senegal
1643544,USA
1630598,USA
1630592,USA
1642269,USA
1630557,USA
1629111,Australia
1641759,USA
1642870,USA
1643620,
1628369,USA
1629011,USA
202331,USA
1628401,USA
1630202,USA
1643416,USA
1631199,USA
1641775,USA
1642864,Spain
1630573,USA
1642917,Ukraine
201144,USA
1630568,USA
1631248,USA
1642873,United Kingdom
1629674,Portugal
1631169,USA
1643414,USA
1642874,USA
1642962,USA
1642856,Russia
1643538,USA
1642849,France
1631165,USA
1629611,USA
1629008,USA
1630549,USA
1629021,Germany
1641730,USA
203944,USA
1643052,USA
1643548,USA
1642879,Israel
1642369,USA
1643573,USA
1626220,USA
1627827,USA
1629684,USA
1629632,USA
1642883,USA
1643515,USA
1642851,USA
1628960,USA
1629675,USA
1641750,USA
1641810,USA
1631217,France
1641790,USA
1626192,USA
1643419,Germany
1630544,USA
1641706,USA
1630214,USA
1642275,France
1642862,USA
1643591,USA
1643637,
1630581,Australia
1643517,USA
1642265,USA
1643410,USA
1629651,USA
1631159,Canada
1628380,USA
1641824,USA
1626181,USA
1642855,France
1630188,USA
1630200,USA
1630171,USA
1630172,USA
201935,USA
1629622,USA
1628418,USA
1630596,USA
1630241,USA
203471,Germany
1641854,USA
1642434,USA
1643509,USA
1642281,USA
1642400,Netherlands
1642878,Australia
1628386,USA
1626209,Croatia
1641772,USA
1643640,USA
1628378,USA
1641844,Bosnia and Herzegovina
1643585,Russia
1631108,USA
1642967,USA
1641726,USA
1630230,USA
203939,Canada
1631204,USA
1642258,France
1630314,USA
202681,Australia
1641724,USA
1643516,USA
1628997,USA
1629655,USA
1629023,USA
1630619,Guinea
202691,USA
1642843,USA
1643588,United Kingdom
1630583,Spain
1643547,Spain
1642350,USA
1643624,
1643813,
1631128,USA
1642938,USA
1631124,USA
1626145,USA
1631212,USA
1628971,USA
1641747,USA
203999,Serbia
1642461,USA
1630192,USA
1629661,USA
1629618,USA
1642354,USA
1627750,Canada
203932,USA
1628963,USA
1631223,USA
1642391,Nigeria
1643536,Nigeria
1631105,USA
1630595,USA
1642403,USA
1641842,USA
1630194,USA
1641709,USA
1630198,USA
203914,USA
1627752,USA
1631111,USA
1641989,USA
1642404,USA
1628381,USA
1642450,USA
1628989,USA
1629750,USA
1642449,USA
1629130,USA
1627780,USA
1642865,USA
1641764,USA
1642954,USA
1630541,USA
204001,Latvia
1629001,USA
202710,USA
1630611,Brazil
1643018,USA
1631466,USA
201143,Dominican Republic
203110,USA
1643650,
1629646,Nigeria
201939,USA
203552,USA
1642502,Netherlands
1643570,USA
1643595,USA
1628988,USA
1641708,USA
1641763,USA
1631120,USA
1627832,USA
201142,USA
1630256,USA
1631095,USA
203500,New Zealand
1641803,USA
1642263,USA
1631106,USA
1642384,USA
1630578,Turkey
203991,Switzerland
203992,Serbia
201145,USA
1631131,DRC
203935,USA
1630169,USA
1630167,USA
1629614,Canada
1643552,USA
1641716,USA
204456,USA
1626162,USA
1642277,Australia
1641771,USA
1626204,USA
1630174,USA
1641738,USA
1641767,USA
1631245,USA
1630643,USA
1627826,Croatia
1627783,Cameroon
1630679,Puerto Rico
1641807,Nicaragua
1642394,Spain
1642951,USA
1643568,USA
1643712,France
203078,USA
1643413,USA
202695,USA
1642920,USA
1627884,USA
1627739,USA
1631097,Canada
1629636,USA
201572,USA
1631102,USA
1642949,Switzerland
1641757,USA
1641780,USA
1630543,USA
1642353,USA
1629060,Japan
201587,France
1641751,Uganda
1642876,USA
1629020,USA
1629680,USA
1642261,USA
1629656,USA
1630702,USA
1642355,USA
1629012,USA
1630533,USA
1631222,USA
1631117,USA
1630559,USA
1643024,USA
1643758,USA
1643418,USA
1630572,Georgia
1626172,USA
1629029,Slovenia
1642942,USA
1643563,USA
1642377,USA
1630590,USA
1629660,USA
1642383,USA
1626156,USA
1642358,USA
203924,USA
1642914,USA
1641744,Canada
1641765,Canada
1642366,Netherlands
1641707,USA
1642907,USA
1642285,USA
1631200,USA
1643409,USA
1630191,USA
1643510,Mexico
1641713,USA
201959,USA
1631323,Italy
1630558,USA
1631211,USA
1643553,USA
1631107,Serbia
203507,Greece
1641796,Sweden
203501,USA
1630696,USA
1628389,USA
1642066,USA
1642352,USA
1642443,USA
203952,Canada
1643621,USA
1642884,Russia
1626171,USA
1641831,Trinidad and Tobago
1643417,USA
1643415,USA
1630579,USA
1626167,USA
1629018,USA
1629645,USA
1642880,USA
1627747,USA
1642276,USA
1629639,USA
1631157,USA
1628398,USA
1631260,USA
1631172,France
1642881,Serbia
1631170,USA
1642857,Lithuania
1630828,Greece
1642504,USA
1631250,USA
203648,Greece
1628978,USA
1630163,USA
1630183,USA
1630545,USA
1630162,USA
1641740,USA
1630538,USA
1630182,Australia
1630245,USA
1643626,USA
1642389,USA
1642866,France
1642402,USA
203497,France
1642912,USA
1626168,Canada
1642911,Australia
1642847,USA
1629627,USA
1630529,USA
1629673,USA
1630621,USA
1627749,USA
201599,USA
1631132,Cameroon
1643555,USA
1631121,USA
1642877,USA
1631255,Bosnia and Herzegovina
1642274,Cameroon
1642852,USA
1641722,USA
1630530,USA
1631216,Canada
1630180,USA
1641723,USA
1643583,Germany
1643589,USA
1641794,USA
203083,USA
203903,USA
1630540,USA
1628404,USA
1642359,France
1630631,USA
1628384,United Kingdom
1641755,USA
1628973,USA
1642278,USA
1628969,USA
1626157,USA
1629013,USA
1642885,France
1643717,
1628983,Canada
1642272,USA
1631119,USA
1631096,USA
1631114,USA
1627936,USA
1642850,USA
1642923,USA
1642892,USA
1643530,Spain
1641717,USA
1642964,USA
1642349,Belgium
1629026,USA
1642260,Serbia
1628392,Germany
1641710,USA
1628371,USA
1628975,USA
1630217,USA
1630591,USA
1631094,USA
1631288,USA
202696,Montenegro
1642859,USA
1630658,USA
1630532,Germany
1641783,Germany
1643593,USA
1631457,USA
1628976,USA
1629048,Georgia
1642869,France
1643575,USA
1642889,USA
1630178,USA
1631126,USA
200768,USA
1627759,USA
1642348,USA
1630570,USA
1630699,USA
203954,Cameroon
1641712,France
1629014,USA
2544,USA
1631213,USA
1631230,USA
1641737,Nigeria
1629731,USA
1631133,USA
1630574,Germany
1642845,USA
1628970,USA
1642346,USA
1629599,USA
1628415,Canada
1630224,USA
1629312,USA
1628379,USA
1642863,South Sudan
1642345,USA
1631221,USA
1642886,USA
1631109,USA
1626164,USA
1631123,USA
1630587,USA
1643520,USA
1642853,USA
1643047,USA
1630692,USA
1630311,USA
1643257,USA
203081,USA
1630703,USA
1631104,USA
1642959,USA
201950,USA
1630166,Israel
1642910,USA
1630695,USA
1629630,USA
1642382,USA
1642905,China
1631101,Canada
1631110,Poland
1642270,USA
1630249,Czech Republic
1641739,Belgium
1629057,USA
1631321,France
1628370,USA
1642363,USA
1642367,USA
1643411,USA
203926,USA
1630165,France
203897,USA
1630173,Nigeria
1627734,Lithuania
1631099,USA
1641745,USA
1629631,USA
201566,USA
1629234,USA
1631116,USA
1631342,USA
1642928,USA
1642284,USA
1643567,Israel
1642875,France
1643551,USA
1643576,USA
1629162,USA
1641705,France
1642844,USA
1629640,USA
1628368,USA
1642264,USA
1628436,USA
203482,Canada
1643542,USA
1642868,USA
202699,USA
202687,DRC
1643519,USA
1630170,USA
1642357,Dominican Republic
1630577,USA
203084,USA
1630322,USA
203486,USA
1642927,USA
1643558,USA
1630639,Canada
1641711,USA
1627742,USA
1630567,USA
1630193,USA
1629628,Canada
203937,USA
1642266,USA
1627751,Austria
1643512,USA
1642347,USA
1642935,USA
1642867,USA
1631218,USA
1641748,USA
1641998,USA
1642918,USA
1642419,USA
1643060,USA
1642271,USA
1642396,USA
1641718,USA
1642262,USA
1642926,USA
1642268,USA
1629004,Ukraine
1629637,USA
1628964,USA
1642846,USA
1628991,USA
1629006,Nigeria
1643016,USA
1643408,USA
1628374,Finland
1641725,USA
1641729,USA
203994,Bosnia and Herzegovina
201567,USA
1629723,USA
1631127,USA
1642882,USA
1643590,Nigeria
1641731,France
1641774,Italy
1641715,USA
1629027,USA
1643407,USA
1642364,USA
1629028,Bahamas
1642267,USA
1630551,USA
1642848,USA
1630536,USA
1630264,USA
1642273,Switzerland
203114,USA
1642259,France
203076,USA
1642860,USA
