PLAYER_ID,SEASON_ID,LEAGUE_ID,TEAM_ID,TEAM_ABBREVIATION,PLAYER_AGE,GP,GS,MIN,FGM,FGA,FG_PCT,FG3M,FG3A,FG3_PCT,FTM,FTA,FT_PCT,OREB,DREB,REB,AST,STL,BLK,TOV,PF,PTS,player_name
2544,2005-06,0,1610612739,CLE,21.0,13,13,604,146,307,0.476,21,63,0.333,87,118,0.737,22,83,105,76,18,9,65,44,400,LeBron James
2544,2006-07,0,1610612739,CLE,22.0,20,20,893,166,399,0.416,21,75,0.28,148,196,0.755,26,135,161,159,34,10,66,40,501,LeBron James
2544,2007-08,0,1610612739,CLE,23.0,13,13,552,113,275,0.411,18,70,0.257,122,167,0.731,16,86,102,99,23,17,54,33,366,LeBron James
2544,2008-09,0,1610612739,CLE,24.0,14,14,580,159,312,0.51,27,81,0.333,149,199,0.749,19,109,128,102,23,12,38,30,494,LeBron James
2544,2009-10,0,1610612739,CLE,25.0,11,11,460,106,211,0.502,20,50,0.4,88,120,0.733,15,87,102,84,19,20,42,23,320,LeBron James
2544,2010-11,0,1610612748,MIA,26.0,21,21,922,174,373,0.466,30,85,0.353,119,156,0.763,34,142,176,123,35,25,66,56,497,LeBron James
2544,2011-12,0,1610612748,MIA,27.0,23,23,983,251,502,0.5,22,85,0.259,173,234,0.739,54,170,224,129,43,16,81,47,697,LeBron James
2544,2012-13,0,1610612748,MIA,28.0,23,23,960,212,432,0.491,36,96,0.375,136,175,0.777,37,156,193,152,41,18,70,43,596,LeBron James
2544,2013-14,0,1610612748,MIA,29.0,20,20,763,192,340,0.565,35,86,0.407,129,160,0.806,14,127,141,95,36,11,61,46,548,LeBron James
2544,2014-15,0,1610612739,CLE,30.0,20,20,844,227,544,0.417,25,110,0.227,122,167,0.731,37,189,226,169,33,21,82,58,601,LeBron James
2544,2015-16,0,1610612739,CLE,31.0,21,21,822,219,417,0.525,32,94,0.34,82,124,0.661,42,158,200,160,49,27,75,54,552,LeBron James
2544,2016-17,0,1610612739,CLE,32.0,18,18,744,217,384,0.565,44,107,0.411,113,162,0.698,19,145,164,141,35,23,72,43,591,LeBron James
2544,2017-18,0,1610612739,CLE,33.0,22,22,922,275,510,0.539,39,114,0.342,159,213,0.746,31,169,200,198,30,23,94,52,748,LeBron James
2544,2019-20,0,1610612747,LAL,35.0,21,21,762,214,382,0.56,44,119,0.37,108,150,0.72,28,198,226,184,26,18,84,40,580,LeBron James
2544,2020-21,0,1610612747,LAL,36.0,6,6,224,54,114,0.474,18,48,0.375,14,23,0.609,7,36,43,48,9,2,25,7,140,LeBron James
2544,2022-23,0,1610612747,LAL,38.0,16,16,619,147,295,0.498,28,106,0.264,70,92,0.761,25,133,158,104,17,18,40,28,392,LeBron James
2544,2023-24,0,1610612747,LAL,39.0,5,5,204,56,99,0.566,10,26,0.385,17,23,0.739,4,30,34,44,12,5,19,11,139,LeBron James
2544,2024-25,0,1610612747,LAL,40.0,5,5,204,43,88,0.489,10,28,0.357,31,40,0.775,12,33,45,28,10,9,13,8,127,LeBron James
2544,2025-26,0,1610612747,LAL,41.0,10,10,384,84,183,0.459,17,52,0.327,47,63,0.746,4,63,67,73,13,3,38,16,232,LeBron James
1627759,2016-17,0,1610612738,BOS,20.0,17,0,215,34,71,0.479,5,23,0.217,12,18,0.667,12,24,36,13,6,2,13,26,85,Jaylen Brown
1627759,2017-18,0,1610612738,BOS,21.0,18,15,583,124,266,0.466,44,112,0.393,32,50,0.64,16,71,87,26,14,10,23,58,324,Jaylen Brown
1627759,2018-19,0,1610612738,BOS,22.0,9,9,274,44,87,0.506,14,40,0.35,23,30,0.767,6,46,52,10,6,2,16,30,125,Jaylen Brown
1627759,2019-20,0,1610612738,BOS,23.0,17,17,672,137,288,0.476,43,120,0.358,53,63,0.841,24,103,127,39,26,9,41,48,370,Jaylen Brown
1627759,2021-22,0,1610612738,BOS,25.0,24,24,920,197,419,0.47,60,161,0.373,100,131,0.763,33,133,166,85,27,10,74,71,554,Jaylen Brown
1627759,2022-23,0,1610612738,BOS,26.0,20,20,751,181,365,0.496,40,113,0.354,51,74,0.689,25,87,112,68,21,8,66,61,453,Jaylen Brown
1627759,2023-24,0,1610612738,BOS,27.0,19,19,707,175,339,0.516,36,110,0.327,68,103,0.66,22,91,113,62,23,12,51,51,454,Jaylen Brown
1627759,2024-25,0,1610612738,BOS,28.0,11,11,402,86,195,0.441,21,63,0.333,50,66,0.758,13,65,78,43,11,3,39,35,243,Jaylen Brown
1627759,2025-26,0,1610612738,BOS,29.0,7,7,249,65,143,0.455,17,42,0.405,33,46,0.717,11,29,40,23,6,8,25,21,180,Jaylen Brown
203954,2017-18,0,1610612755,PHI,24.0,8,8,278,60,138,0.435,8,29,0.276,43,61,0.705,23,78,101,24,7,14,29,31,171,Joel Embiid
203954,2018-19,0,1610612755,PHI,25.0,11,11,334,68,159,0.428,12,39,0.308,74,90,0.822,21,94,115,37,8,25,40,34,222,Joel Embiid
203954,2019-20,0,1610612755,PHI,26.0,4,4,145,34,74,0.459,4,16,0.25,48,59,0.814,11,38,49,5,6,5,15,18,120,Joel Embiid
203954,2020-21,0,1610612755,PHI,27.0,11,11,357,101,197,0.513,16,41,0.39,91,109,0.835,16,100,116,37,11,16,42,33,309,Joel Embiid
203954,2021-22,0,1610612755,PHI,28.0,10,10,385,78,161,0.484,7,33,0.212,73,89,0.82,21,86,107,21,4,8,32,34,236,Joel Embiid
203954,2022-23,0,1610612755,PHI,29.0,9,9,336,66,153,0.431,5,28,0.179,76,84,0.905,16,72,88,24,6,25,35,27,213,Joel Embiid
203954,2023-24,0,1610612755,PHI,30.0,6,6,248,59,133,0.444,13,39,0.333,67,78,0.859,19,46,65,34,7,9,25,20,198,Joel Embiid
203954,2025-26,0,1610612755,PHI,32.0,7,7,233,57,124,0.46,5,28,0.179,49,59,0.831,8,43,51,38,2,6,15,17,168,Joel Embiid
1630178,2020-21,0,1610612755,PHI,20.0,12,0,157,29,66,0.439,4,12,0.333,14,22,0.636,1,21,22,16,3,6,5,16,76,Tyrese Maxey
1630178,2021-22,0,1610612755,PHI,21.0,12,12,485,88,182,0.484,26,69,0.377,47,50,0.94,6,36,42,47,9,2,21,24,249,Tyrese Maxey
1630178,2022-23,0,1610612755,PHI,22.0,11,11,423,82,192,0.427,34,85,0.4,28,31,0.903,9,44,53,25,15,5,8,26,226,Tyrese Maxey
1630178,2023-24,0,1610612755,PHI,23.0,6,6,267,66,138,0.478,22,55,0.4,25,28,0.893,1,30,31,41,5,2,13,16,179,Tyrese Maxey
1630178,2025-26,0,1610612755,PHI,25.0,11,11,437,96,211,0.455,26,74,0.351,43,48,0.896,4,40,44,65,9,4,23,22,261,Tyrese Maxey
1642845,2025-26,0,1610612755,PHI,20.0,11,11,407,60,145,0.414,21,72,0.292,13,18,0.722,23,44,67,37,11,4,18,29,154,VJ Edgecombe
203484,2015-16,0,1610612765,DET,23.0,4,4,161,22,50,0.44,12,27,0.444,5,7,0.714,2,15,17,11,7,1,2,7,61,Kentavious Caldwell-Pope
203484,2019-20,0,1610612747,LAL,27.0,21,21,608,79,189,0.418,45,119,0.378,22,27,0.815,8,36,44,28,21,4,15,40,225,Kentavious Caldwell-Pope
203484,2020-21,0,1610612747,LAL,28.0,5,5,146,11,29,0.379,4,19,0.211,5,5,1.0,2,12,14,5,5,0,2,15,31,Kentavious Caldwell-Pope
203484,2022-23,0,1610612743,DEN,30.0,20,20,671,74,162,0.457,35,92,0.38,29,35,0.829,14,51,65,31,26,13,15,48,212,Kentavious Caldwell-Pope
203484,2023-24,0,1610612743,DEN,31.0,12,12,420,34,86,0.395,18,55,0.327,11,11,1.0,5,30,35,31,17,5,10,37,97,Kentavious Caldwell-Pope
203484,2024-25,0,1610612753,ORL,32.0,5,5,163,8,30,0.267,6,23,0.261,3,4,0.75,1,14,15,9,7,3,2,11,25,Kentavious Caldwell-Pope
1629731,2022-23,0,1610612739,CLE,26.0,2,0,11,0,1,0.0,0,1,0.0,2,2,1.0,0,3,3,0,0,0,0,0,2,Dean Wade
1629731,2023-24,0,1610612739,CLE,27.0,3,1,63,4,13,0.308,3,10,0.3,0,0,0.0,1,5,6,5,1,2,2,4,11,Dean Wade
1629731,2024-25,0,1610612739,CLE,28.0,9,1,142,6,18,0.333,3,14,0.214,0,0,0.0,10,28,38,6,3,1,3,10,15,Dean Wade
1629731,2025-26,0,1610612739,CLE,29.0,18,14,407,30,65,0.462,18,48,0.375,1,3,0.333,24,46,70,14,13,1,10,21,79,Dean Wade
1629014,2018-19,0,1610612757,POR,20.0,5,0,12,0,7,0.0,0,2,0.0,4,5,0.8,0,0,0,0,1,0,0,2,4,Anfernee Simons
1629014,2019-20,0,1610612757,POR,21.0,4,0,82,8,26,0.308,6,14,0.429,5,6,0.833,1,10,11,10,6,0,4,7,27,Anfernee Simons
1629014,2020-21,0,1610612757,POR,22.0,6,0,107,14,25,0.56,11,18,0.611,0,0,0.0,3,13,16,5,2,1,1,6,39,Anfernee Simons
1641737,2025-26,0,1610612755,PHI,23.0,10,3,96,8,16,0.5,0,0,0.0,10,16,0.625,11,10,21,1,1,7,11,23,26,Adem Bona
1642348,2025-26,0,1610612755,PHI,22.0,9,0,109,11,32,0.344,4,18,0.222,4,7,0.571,6,14,20,4,0,1,6,15,30,Justin Edwards
1631230,2025-26,0,1610612755,PHI,23.0,9,0,96,10,17,0.588,0,1,0.0,6,7,0.857,6,9,15,1,2,4,2,9,26,Dominick Barlow
1631133,2025-26,0,1610612755,PHI,23.0,6,0,29,1,10,0.1,0,5,0.0,2,2,1.0,2,4,6,0,0,0,1,3,4,Jabari Walker
