leagueId,seasonYear,gameDate,gameId,gameCode,gameStatus,gameStatusText,gameSequence,gameDateEst,gameTimeEst,gameDateTimeEst,gameDateUTC,gameTimeUTC,gameDateTimeUTC,awayTeamTime,homeTeamTime,day,monthNum,weekNumber,weekName,ifNecessary,seriesGameNumber,gameLabel,gameSubLabel,seriesText,arenaName,arenaState,arenaCity,postponedStatus,branchLink,gameSubtype,isNeutral,homeTeam_teamId,homeTeam_teamName,homeTeam_teamCity,homeTeam_teamTricode,homeTeam_teamSlug,homeTeam_wins,homeTeam_losses,homeTeam_score,homeTeam_seed,awayTeam_teamId,awayTeam_teamName,awayTeam_teamCity,awayTeam_teamTricode,awayTeam_teamSlug,awayTeam_wins,awayTeam_losses,awayTeam_score,awayTeam_seed,nationalBroadcasters_0_broadcasterScope,nationalBroadcasters_0_broadcasterMedia,nationalBroadcasters_0_broadcasterId,nationalBroadcasters_0_broadcasterDisplay,nationalBroadcasters_0_broadcasterAbbreviation,nationalBroadcasters_0_broadcasterDescription,nationalBroadcasters_0_tapeDelayComments,nationalBroadcasters_0_broadcasterVideoLink,nationalBroadcasters_0_broadcasterTeamId,nationalBroadcasters_0_broadcasterRanking,nationalBroadcasters_0_localizationRegion,nationalBroadcasters_1_broadcasterScope,nationalBroadcasters_1_broadcasterMedia,nationalBroadcasters_1_broadcasterId,nationalBroadcasters_1_broadcasterDisplay,nationalBroadcasters_1_broadcasterAbbreviation,nationalBroadcasters_1_broadcasterDescription,nationalBroadcasters_1_tapeDelayComments,nationalBroadcasters_1_broadcasterVideoLink,nationalBroadcasters_1_broadcasterTeamId,nationalBroadcasters_1_broadcasterRanking,nationalBroadcasters_1_localizationRegion,nationalBroadcasters_2_broadcasterScope,nationalBroadcasters_2_broadcasterMedia,nationalBroadcasters_2_broadcasterId,nationalBroadcasters_2_broadcasterDisplay,nationalBroadcasters_2_broadcasterAbbreviation,nationalBroadcasters_2_broadcasterDescription,nationalBroadcasters_2_tapeDelayComments,nationalBroadcasters_2_broadcasterVideoLink,nationalBroadcasters_2_broadcasterTeamId,nationalBroadcasters_2_broadcasterRanking,nationalBroadcasters_2_localizationRegion,nationalRadioBroadcasters_0_broadcasterScope,nationalRadioBroadcasters_0_broadcasterMedia,nationalRadioBroadcasters_0_broadcasterId,nationalRadioBroadcasters_0_broadcasterDisplay,nationalRadioBroadcasters_0_broadcasterAbbreviation,nationalRadioBroadcasters_0_broadcasterDescription,nationalRadioBroadcasters_0_tapeDelayComments,nationalRadioBroadcasters_0_broadcasterVideoLink,nationalRadioBroadcasters_0_broadcasterTeamId,nationalRadioBroadcasters_0_broadcasterRanking,nationalRadioBroadcasters_0_localizationRegion,nationalRadioBroadcasters_1_broadcasterScope,nationalRadioBroadcasters_1_broadcasterMedia,nationalRadioBroadcasters_1_broadcasterId,nationalRadioBroadcasters_1_broadcasterDisplay,nationalRadioBroadcasters_1_broadcasterAbbreviation,nationalRadioBroadcasters_1_broadcasterDescription,nationalRadioBroadcasters_1_tapeDelayComments,nationalRadioBroadcasters_1_broadcasterVideoLink,nationalRadioBroadcasters_1_broadcasterTeamId,nationalRadioBroadcasters_1_broadcasterRanking,nationalRadioBroadcasters_1_localizationRegion,homeTvBroadcasters_broadcasterScope,homeTvBroadcasters_broadcasterMedia,homeTvBroadcasters_broadcasterId,homeTvBroadcasters_broadcasterDisplay,homeTvBroadcasters_broadcasterAbbreviation,homeTvBroadcasters_broadcasterDescription,homeTvBroadcasters_tapeDelayComments,homeTvBroadcasters_broadcasterVideoLink,homeTvBroadcasters_broadcasterTeamId,homeTvBroadcasters_broadcasterRanking,homeTvBroadcasters_localizationRegion,homeRadioBroadcasters_broadcasterScope,homeRadioBroadcasters_broadcasterMedia,homeRadioBroadcasters_broadcasterId,homeRadioBroadcasters_broadcasterDisplay,homeRadioBroadcasters_broadcasterAbbreviation,homeRadioBroadcasters_broadcasterDescription,homeRadioBroadcasters_tapeDelayComments,homeRadioBroadcasters_broadcasterVideoLink,homeRadioBroadcasters_broadcasterTeamId,homeRadioBroadcasters_broadcasterRanking,homeRadioBroadcasters_localizationRegion,awayTvBroadcasters_broadcasterScope,awayTvBroadcasters_broadcasterMedia,awayTvBroadcasters_broadcasterId,awayTvBroadcasters_broadcasterDisplay,awayTvBroadcasters_broadcasterAbbreviation,awayTvBroadcasters_broadcasterDescription,awayTvBroadcasters_tapeDelayComments,awayTvBroadcasters_broadcasterVideoLink,awayTvBroadcasters_broadcasterTeamId,awayTvBroadcasters_broadcasterRanking,awayTvBroadcasters_localizationRegion,awayRadioBroadcasters_broadcasterScope,awayRadioBroadcasters_broadcasterMedia,awayRadioBroadcasters_broadcasterId,awayRadioBroadcasters_broadcasterDisplay,awayRadioBroadcasters_broadcasterAbbreviation,awayRadioBroadcasters_broadcasterDescription,awayRadioBroadcasters_tapeDelayComments,awayRadioBroadcasters_broadcasterVideoLink,awayRadioBroadcasters_broadcasterTeamId,awayRadioBroadcasters_broadcasterRanking,awayRadioBroadcasters_localizationRegion
0,2026-27,10/05/2026 00:00:00,12600023,20261005/NYKPHI,1,7:00 pm ET,3,2026-10-05T00:00:00Z,1900-01-01T19:00:00Z,2026-10-05T19:00:00Z,2026-10-05T04:00:00Z,1900-01-01T23:00:00Z,2026-10-05T23:00:00Z,2026-10-05T19:00:00Z,2026-10-05T19:00:00Z,Mon,10,0,,False,,Preseason,,,Xfinity Mobile Arena,PA,Philadelphia,N,,,False,1610612755,76ers,Philadelphia,PHI,sixers,0,0,0,0,1610612752,Knicks,New York,NYK,knicks,0,0,0,0,natl,tv,1001042.0,TBD,TBD,,,,-1.0,,,,,,,,,,,,,,,,,,,,,,,,,natl,radio,1001098,SiriusXM,SiriusXM,,,https://www.siriusxm.com/sports/nba,-1,,,,,,,,,,,,,,,,,,,,,,,,,,,,,,,,,,,,,,,,,,,,,,,,,,,,,,,,,
0,2026-27,10/08/2026 00:00:00,12600034,20261008/PHIBKN,1,7:30 pm ET,3,2026-10-08T00:00:00Z,1900-01-01T19:30:00Z,2026-10-08T19:30:00Z,2026-10-08T04:00:00Z,1900-01-01T23:30:00Z,2026-10-08T23:30:00Z,2026-10-08T19:30:00Z,2026-10-08T19:30:00Z,Thu,10,0,,False,,Preseason,,,Barclays Center,NY,Brooklyn,N,,,False,1610612751,Nets,Brooklyn,BKN,nets,0,0,0,0,1610612755,76ers,Philadelphia,PHI,sixers,0,0,0,0,natl,tv,1001042.0,TBD,TBD,,,,-1.0,,,,,,,,,,,,,,,,,,,,,,,,,natl,radio,1001098,SiriusXM,SiriusXM,,,https://www.siriusxm.com/sports/nba,-1,,,,,,,,,,,,,,,,,,,,,,,,,,,,,,,,,,,,,,,,,,,,,,,,,,,,,,,,,
0,2026-27,10/10/2026 00:00:00,12600013,20261010/PHIBOS,1,8:00 pm ET,5,2026-10-10T00:00:00Z,1900-01-01T20:00:00Z,2026-10-10T20:00:00Z,2026-10-10T04:00:00Z,1900-01-01T00:00:00Z,2026-10-11T00:00:00Z,2026-10-10T20:00:00Z,2026-10-10T20:00:00Z,Sat,10,0,,False,,Preseason,,,TD Garden,MA,Boston,N,,,False,1610612738,Celtics,Boston,BOS,celtics,0,0,0,0,1610612755,76ers,Philadelphia,PHI,sixers,0,0,0,0,natl,tv,1001042.0,TBD,TBD,,,,-1.0,,,,,,,,,,,,,,,,,,,,,,,,,natl,radio,1001098,SiriusXM,SiriusXM,,,https://www.siriusxm.com/sports/nba,-1,,,,,,,,,,,,,,home,tv,1658.0,NBC SPORTS BOSTON,NBCSB,,,,1610612738.0,,,,,,,,,,,,,,,,,,,,,,,,,,,,,,,,,,,
0,2026-27,10/16/2026 00:00:00,12600018,20261016/BOSPHI,1,7:00 pm ET,1,2026-10-16T00:00:00Z,1900-01-01T19:00:00Z,2026-10-16T19:00:00Z,2026-10-16T04:00:00Z,1900-01-01T23:00:00Z,2026-10-16T23:00:00Z,2026-10-16T19:00:00Z,2026-10-16T19:00:00Z,Fri,10,0,,False,,Preseason,,,Xfinity Mobile Arena,PA,Philadelphia,N,,,False,1610612755,76ers,Philadelphia,PHI,sixers,0,0,0,0,1610612738,Celtics,Boston,BOS,celtics,0,0,0,0,natl,tv,1001042.0,TBD,TBD,,,,-1.0,,,,,,,,,,,,,,,,,,,,,,,,,natl,radio,1001098,SiriusXM,SiriusXM,,,https://www.siriusxm.com/sports/nba,-1,,,,,,,,,,,,,,,,,,,,,,,,,,,,,,,,,,,,away,tv,1658.0,NBC SPORTS BOSTON,NBCSB,,,,1610612738.0,,,,,,,,,,,,,
0,2026-27,10/20/2026 00:00:00,22600002,20261020/PHINYK,1,7:00 pm ET,2,2026-10-20T00:00:00Z,1900-01-01T19:00:00Z,2026-10-20T19:00:00Z,2026-10-20T04:00:00Z,1900-01-01T23:00:00Z,2026-10-20T23:00:00Z,2026-10-20T19:00:00Z,2026-10-20T19:00:00Z,Tue,10,1,Week 1,False,,,,,Madison Square Garden,NY,New York,N,,,False,1610612752,Knicks,New York,NYK,knicks,0,0,0,0,1610612755,76ers,Philadelphia,PHI,sixers,0,0,0,0,natl,tv,1001452.0,NBC,NBC,,,,-1.0,5.0,National,natl,tv,1001453.0,Peacock,Peacock,,,https://peacocktv.app.link/V3Ir0yHgO5b,-1.0,3.0,,,,,,,,,,,,,natl,radio,3,ESPN Radio,ESPNR,,,,-1,,,natl,radio,1001098.0,SiriusXM,SiriusXM,,,https://www.siriusxm.com/sports/nba,-1.0,,,,,,,,,,,,,,,,,,,,,,,,,,,,,,,,,,,,,,,,,,,,,,
0,2026-27,10/22/2026 00:00:00,22600006,20261022/CLEPHI,1,7:00 pm ET,1,2026-10-22T00:00:00Z,1900-01-01T19:00:00Z,2026-10-22T19:00:00Z,2026-10-22T04:00:00Z,1900-01-01T23:00:00Z,2026-10-22T23:00:00Z,2026-10-22T19:00:00Z,2026-10-22T19:00:00Z,Thu,10,1,Week 1,False,,,,,Xfinity Mobile Arena,PA,Philadelphia,N,,,False,1610612755,76ers,Philadelphia,PHI,sixers,0,0,0,0,1610612739,Cavaliers,Cleveland,CLE,cavaliers,0,0,0,0,natl,tv,2.0,ESPN,ESPN,,,https://espn.smart.link/b4uxwf8ow?ex_cid=NBA&gameId=401909093&referringapp=nba,-1.0,2.0,,,,,,,,,,,,,,,,,,,,,,,,natl,radio,1001098,SiriusXM,SiriusXM,,,https://www.siriusxm.com/sports/nba,-1,,,,,,,,,,,,,,,,,,,,,,,,,,,,,,,,,,,,,,,,,,,,,,,,,,,,,,,,,
0,2026-27,10/24/2026 00:00:00,22600106,20261024/MILPHI,1,7:30 pm ET,3,2026-10-24T00:00:00Z,1900-01-01T19:30:00Z,2026-10-24T19:30:00Z,2026-10-24T04:00:00Z,1900-01-01T23:30:00Z,2026-10-24T23:30:00Z,2026-10-24T18:30:00Z,2026-10-24T19:30:00Z,Sat,10,1,Week 1,False,,,,,Xfinity Mobile Arena,PA,Philadelphia,N,,,False,1610612755,76ers,Philadelphia,PHI,sixers,0,0,0,0,1610612749,Bucks,Milwaukee,MIL,bucks,0,0,0,0,,,,,,,,,,,,,,,,,,,,,,,,,,,,,,,,,,natl,radio,1001098,SiriusXM,SiriusXM,,,https://www.siriusxm.com/sports/nba,-1,,,,,,,,,,,,,,,,,,,,,,,,,,,,,,,,,,,,,,,,,,,,,,,,,,,,,,,,,
0,2026-27,10/25/2026 00:00:00,22600117,20261025/DETPHI,1,7:30 pm ET,6,2026-10-25T00:00:00Z,1900-01-01T19:30:00Z,2026-10-25T19:30:00Z,2026-10-25T04:00:00Z,1900-01-01T23:30:00Z,2026-10-25T23:30:00Z,2026-10-25T19:30:00Z,2026-10-25T19:30:00Z,Sun,10,1,Week 1,False,,,,,Xfinity Mobile Arena,PA,Philadelphia,N,,,False,1610612755,76ers,Philadelphia,PHI,sixers,0,0,0,0,1610612765,Pistons,Detroit,DET,pistons,0,0,0,0,,,,,,,,,,,,,,,,,,,,,,,,,,,,,,,,,,natl,radio,1001098,SiriusXM,SiriusXM,,,https://www.siriusxm.com/sports/nba,-1,,,,,,,,,,,,,,,,,,,,,,,,,,,,,,,,,,,,,,,,,,,,,,,,,,,,,,,,,
0,2026-27,10/28/2026 00:00:00,22600135,20261028/PHIIND,1,7:00 pm ET,4,2026-10-28T00:00:00Z,1900-01-01T19:00:00Z,2026-10-28T19:00:00Z,2026-10-28T04:00:00Z,1900-01-01T23:00:00Z,2026-10-28T23:00:00Z,2026-10-28T19:00:00Z,2026-10-28T19:00:00Z,Wed,10,2,Week 2,False,,,,,Gainbridge Fieldhouse,IN,Indianapolis,N,,,False,1610612754,Pacers,Indiana,IND,pacers,0,0,0,0,1610612755,76ers,Philadelphia,PHI,sixers,0,0,0,0,natl,tv,2.0,ESPN,ESPN,,,https://www.espn.com/watch/catalog/7b3729c9-7f69-308a-bf8a-ee15a6aba154/nba#bucketId=29446&sourceCollection=Featured_Sports_,-1.0,2.0,,,,,,,,,,,,,,,,,,,,,,,,natl,radio,1001098,SiriusXM,SiriusXM,,,https://www.siriusxm.com/sports/nba,-1,,,,,,,,,,,,,,,,,,,,,,,,,,,,,,,,,,,,,,,,,,,,,,,,,,,,,,,,,
0,2026-27,10/30/2026 00:00:00,22600018,20261030/NYKPHI,1,7:30 pm ET,4,2026-10-30T00:00:00Z,1900-01-01T19:30:00Z,2026-10-30T19:30:00Z,2026-10-30T04:00:00Z,1900-01-01T23:30:00Z,2026-10-30T23:30:00Z,2026-10-30T19:30:00Z,2026-10-30T19:30:00Z,Fri,10,2,Week 2,False,,Emirates NBA Cup,East Group B,,Xfinity Mobile Arena,PA,Philadelphia,N,,in-season,False,1610612755,76ers,Philadelphia,PHI,sixers,0,0,0,0,1610612752,Knicks,New York,NYK,knicks,0,0,0,0,natl,tv,1000664.0,Prime Video,Amazon,,,https://www.amazon.com/gp/video/tournament/amzn1.dv.icid.cf75b42a-68cd-4a1c-993a-a0b3f0575c5f?jic=20%7CCgZTcG9ydHMSA2FsbA%3D%3D&ref_=atv_hm_spo_c_7a7vxF_4_6,-1.0,4.0,,,,,,,,,,,,,,,,,,,,,,,,natl,radio,1001098,SiriusXM,SiriusXM,,,https://www.siriusxm.com/sports/nba,-1,,,,,,,,,,,,,,,,,,,,,,,,,,,,,,,,,,,,,,,,,,,,,,,,,,,,,,,,,
0,2026-27,10/31/2026 00:00:00,22600148,20261031/PHICHA,1,6:00 pm ET,2,2026-10-31T00:00:00Z,1900-01-01T18:00:00Z,2026-10-31T18:00:00Z,2026-10-31T04:00:00Z,1900-01-01T22:00:00Z,2026-10-31T22:00:00Z,2026-10-31T18:00:00Z,2026-10-31T18:00:00Z,Sat,10,2,Week 2,False,,,,,Spectrum Center,NC,Charlotte,N,,,False,1610612766,Hornets,Charlotte,CHA,hornets,0,0,0,0,1610612755,76ers,Philadelphia,PHI,sixers,0,0,0,0,,,,,,,,,,,,,,,,,,,,,,,,,,,,,,,,,,natl,radio,1001098,SiriusXM,SiriusXM,,,https://www.siriusxm.com/sports/nba,-1,,,,,,,,,,,,,,,,,,,,,,,,,,,,,,,,,,,,,,,,,,,,,,,,,,,,,,,,,
0,2026-27,11/02/2026 00:00:00,22600163,20261102/CHIPHI,1,7:30 pm ET,6,2026-11-02T00:00:00Z,1900-01-01T19:30:00Z,2026-11-02T19:30:00Z,2026-11-02T05:00:00Z,1900-01-01T00:30:00Z,2026-11-03T00:30:00Z,2026-11-02T18:30:00Z,2026-11-02T19:30:00Z,Mon,11,3,Week 3,False,,,,,Xfinity Mobile Arena,PA,Philadelphia,N,,,False,1610612755,76ers,Philadelphia,PHI,sixers,0,0,0,0,1610612741,Bulls,Chicago,CHI,bulls,0,0,0,0,,,,,,,,,,,,,,,,,,,,,,,,,,,,,,,,,,natl,radio,1001098,SiriusXM,SiriusXM,,,https://www.siriusxm.com/sports/nba,-1,,,,,,,,,,,,,,,,,,,,,,,,,,,,,,,,,,,,,,,,,,,,,,,,,,,,,,,,,
0,2026-27,11/04/2026 00:00:00,22600173,20261104/PHIDET,1,7:00 pm ET,1,2026-11-04T00:00:00Z,1900-01-01T19:00:00Z,2026-11-04T19:00:00Z,2026-11-04T05:00:00Z,1900-01-01T00:00:00Z,2026-11-05T00:00:00Z,2026-11-04T19:00:00Z,2026-11-04T19:00:00Z,Wed,11,3,Week 3,False,,,,,Little Caesars Arena,MI,Detroit,N,,,False,1610612765,Pistons,Detroit,DET,pistons,0,0,0,0,1610612755,76ers,Philadelphia,PHI,sixers,0,0,0,0,natl,tv,2.0,ESPN,ESPN,,,https://www.espn.com/watch/catalog/7b3729c9-7f69-308a-bf8a-ee15a6aba154/nba#bucketId=29446&sourceCollection=Featured_Sports_,-1.0,2.0,,,,,,,,,,,,,,,,,,,,,,,,natl,radio,1001098,SiriusXM,SiriusXM,,,https://www.siriusxm.com/sports/nba,-1,,,,,,,,,,,,,,,,,,,,,,,,,,,,,,,,,,,,,,,,,,,,,,,,,,,,,,,,,
0,2026-27,11/06/2026 00:00:00,22600027,20261106/PHICLE,1,7:30 pm ET,3,2026-11-06T00:00:00Z,1900-01-01T19:30:00Z,2026-11-06T19:30:00Z,2026-11-06T05:00:00Z,1900-01-01T00:30:00Z,2026-11-07T00:30:00Z,2026-11-06T19:30:00Z,2026-11-06T19:30:00Z,Fri,11,3,Week 3,False,,Emirates NBA Cup,East Group B,,Rocket Arena,OH,Cleveland,N,,in-season,False,1610612739,Cavaliers,Cleveland,CLE,cavaliers,0,0,0,0,1610612755,76ers,Philadelphia,PHI,sixers,0,0,0,0,natl,tv,1000664.0,Prime Video,Amazon,,,https://www.amazon.com/gp/video/tournament/amzn1.dv.icid.cf75b42a-68cd-4a1c-993a-a0b3f0575c5f?jic=20%7CCgZTcG9ydHMSA2FsbA%3D%3D&ref_=atv_hm_spo_c_7a7vxF_4_6,-1.0,4.0,,,,,,,,,,,,,,,,,,,,,,,,natl,radio,3,ESPN Radio,ESPNR,,,,-1,,,natl,radio,1001098.0,SiriusXM,SiriusXM,,,https://www.siriusxm.com/sports/nba,-1.0,,,,,,,,,,,,,,,,,,,,,,,,,,,,,,,,,,,,,,,,,,,,,,
0,2026-27,11/08/2026 00:00:00,22600196,20261108/PHICHI,1,3:30 pm ET,1,2026-11-08T00:00:00Z,1900-01-01T15:30:00Z,2026-11-08T15:30:00Z,2026-11-08T05:00:00Z,1900-01-01T20:30:00Z,2026-11-08T20:30:00Z,2026-11-08T15:30:00Z,2026-11-08T14:30:00Z,Sun,11,3,Week 3,False,,,,,United Center,IL,Chicago,N,,,False,1610612741,Bulls,Chicago,CHI,bulls,0,0,0,0,1610612755,76ers,Philadelphia,PHI,sixers,0,0,0,0,,,,,,,,,,,,,,,,,,,,,,,,,,,,,,,,,,natl,radio,1001098,SiriusXM,SiriusXM,,,https://www.siriusxm.com/sports/nba,-1,,,,,,,,,,,,,,,,,,,,,,,,,,,,,,,,,,,,,,,,,,,,,,,,,,,,,,,,,
0,2026-27,11/10/2026 00:00:00,22600212,20261110/BOSPHI,1,8:00 pm ET,2,2026-11-10T00:00:00Z,1900-01-01T20:00:00Z,2026-11-10T20:00:00Z,2026-11-10T05:00:00Z,1900-01-01T01:00:00Z,2026-11-11T01:00:00Z,2026-11-10T20:00:00Z,2026-11-10T20:00:00Z,Tue,11,4,Week 4,False,,,,,Xfinity Mobile Arena,PA,Philadelphia,N,,,False,1610612755,76ers,Philadelphia,PHI,sixers,0,0,0,0,1610612738,Celtics,Boston,BOS,celtics,0,0,0,0,natl,tv,1001452.0,NBC,NBC,,,,-1.0,5.0,East,natl,tv,1001453.0,Peacock,Peacock,,,https://www.peacocktv.com/sports/nba?cid=2508sptnbaexterndinapplk26427&utm_campaign=2508sptnba&utm_source=nba_nba_nba&utm_medium=ernd_inapplk_acq_inapbnr&utm_term=nbafans&utm_content=nbaapplinks,-1.0,3.0,,,,,,,,,,,,,natl,radio,1001098,SiriusXM,SiriusXM,,,https://www.siriusxm.com/sports/nba,-1,,,,,,,,,,,,,,,,,,,,,,,,,,,,,,,,,,,,,,,,,,,,,,,,,,,,,,,,,
0,2026-27,11/12/2026 00:00:00,22600227,20261112/TORPHI,1,7:00 pm ET,1,2026-11-12T00:00:00Z,1900-01-01T19:00:00Z,2026-11-12T19:00:00Z,2026-11-12T05:00:00Z,1900-01-01T00:00:00Z,2026-11-13T00:00:00Z,2026-11-12T19:00:00Z,2026-11-12T19:00:00Z,Thu,11,4,Week 4,False,,,,,Xfinity Mobile Arena,PA,Philadelphia,N,,,False,1610612755,76ers,Philadelphia,PHI,sixers,0,0,0,0,1610612761,Raptors,Toronto,TOR,raptors,0,0,0,0,,,,,,,,,,,,,,,,,,,,,,,,,,,,,,,,,,natl,radio,1001098,SiriusXM,SiriusXM,,,https://www.siriusxm.com/sports/nba,-1,,,,,,,,,,,,,,,,,,,,,,,,,,,,,,,,,,,,,,,,,,,,,,,,,,,,,,,,,
0,2026-27,11/15/2026 00:00:00,22600236,20261115/INDPHI,1,1:00 pm ET,1,2026-11-15T00:00:00Z,1900-01-01T13:00:00Z,2026-11-15T13:00:00Z,2026-11-15T05:00:00Z,1900-01-01T18:00:00Z,2026-11-15T18:00:00Z,2026-11-15T13:00:00Z,2026-11-15T13:00:00Z,Sun,11,4,Week 4,False,,,,,Xfinity Mobile Arena,PA,Philadelphia,N,,,False,1610612755,76ers,Philadelphia,PHI,sixers,0,0,0,0,1610612754,Pacers,Indiana,IND,pacers,0,0,0,0,,,,,,,,,,,,,,,,,,,,,,,,,,,,,,,,,,natl,radio,1001098,SiriusXM,SiriusXM,,,https://www.siriusxm.com/sports/nba,-1,,,,,,,,,,,,,,,,,,,,,,,,,,,,,,,,,,,,,,,,,,,,,,,,,,,,,,,,,
0,2026-27,11/16/2026 00:00:00,22600248,20261116/PHIBKN,1,7:30 pm ET,4,2026-11-16T00:00:00Z,1900-01-01T19:30:00Z,2026-11-16T19:30:00Z,2026-11-16T05:00:00Z,1900-01-01T00:30:00Z,2026-11-17T00:30:00Z,2026-11-16T19:30:00Z,2026-11-16T19:30:00Z,Mon,11,5,Week 5,False,,,,,Barclays Center,NY,Brooklyn,N,,,False,1610612751,Nets,Brooklyn,BKN,nets,0,0,0,0,1610612755,76ers,Philadelphia,PHI,sixers,0,0,0,0,,,,,,,,,,,,,,,,,,,,,,,,,,,,,,,,,,natl,radio,1001098,SiriusXM,SiriusXM,,,https://www.siriusxm.com/sports/nba,-1,,,,,,,,,,,,,,home,tv,175.0,DAZN (YES),YES,,,,1610612751.0,,,,,,,,,,,,,,,,,,,,,,,,,,,,,,,,,,,
0,2026-27,11/18/2026 00:00:00,22600261,20261118/PHIORL,1,7:00 pm ET,4,2026-11-18T00:00:00Z,1900-01-01T19:00:00Z,2026-11-18T19:00:00Z,2026-11-18T05:00:00Z,1900-01-01T00:00:00Z,2026-11-19T00:00:00Z,2026-11-18T19:00:00Z,2026-11-18T19:00:00Z,Wed,11,5,Week 5,False,,,,,Kia Center,FL,Orlando,N,,,False,1610612753,Magic,Orlando,ORL,magic,0,0,0,0,1610612755,76ers,Philadelphia,PHI,sixers,0,0,0,0,,,,,,,,,,,,,,,,,,,,,,,,,,,,,,,,,,natl,radio,1001098,SiriusXM,SiriusXM,,,https://www.siriusxm.com/sports/nba,-1,,,,,,,,,,,,,,,,,,,,,,,,,,,,,,,,,,,,,,,,,,,,,,,,,,,,,,,,,
0,2026-27,11/21/2026 00:00:00,22600274,20261121/MILPHI,1,1:00 pm ET,1,2026-11-21T00:00:00Z,1900-01-01T13:00:00Z,2026-11-21T13:00:00Z,2026-11-21T05:00:00Z,1900-01-01T18:00:00Z,2026-11-21T18:00:00Z,2026-11-21T12:00:00Z,2026-11-21T13:00:00Z,Sat,11,5,Week 5,False,,,,,Xfinity Mobile Arena,PA,Philadelphia,N,,,False,1610612755,76ers,Philadelphia,PHI,sixers,0,0,0,0,1610612749,Bucks,Milwaukee,MIL,bucks,0,0,0,0,,,,,,,,,,,,,,,,,,,,,,,,,,,,,,,,,,natl,radio,1001098,SiriusXM,SiriusXM,,,https://www.siriusxm.com/sports/nba,-1,,,,,,,,,,,,,,,,,,,,,,,,,,,,,,,,,,,,,,,,,,,,,,,,,,,,,,,,,
0,2026-27,11/23/2026 00:00:00,22600288,20261123/PORPHI,1,7:00 pm ET,2,2026-11-23T00:00:00Z,1900-01-01T19:00:00Z,2026-11-23T19:00:00Z,2026-11-23T05:00:00Z,1900-01-01T00:00:00Z,2026-11-24T00:00:00Z,2026-11-23T16:00:00Z,2026-11-23T19:00:00Z,Mon,11,6,Week 6,False,,,,,Xfinity Mobile Arena,PA,Philadelphia,N,,,False,1610612755,76ers,Philadelphia,PHI,sixers,0,0,0,0,1610612757,Trail Blazers,Portland,POR,blazers,0,0,0,0,,,,,,,,,,,,,,,,,,,,,,,,,,,,,,,,,,natl,radio,1001098,SiriusXM,SiriusXM,,,https://www.siriusxm.com/sports/nba,-1,,,,,,,,,,,,,,,,,,,,,,,,,,,,,,,,,,,,,,,,,,,,,,,,,,,,,,,,,
0,2026-27,11/25/2026 00:00:00,22600055,20261125/MIAPHI,1,5:00 pm ET,1,2026-11-25T00:00:00Z,1900-01-01T17:00:00Z,2026-11-25T17:00:00Z,2026-11-25T05:00:00Z,1900-01-01T22:00:00Z,2026-11-25T22:00:00Z,2026-11-25T17:00:00Z,2026-11-25T17:00:00Z,Wed,11,6,Week 6,False,,Emirates NBA Cup,East Group B,,Xfinity Mobile Arena,PA,Philadelphia,N,,in-season,False,1610612755,76ers,Philadelphia,PHI,sixers,0,0,0,0,1610612748,Heat,Miami,MIA,heat,0,0,0,0,natl,tv,2.0,ESPN,ESPN,,,https://www.espn.com/watch/catalog/7b3729c9-7f69-308a-bf8a-ee15a6aba154/nba#bucketId=29446&sourceCollection=Featured_Sports_,-1.0,2.0,,,,,,,,,,,,,,,,,,,,,,,,natl,radio,1001098,SiriusXM,SiriusXM,,,https://www.siriusxm.com/sports/nba,-1,,,,,,,,,,,,,,,,,,,,,,,,,,,,,,,,,,,,,,,,,,,,,,,away,radio,1001523.0,FM 104.3 WQAM / S: WAQI 710,WQAM-FM/WAQI,,,,1610612748.0,,
0,2026-27,11/27/2026 00:00:00,22600066,20261127/PHIIND,1,7:30 pm ET,3,2026-11-27T00:00:00Z,1900-01-01T19:30:00Z,2026-11-27T19:30:00Z,2026-11-27T05:00:00Z,1900-01-01T00:30:00Z,2026-11-28T00:30:00Z,2026-11-27T19:30:00Z,2026-11-27T19:30:00Z,Fri,11,6,Week 6,False,,Emirates NBA Cup,East Group B,,Gainbridge Fieldhouse,IN,Indianapolis,N,,in-season,False,1610612754,Pacers,Indiana,IND,pacers,0,0,0,0,1610612755,76ers,Philadelphia,PHI,sixers,0,0,0,0,,,,,,,,,,,,,,,,,,,,,,,,,,,,,,,,,,natl,radio,1001098,SiriusXM,SiriusXM,,,https://www.siriusxm.com/sports/nba,-1,,,,,,,,,,,,,,,,,,,,,,,,,,,,,,,,,,,,,,,,,,,,,,,,,,,,,,,,,
0,2026-27,11/28/2026 00:00:00,22600301,20261128/PHIHOU,1,8:30 pm ET,5,2026-11-28T00:00:00Z,1900-01-01T20:30:00Z,2026-11-28T20:30:00Z,2026-11-28T05:00:00Z,1900-01-01T01:30:00Z,2026-11-29T01:30:00Z,2026-11-28T20:30:00Z,2026-11-28T19:30:00Z,Sat,11,6,Week 6,False,,,,,Toyota Center,TX,Houston,N,,,False,1610612745,Rockets,Houston,HOU,rockets,0,0,0,0,1610612755,76ers,Philadelphia,PHI,sixers,0,0,0,0,,,,,,,,,,,,,,,,,,,,,,,,,,,,,,,,,,natl,radio,1001098,SiriusXM,SiriusXM,,,https://www.siriusxm.com/sports/nba,-1,,,,,,,,,,,,,,,,,,,,,,,,,,,,,,,,,,,,,,,,,,,,,,,,,,,,,,,,,
0,2026-27,12/01/2026 00:00:00,22600320,20261201/MEMPHI,1,7:00 pm ET,2,2026-12-01T00:00:00Z,1900-01-01T19:00:00Z,2026-12-01T19:00:00Z,2026-12-01T05:00:00Z,1900-01-01T00:00:00Z,2026-12-02T00:00:00Z,2026-12-01T18:00:00Z,2026-12-01T19:00:00Z,Tue,12,7,Week 7,False,,,,,Xfinity Mobile Arena,PA,Philadelphia,N,,,False,1610612755,76ers,Philadelphia,PHI,sixers,0,0,0,0,1610612763,Grizzlies,Memphis,MEM,grizzlies,0,0,0,0,,,,,,,,,,,,,,,,,,,,,,,,,,,,,,,,,,natl,radio,1001098,SiriusXM,SiriusXM,,,https://www.siriusxm.com/sports/nba,-1,,,,,,,,,,,,,,,,,,,,,,,,,,,,,,,,,,,,,,,,,,,,,,,,,,,,,,,,,
0,2026-27,12/02/2026 00:00:00,22600328,20261202/DENPHI,1,7:00 pm ET,2,2026-12-02T00:00:00Z,1900-01-01T19:00:00Z,2026-12-02T19:00:00Z,2026-12-02T05:00:00Z,1900-01-01T00:00:00Z,2026-12-03T00:00:00Z,2026-12-02T17:00:00Z,2026-12-02T19:00:00Z,Wed,12,7,Week 7,False,,,,,Xfinity Mobile Arena,PA,Philadelphia,N,,,False,1610612755,76ers,Philadelphia,PHI,sixers,0,0,0,0,1610612743,Nuggets,Denver,DEN,nuggets,0,0,0,0,,,,,,,,,,,,,,,,,,,,,,,,,,,,,,,,,,natl,radio,1001098,SiriusXM,SiriusXM,,,https://www.siriusxm.com/sports/nba,-1,,,,,,,,,,,,,,,,,,,,,,,,,,,,,,,,,,,,,,,,,,,,,,,,,,,,,,,,,
0,2026-27,12/12/2026 00:00:00,22600343,20261212/ORLPHI,1,7:30 pm ET,3,2026-12-12T00:00:00Z,1900-01-01T19:30:00Z,2026-12-12T19:30:00Z,2026-12-12T05:00:00Z,1900-01-01T00:30:00Z,2026-12-13T00:30:00Z,2026-12-12T19:30:00Z,2026-12-12T19:30:00Z,Sat,12,8,Week 8,False,,,,,Xfinity Mobile Arena,PA,Philadelphia,N,,,False,1610612755,76ers,Philadelphia,PHI,sixers,0,0,0,0,1610612753,Magic,Orlando,ORL,magic,0,0,0,0,,,,,,,,,,,,,,,,,,,,,,,,,,,,,,,,,,natl,radio,1001098,SiriusXM,SiriusXM,,,https://www.siriusxm.com/sports/nba,-1,,,,,,,,,,,,,,,,,,,,,,,,,,,,,,,,,,,,,,,,,,,,,,,,,,,,,,,,,
0,2026-27,12/14/2026 00:00:00,22600357,20261214/PHIORL,1,7:00 pm ET,3,2026-12-14T00:00:00Z,1900-01-01T19:00:00Z,2026-12-14T19:00:00Z,2026-12-14T05:00:00Z,1900-01-01T00:00:00Z,2026-12-15T00:00:00Z,2026-12-14T19:00:00Z,2026-12-14T19:00:00Z,Mon,12,9,Week 9,False,,,,,Kia Center,FL,Orlando,N,,,False,1610612753,Magic,Orlando,ORL,magic,0,0,0,0,1610612755,76ers,Philadelphia,PHI,sixers,0,0,0,0,natl,tv,1001453.0,Peacock,Peacock,,,https://www.peacocktv.com/sports/nba?cid=2508sptnbaexterndinapplk26427&utm_campaign=2508sptnba&utm_source=nba_nba_nba&utm_medium=ernd_inapplk_acq_inapbnr&utm_term=nbafans&utm_content=nbaapplinks,-1.0,3.0,,natl,tv,1001488.0,NBC Sports Network,NBCSN,,,,-1.0,7.0,National,,,,,,,,,,,,natl,radio,1001098,SiriusXM,SiriusXM,,,https://www.siriusxm.com/sports/nba,-1,,,,,,,,,,,,,,,,,,,,,,,,,,,,,,,,,,,,,,,,,,,,,,,,,,,,,,,,,
0,2026-27,12/17/2026 00:00:00,22600382,20261217/DALPHI,1,7:00 pm ET,2,2026-12-17T00:00:00Z,1900-01-01T19:00:00Z,2026-12-17T19:00:00Z,2026-12-17T05:00:00Z,1900-01-01T00:00:00Z,2026-12-18T00:00:00Z,2026-12-17T18:00:00Z,2026-12-17T19:00:00Z,Thu,12,9,Week 9,False,,,,,Xfinity Mobile Arena,PA,Philadelphia,N,,,False,1610612755,76ers,Philadelphia,PHI,sixers,0,0,0,0,1610612742,Mavericks,Dallas,DAL,mavericks,0,0,0,0,,,,,,,,,,,,,,,,,,,,,,,,,,,,,,,,,,natl,radio,1001098,SiriusXM,SiriusXM,,,https://www.siriusxm.com/sports/nba,-1,,,,,,,,,,,,,,,,,,,,,,,,,,,,,,,,,,,,,,,,,,,,,,,,,,,,,,,,,
0,2026-27,12/21/2026 00:00:00,22600410,20261221/PHICHA,1,7:00 pm ET,1,2026-12-21T00:00:00Z,1900-01-01T19:00:00Z,2026-12-21T19:00:00Z,2026-12-21T05:00:00Z,1900-01-01T00:00:00Z,2026-12-22T00:00:00Z,2026-12-21T19:00:00Z,2026-12-21T19:00:00Z,Mon,12,10,Week 10,False,,,,,Spectrum Center,NC,Charlotte,N,,,False,1610612766,Hornets,Charlotte,CHA,hornets,0,0,0,0,1610612755,76ers,Philadelphia,PHI,sixers,0,0,0,0,,,,,,,,,,,,,,,,,,,,,,,,,,,,,,,,,,natl,radio,1001098,SiriusXM,SiriusXM,,,https://www.siriusxm.com/sports/nba,-1,,,,,,,,,,,,,,,,,,,,,,,,,,,,,,,,,,,,,,,,,,,,,,,,,,,,,,,,,
0,2026-27,12/23/2026 00:00:00,22600430,20261223/HOUPHI,1,7:30 pm ET,8,2026-12-23T00:00:00Z,1900-01-01T19:30:00Z,2026-12-23T19:30:00Z,2026-12-23T05:00:00Z,1900-01-01T00:30:00Z,2026-12-24T00:30:00Z,2026-12-23T18:30:00Z,2026-12-23T19:30:00Z,Wed,12,10,Week 10,False,,,,,Xfinity Mobile Arena,PA,Philadelphia,N,,,False,1610612755,76ers,Philadelphia,PHI,sixers,0,0,0,0,1610612745,Rockets,Houston,HOU,rockets,0,0,0,0,natl,tv,1000664.0,Prime Video,Amazon,,,https://www.amazon.com/gp/video/tournament/amzn1.dv.icid.cf75b42a-68cd-4a1c-993a-a0b3f0575c5f?jic=20%7CCgZTcG9ydHMSA2FsbA%3D%3D&ref_=atv_hm_spo_c_7a7vxF_4_6,-1.0,4.0,,,,,,,,,,,,,,,,,,,,,,,,natl,radio,1001098,SiriusXM,SiriusXM,,,https://www.siriusxm.com/sports/nba,-1,,,,,,,,,,,,,,,,,,,,,,,,,,,,,,,,,,,,,,,,,,,,,,,,,,,,,,,,,
0,2026-27,12/25/2026 00:00:00,22600012,20261225/PHILAL,1,5:00 pm ET,3,2026-12-25T00:00:00Z,1900-01-01T17:00:00Z,2026-12-25T17:00:00Z,2026-12-25T05:00:00Z,1900-01-01T22:00:00Z,2026-12-25T22:00:00Z,2026-12-25T17:00:00Z,2026-12-25T14:00:00Z,Fri,12,10,Week 10,False,,,,,Crypto.com Arena,CA,Los Angeles,N,,,False,1610612747,Lakers,Los Angeles,LAL,lakers,0,0,0,0,1610612755,76ers,Philadelphia,PHI,sixers,0,0,0,0,natl,tv,1.0,ABC,ABC,,,https://www.espn.com/watch/catalog/7b3729c9-7f69-308a-bf8a-ee15a6aba154/nba#bucketId=29446&sourceCollection=Featured_Sports_ ,-1.0,1.0,,natl,tv,2.0,ESPN,ESPN,,,https://www.espn.com/watch/catalog/7b3729c9-7f69-308a-bf8a-ee15a6aba154/nba#bucketId=29446&sourceCollection=Featured_Sports_ ,-1.0,2.0,,,,,,,,,,,,,natl,radio,1001098,SiriusXM,SiriusXM,,,https://www.siriusxm.com/sports/nba,-1,,,,,,,,,,,,,,,,,,,,,,,,,,,,,,,,,,,,,,,,,,,,,,,,,,,,,,,,,
0,2026-27,12/27/2026 00:00:00,22600456,20261227/PHILAC,1,9:00 pm ET,11,2026-12-27T00:00:00Z,1900-01-01T21:00:00Z,2026-12-27T21:00:00Z,2026-12-27T05:00:00Z,1900-01-01T02:00:00Z,2026-12-28T02:00:00Z,2026-12-27T21:00:00Z,2026-12-27T18:00:00Z,Sun,12,10,Week 10,False,,,,,Intuit Dome,CA,Inglewood,N,,,False,1610612746,Clippers,LA,LAC,clippers,0,0,0,0,1610612755,76ers,Philadelphia,PHI,sixers,0,0,0,0,,,,,,,,,,,,,,,,,,,,,,,,,,,,,,,,,,natl,radio,1001098,SiriusXM,SiriusXM,,,https://www.siriusxm.com/sports/nba,-1,,,,,,,,,,,,,,,,,,,,,,,,,,,,,,,,,,,,,,,,,,,,,,,,,,,,,,,,,
0,2026-27,12/29/2026 00:00:00,22600469,20261229/PHISAC,1,10:00 pm ET,8,2026-12-29T00:00:00Z,1900-01-01T22:00:00Z,2026-12-29T22:00:00Z,2026-12-29T05:00:00Z,1900-01-01T03:00:00Z,2026-12-30T03:00:00Z,2026-12-29T22:00:00Z,2026-12-29T19:00:00Z,Tue,12,11,Week 11,False,,,,,Golden 1 Center,CA,Sacramento,N,,,False,1610612758,Kings,Sacramento,SAC,kings,0,0,0,0,1610612755,76ers,Philadelphia,PHI,sixers,0,0,0,0,,,,,,,,,,,,,,,,,,,,,,,,,,,,,,,,,,natl,radio,1001098,SiriusXM,SiriusXM,,,https://www.siriusxm.com/sports/nba,-1,,,,,,,,,,,,,,,,,,,,,,,,,,,,,,,,,,,,,,,,,,,,,,,,,,,,,,,,,
0,2026-27,12/30/2026 00:00:00,22600474,20261230/PHIPHX,1,9:00 pm ET,4,2026-12-30T00:00:00Z,1900-01-01T21:00:00Z,2026-12-30T21:00:00Z,2026-12-30T05:00:00Z,1900-01-01T02:00:00Z,2026-12-31T02:00:00Z,2026-12-30T21:00:00Z,2026-12-30T19:00:00Z,Wed,12,11,Week 11,False,,,,,Mortgage Matchup Center,AZ,Phoenix,N,,,False,1610612756,Suns,Phoenix,PHX,suns,0,0,0,0,1610612755,76ers,Philadelphia,PHI,sixers,0,0,0,0,,,,,,,,,,,,,,,,,,,,,,,,,,,,,,,,,,natl,radio,1001098,SiriusXM,SiriusXM,,,https://www.siriusxm.com/sports/nba,-1,,,,,,,,,,,,,,,,,,,,,,,,,,,,,,,,,,,,,,,,,,,,,,,,,,,,,,,,,
0,2026-27,01/01/2027 00:00:00,22600489,20270101/PHIMIL,1,8:00 pm ET,4,2027-01-01T00:00:00Z,1900-01-01T20:00:00Z,2027-01-01T20:00:00Z,2027-01-01T05:00:00Z,1900-01-01T01:00:00Z,2027-01-02T01:00:00Z,2027-01-01T20:00:00Z,2027-01-01T19:00:00Z,Fri,1,11,Week 11,False,,,,,Fiserv Forum,WI,Milwaukee,N,,,False,1610612749,Bucks,Milwaukee,MIL,bucks,0,0,0,0,1610612755,76ers,Philadelphia,PHI,sixers,0,0,0,0,,,,,,,,,,,,,,,,,,,,,,,,,,,,,,,,,,natl,radio,1001098,SiriusXM,SiriusXM,,,https://www.siriusxm.com/sports/nba,-1,,,,,,,,,,,,,,,,,,,,,,,,,,,,,,,,,,,,,,,,,,,,,,,,,,,,,,,,,
0,2026-27,01/04/2027 00:00:00,22600511,20270104/ATLPHI,1,7:00 pm ET,2,2027-01-04T00:00:00Z,1900-01-01T19:00:00Z,2027-01-04T19:00:00Z,2027-01-04T05:00:00Z,1900-01-01T00:00:00Z,2027-01-05T00:00:00Z,2027-01-04T19:00:00Z,2027-01-04T19:00:00Z,Mon,1,12,Week 12,False,,,,,Xfinity Mobile Arena,PA,Philadelphia,N,,,False,1610612755,76ers,Philadelphia,PHI,sixers,0,0,0,0,1610612737,Hawks,Atlanta,ATL,hawks,0,0,0,0,,,,,,,,,,,,,,,,,,,,,,,,,,,,,,,,,,natl,radio,1001098,SiriusXM,SiriusXM,,,https://www.siriusxm.com/sports/nba,-1,,,,,,,,,,,,,,,,,,,,,,,,,,,,,,,,,,,,,,,,,,,,,,,,,,,,,,,,,
0,2026-27,01/06/2027 00:00:00,22600526,20270106/OKCPHI,1,7:30 pm ET,2,2027-01-06T00:00:00Z,1900-01-01T19:30:00Z,2027-01-06T19:30:00Z,2027-01-06T05:00:00Z,1900-01-01T00:30:00Z,2027-01-07T00:30:00Z,2027-01-06T18:30:00Z,2027-01-06T19:30:00Z,Wed,1,12,Week 12,False,,,,,Xfinity Mobile Arena,PA,Philadelphia,N,,,False,1610612755,76ers,Philadelphia,PHI,sixers,0,0,0,0,1610612760,Thunder,Oklahoma City,OKC,thunder,0,0,0,0,natl,tv,2.0,ESPN,ESPN,,,https://www.espn.com/watch/catalog/7b3729c9-7f69-308a-bf8a-ee15a6aba154/nba#bucketId=29446&sourceCollection=Featured_Sports_,-1.0,2.0,,,,,,,,,,,,,,,,,,,,,,,,natl,radio,1001098,SiriusXM,SiriusXM,,,https://www.siriusxm.com/sports/nba,-1,,,,,,,,,,,,,,,,,,,,,,,,,,,,,,,,,,,,,,,,,,,,,,,,,,,,,,,,,
0,2026-27,01/08/2027 00:00:00,22600542,20270108/MIAPHI,1,7:00 pm ET,1,2027-01-08T00:00:00Z,1900-01-01T19:00:00Z,2027-01-08T19:00:00Z,2027-01-08T05:00:00Z,1900-01-01T00:00:00Z,2027-01-09T00:00:00Z,2027-01-08T19:00:00Z,2027-01-08T19:00:00Z,Fri,1,12,Week 12,False,,,,,Xfinity Mobile Arena,PA,Philadelphia,N,,,False,1610612755,76ers,Philadelphia,PHI,sixers,0,0,0,0,1610612748,Heat,Miami,MIA,heat,0,0,0,0,natl,tv,2.0,ESPN,ESPN,,,https://www.espn.com/watch/catalog/7b3729c9-7f69-308a-bf8a-ee15a6aba154/nba#bucketId=29446&sourceCollection=Featured_Sports_,-1.0,2.0,,,,,,,,,,,,,,,,,,,,,,,,natl,radio,1001098,SiriusXM,SiriusXM,,,https://www.siriusxm.com/sports/nba,-1,,,,,,,,,,,,,,,,,,,,,,,,,,,,,,,,,,,,away,tv,1001720.0,WPLG Local 10,WPLG,,,,1610612748.0,,,away,radio,1001523.0,FM 104.3 WQAM / S: WAQI 710,WQAM-FM/WAQI,,,,1610612748.0,,
0,2026-27,01/10/2027 00:00:00,22600560,20270110/PHITOR,1,6:00 pm ET,5,2027-01-10T00:00:00Z,1900-01-01T18:00:00Z,2027-01-10T18:00:00Z,2027-01-10T05:00:00Z,1900-01-01T23:00:00Z,2027-01-10T23:00:00Z,2027-01-10T18:00:00Z,2027-01-10T18:00:00Z,Sun,1,12,Week 12,False,,,,,Scotiabank Arena,ON,Toronto,N,,,False,1610612761,Raptors,Toronto,TOR,raptors,0,0,0,0,1610612755,76ers,Philadelphia,PHI,sixers,0,0,0,0,,,,,,,,,,,,,,,,,,,,,,,,,,,,,,,,,,natl,radio,1001098,SiriusXM,SiriusXM,,,https://www.siriusxm.com/sports/nba,-1,,,,,,,,,,,,,,,,,,,,,,,,,,,,,,,,,,,,,,,,,,,,,,,,,,,,,,,,,
0,2026-27,01/12/2027 00:00:00,22600572,20270112/WASPHI,1,8:00 pm ET,3,2027-01-12T00:00:00Z,1900-01-01T20:00:00Z,2027-01-12T20:00:00Z,2027-01-12T05:00:00Z,1900-01-01T01:00:00Z,2027-01-13T01:00:00Z,2027-01-12T20:00:00Z,2027-01-12T20:00:00Z,Tue,1,13,Week 13,False,,,,,Xfinity Mobile Arena,PA,Philadelphia,N,,,False,1610612755,76ers,Philadelphia,PHI,sixers,0,0,0,0,1610612764,Wizards,Washington,WAS,wizards,0,0,0,0,natl,tv,1001452.0,NBC,NBC,,,,-1.0,5.0,East,natl,tv,1001453.0,Peacock,Peacock,,,https://www.peacocktv.com/sports/nba?cid=2508sptnbaexterndinapplk26427&utm_campaign=2508sptnba&utm_source=nba_nba_nba&utm_medium=ernd_inapplk_acq_inapbnr&utm_term=nbafans&utm_content=nbaapplinks,-1.0,3.0,,,,,,,,,,,,,natl,radio,1001098,SiriusXM,SiriusXM,,,https://www.siriusxm.com/sports/nba,-1,,,,,,,,,,,,,,,,,,,,,,,,,,,,,,,,,,,,,,,,,,,,,,,,,,,,,,,,,
0,2026-27,01/14/2027 00:00:00,22600586,20270114/BKNPHI,1,7:00 pm ET,3,2027-01-14T00:00:00Z,1900-01-01T19:00:00Z,2027-01-14T19:00:00Z,2027-01-14T05:00:00Z,1900-01-01T00:00:00Z,2027-01-15T00:00:00Z,2027-01-14T19:00:00Z,2027-01-14T19:00:00Z,Thu,1,13,Week 13,False,,,,,Xfinity Mobile Arena,PA,Philadelphia,N,,,False,1610612755,76ers,Philadelphia,PHI,sixers,0,0,0,0,1610612751,Nets,Brooklyn,BKN,nets,0,0,0,0,,,,,,,,,,,,,,,,,,,,,,,,,,,,,,,,,,natl,radio,1001098,SiriusXM,SiriusXM,,,https://www.siriusxm.com/sports/nba,-1,,,,,,,,,,,,,,,,,,,,,,,,,,,,,,,,,,,,away,tv,175.0,DAZN (YES),YES,,,,1610612751.0,,,,,,,,,,,,,
0,2026-27,01/16/2027 00:00:00,22600601,20270116/MINPHI,1,12:30 pm ET,1,2027-01-16T00:00:00Z,1900-01-01T12:30:00Z,2027-01-16T12:30:00Z,2027-01-16T05:00:00Z,1900-01-01T17:30:00Z,2027-01-16T17:30:00Z,2027-01-16T11:30:00Z,2027-01-16T12:30:00Z,Sat,1,13,Week 13,False,,,,,Xfinity Mobile Arena,PA,Philadelphia,N,,,False,1610612755,76ers,Philadelphia,PHI,sixers,0,0,0,0,1610612750,Timberwolves,Minnesota,MIN,timberwolves,0,0,0,0,,,,,,,,,,,,,,,,,,,,,,,,,,,,,,,,,,natl,radio,1001098,SiriusXM,SiriusXM,,,https://www.siriusxm.com/sports/nba,-1,,,,,,,,,,,,,,,,,,,,,,,,,,,,,,,,,,,,,,,,,,,,,,,,,,,,,,,,,
0,2026-27,01/18/2027 00:00:00,22600078,20270118/PHIATL,1,2:30 pm ET,2,2027-01-18T00:00:00Z,1900-01-01T14:30:00Z,2027-01-18T14:30:00Z,2027-01-18T05:00:00Z,1900-01-01T19:30:00Z,2027-01-18T19:30:00Z,2027-01-18T14:30:00Z,2027-01-18T14:30:00Z,Mon,1,14,Week 14,False,,,,,State Farm Arena,GA,Atlanta,N,,,False,1610612737,Hawks,Atlanta,ATL,hawks,0,0,0,0,1610612755,76ers,Philadelphia,PHI,sixers,0,0,0,0,natl,tv,1001452.0,NBC,NBC,,,,-1.0,5.0,National,natl,tv,1001453.0,Peacock,Peacock,,,https://www.peacocktv.com/sports/nba?cid=2508sptnbaexterndinapplk26427&utm_campaign=2508sptnba&utm_source=nba_nba_nba&utm_medium=ernd_inapplk_acq_inapbnr&utm_term=nbafans&utm_content=nbaapplinks,-1.0,3.0,,,,,,,,,,,,,natl,radio,1001098,SiriusXM,SiriusXM,,,https://www.siriusxm.com/sports/nba,-1,,,,,,,,,,,,,,,,,,,,,,,,,,,,,,,,,,,,,,,,,,,,,,,,,,,,,,,,,
0,2026-27,01/19/2027 00:00:00,22600618,20270119/INDPHI,1,7:00 pm ET,2,2027-01-19T00:00:00Z,1900-01-01T19:00:00Z,2027-01-19T19:00:00Z,2027-01-19T05:00:00Z,1900-01-01T00:00:00Z,2027-01-20T00:00:00Z,2027-01-19T19:00:00Z,2027-01-19T19:00:00Z,Tue,1,14,Week 14,False,,,,,Xfinity Mobile Arena,PA,Philadelphia,N,,,False,1610612755,76ers,Philadelphia,PHI,sixers,0,0,0,0,1610612754,Pacers,Indiana,IND,pacers,0,0,0,0,,,,,,,,,,,,,,,,,,,,,,,,,,,,,,,,,,natl,radio,1001098,SiriusXM,SiriusXM,,,https://www.siriusxm.com/sports/nba,-1,,,,,,,,,,,,,,,,,,,,,,,,,,,,,,,,,,,,,,,,,,,,,,,,,,,,,,,,,
0,2026-27,01/21/2027 00:00:00,22600634,20270121/PHIBOS,1,7:30 pm ET,1,2027-01-21T00:00:00Z,1900-01-01T19:30:00Z,2027-01-21T19:30:00Z,2027-01-21T05:00:00Z,1900-01-01T00:30:00Z,2027-01-22T00:30:00Z,2027-01-21T19:30:00Z,2027-01-21T19:30:00Z,Thu,1,14,Week 14,False,,,,,TD Garden,MA,Boston,N,,,False,1610612738,Celtics,Boston,BOS,celtics,0,0,0,0,1610612755,76ers,Philadelphia,PHI,sixers,0,0,0,0,natl,tv,1000664.0,Prime Video,Amazon,,,https://www.amazon.com/gp/video/tournament/amzn1.dv.icid.cf75b42a-68cd-4a1c-993a-a0b3f0575c5f?jic=20%7CCgZTcG9ydHMSA2FsbA%3D%3D&ref_=atv_hm_spo_c_7a7vxF_4_6,-1.0,4.0,,,,,,,,,,,,,,,,,,,,,,,,natl,radio,3,ESPN Radio,ESPNR,,,,-1,,,natl,radio,1001098.0,SiriusXM,SiriusXM,,,https://www.siriusxm.com/sports/nba,-1.0,,,,,,,,,,,,,,,,,,,,,,,,,,,,,,,,,,,,,,,,,,,,,,
0,2026-27,01/23/2027 00:00:00,22600649,20270123/PHICHI,1,5:00 pm ET,1,2027-01-23T00:00:00Z,1900-01-01T17:00:00Z,2027-01-23T17:00:00Z,2027-01-23T05:00:00Z,1900-01-01T22:00:00Z,2027-01-23T22:00:00Z,2027-01-23T17:00:00Z,2027-01-23T16:00:00Z,Sat,1,14,Week 14,False,,,,,United Center,IL,Chicago,N,,,False,1610612741,Bulls,Chicago,CHI,bulls,0,0,0,0,1610612755,76ers,Philadelphia,PHI,sixers,0,0,0,0,,,,,,,,,,,,,,,,,,,,,,,,,,,,,,,,,,natl,radio,1001098,SiriusXM,SiriusXM,,,https://www.siriusxm.com/sports/nba,-1,,,,,,,,,,,,,,,,,,,,,,,,,,,,,,,,,,,,,,,,,,,,,,,,,,,,,,,,,
0,2026-27,01/25/2027 00:00:00,22600664,20270125/LACPHI,1,7:00 pm ET,3,2027-01-25T00:00:00Z,1900-01-01T19:00:00Z,2027-01-25T19:00:00Z,2027-01-25T05:00:00Z,1900-01-01T00:00:00Z,2027-01-26T00:00:00Z,2027-01-25T16:00:00Z,2027-01-25T19:00:00Z,Mon,1,15,Week 15,False,,,,,Xfinity Mobile Arena,PA,Philadelphia,N,,,False,1610612755,76ers,Philadelphia,PHI,sixers,0,0,0,0,1610612746,Clippers,LA,LAC,clippers,0,0,0,0,,,,,,,,,,,,,,,,,,,,,,,,,,,,,,,,,,natl,radio,1001098,SiriusXM,SiriusXM,,,https://www.siriusxm.com/sports/nba,-1,,,,,,,,,,,,,,,,,,,,,,,,,,,,,,,,,,,,,,,,,,,,,,,,,,,,,,,,,
0,2026-27,01/27/2027 00:00:00,22600678,20270127/SACPHI,1,7:00 pm ET,2,2027-01-27T00:00:00Z,1900-01-01T19:00:00Z,2027-01-27T19:00:00Z,2027-01-27T05:00:00Z,1900-01-01T00:00:00Z,2027-01-28T00:00:00Z,2027-01-27T16:00:00Z,2027-01-27T19:00:00Z,Wed,1,15,Week 15,False,,,,,Xfinity Mobile Arena,PA,Philadelphia,N,,,False,1610612755,76ers,Philadelphia,PHI,sixers,0,0,0,0,1610612758,Kings,Sacramento,SAC,kings,0,0,0,0,,,,,,,,,,,,,,,,,,,,,,,,,,,,,,,,,,natl,radio,1001098,SiriusXM,SiriusXM,,,https://www.siriusxm.com/sports/nba,-1,,,,,,,,,,,,,,,,,,,,,,,,,,,,,,,,,,,,,,,,,,,,,,,,,,,,,,,,,
0,2026-27,01/28/2027 00:00:00,22600690,20270128/PHINOP,1,8:00 pm ET,5,2027-01-28T00:00:00Z,1900-01-01T20:00:00Z,2027-01-28T20:00:00Z,2027-01-28T05:00:00Z,1900-01-01T01:00:00Z,2027-01-29T01:00:00Z,2027-01-28T20:00:00Z,2027-01-28T19:00:00Z,Thu,1,15,Week 15,False,,,,,Smoothie King Center,LA,New Orleans,N,,,False,1610612740,Pelicans,New Orleans,NOP,pelicans,0,0,0,0,1610612755,76ers,Philadelphia,PHI,sixers,0,0,0,0,,,,,,,,,,,,,,,,,,,,,,,,,,,,,,,,,,natl,radio,1001098,SiriusXM,SiriusXM,,,https://www.siriusxm.com/sports/nba,-1,,,,,,,,,,,,,,,,,,,,,,,,,,,,,,,,,,,,,,,,,,,,,,,,,,,,,,,,,
0,2026-27,01/30/2027 00:00:00,22600700,20270130/PHIMIA,1,12:30 pm ET,1,2027-01-30T00:00:00Z,1900-01-01T12:30:00Z,2027-01-30T12:30:00Z,2027-01-30T05:00:00Z,1900-01-01T17:30:00Z,2027-01-30T17:30:00Z,2027-01-30T12:30:00Z,2027-01-30T12:30:00Z,Sat,1,15,Week 15,False,,AWS NBA Rivals Week,,,Kaseya Center,FL,Miami,N,,,False,1610612748,Heat,Miami,MIA,heat,0,0,0,0,1610612755,76ers,Philadelphia,PHI,sixers,0,0,0,0,natl,tv,1.0,ABC,ABC,,,,-1.0,1.0,,,,,,,,,,,,,,,,,,,,,,,,natl,radio,1001098,SiriusXM,SiriusXM,,,https://www.siriusxm.com/sports/nba,-1,,,,,,,,,,,,,,,,,,,,,,,,,home,radio,1001523.0,FM 104.3 WQAM / S: WAQI 710,WQAM-FM/WAQI,,,,1610612748.0,,,,,,,,,,,,,,,,,,,,,,,,
0,2026-27,02/01/2027 00:00:00,22600717,20270201/NOPPHI,1,7:00 pm ET,2,2027-02-01T00:00:00Z,1900-01-01T19:00:00Z,2027-02-01T19:00:00Z,2027-02-01T05:00:00Z,1900-01-01T00:00:00Z,2027-02-02T00:00:00Z,2027-02-01T18:00:00Z,2027-02-01T19:00:00Z,Mon,2,16,Week 16,False,,,,,Xfinity Mobile Arena,PA,Philadelphia,N,,,False,1610612755,76ers,Philadelphia,PHI,sixers,0,0,0,0,1610612740,Pelicans,New Orleans,NOP,pelicans,0,0,0,0,,,,,,,,,,,,,,,,,,,,,,,,,,,,,,,,,,natl,radio,1001098,SiriusXM,SiriusXM,,,https://www.siriusxm.com/sports/nba,-1,,,,,,,,,,,,,,,,,,,,,,,,,,,,,,,,,,,,,,,,,,,,,,,,,,,,,,,,,
0,2026-27,02/03/2027 00:00:00,22600733,20270203/PHIMEM,1,8:00 pm ET,3,2027-02-03T00:00:00Z,1900-01-01T20:00:00Z,2027-02-03T20:00:00Z,2027-02-03T05:00:00Z,1900-01-01T01:00:00Z,2027-02-04T01:00:00Z,2027-02-03T20:00:00Z,2027-02-03T19:00:00Z,Wed,2,16,Week 16,False,,,,,FedExForum,TN,Memphis,N,,,False,1610612763,Grizzlies,Memphis,MEM,grizzlies,0,0,0,0,1610612755,76ers,Philadelphia,PHI,sixers,0,0,0,0,,,,,,,,,,,,,,,,,,,,,,,,,,,,,,,,,,natl,radio,1001098,SiriusXM,SiriusXM,,,https://www.siriusxm.com/sports/nba,-1,,,,,,,,,,,,,,,,,,,,,,,,,,,,,,,,,,,,,,,,,,,,,,,,,,,,,,,,,
0,2026-27,02/05/2027 00:00:00,22600749,20270205/DETPHI,1,7:00 pm ET,3,2027-02-05T00:00:00Z,1900-01-01T19:00:00Z,2027-02-05T19:00:00Z,2027-02-05T05:00:00Z,1900-01-01T00:00:00Z,2027-02-06T00:00:00Z,2027-02-05T19:00:00Z,2027-02-05T19:00:00Z,Fri,2,16,Week 16,False,,,,,Xfinity Mobile Arena,PA,Philadelphia,N,,,False,1610612755,76ers,Philadelphia,PHI,sixers,0,0,0,0,1610612765,Pistons,Detroit,DET,pistons,0,0,0,0,natl,tv,1000664.0,Prime Video,Amazon,,,https://www.amazon.com/gp/video/tournament/amzn1.dv.icid.cf75b42a-68cd-4a1c-993a-a0b3f0575c5f?jic=20%7CCgZTcG9ydHMSA2FsbA%3D%3D&ref_=atv_hm_spo_c_7a7vxF_4_6,-1.0,4.0,,,,,,,,,,,,,,,,,,,,,,,,natl,radio,1001098,SiriusXM,SiriusXM,,,https://www.siriusxm.com/sports/nba,-1,,,,,,,,,,,,,,,,,,,,,,,,,,,,,,,,,,,,,,,,,,,,,,,,,,,,,,,,,
0,2026-27,02/07/2027 00:00:00,22600767,20270207/BOSPHI,1,7:00 pm ET,6,2027-02-07T00:00:00Z,1900-01-01T19:00:00Z,2027-02-07T19:00:00Z,2027-02-07T05:00:00Z,1900-01-01T00:00:00Z,2027-02-08T00:00:00Z,2027-02-07T19:00:00Z,2027-02-07T19:00:00Z,Sun,2,16,Week 16,False,,,,,Xfinity Mobile Arena,PA,Philadelphia,N,,,False,1610612755,76ers,Philadelphia,PHI,sixers,0,0,0,0,1610612738,Celtics,Boston,BOS,celtics,0,0,0,0,natl,tv,147.0,Telemundo,Telemundo,,,,-1.0,10.0,,natl,tv,1001452.0,NBC,NBC,,,,-1.0,5.0,National,natl,tv,1001453.0,Peacock,Peacock,,,https://www.peacocktv.com/sports/nba?cid=2508sptnbaexterndinapplk26427&utm_campaign=2508sptnba&utm_source=nba_nba_nba&utm_medium=ernd_inapplk_acq_inapbnr&utm_term=nbafans&utm_content=nbaapplinks,-1.0,3.0,,natl,radio,3,ESPN Radio,ESPNR,,,,-1,,,natl,radio,1001098.0,SiriusXM,SiriusXM,,,https://www.siriusxm.com/sports/nba,-1.0,,,,,,,,,,,,,,,,,,,,,,,,,,,,,,,,,,,,,,,,,,,,,,
0,2026-27,02/08/2027 00:00:00,22600772,20270208/BKNPHI,1,7:00 pm ET,3,2027-02-08T00:00:00Z,1900-01-01T19:00:00Z,2027-02-08T19:00:00Z,2027-02-08T05:00:00Z,1900-01-01T00:00:00Z,2027-02-09T00:00:00Z,2027-02-08T19:00:00Z,2027-02-08T19:00:00Z,Mon,2,17,Week 17,False,,,,,Xfinity Mobile Arena,PA,Philadelphia,N,,,False,1610612755,76ers,Philadelphia,PHI,sixers,0,0,0,0,1610612751,Nets,Brooklyn,BKN,nets,0,0,0,0,,,,,,,,,,,,,,,,,,,,,,,,,,,,,,,,,,natl,radio,1001098,SiriusXM,SiriusXM,,,https://www.siriusxm.com/sports/nba,-1,,,,,,,,,,,,,,,,,,,,,,,,,,,,,,,,,,,,away,tv,175.0,DAZN (YES),YES,,,,1610612751.0,,,,,,,,,,,,,
0,2026-27,02/11/2027 00:00:00,22600796,20270211/NYKPHI,1,7:00 pm ET,3,2027-02-11T00:00:00Z,1900-01-01T19:00:00Z,2027-02-11T19:00:00Z,2027-02-11T05:00:00Z,1900-01-01T00:00:00Z,2027-02-12T00:00:00Z,2027-02-11T19:00:00Z,2027-02-11T19:00:00Z,Thu,2,17,Week 17,False,,,,,Xfinity Mobile Arena,PA,Philadelphia,N,,,False,1610612755,76ers,Philadelphia,PHI,sixers,0,0,0,0,1610612752,Knicks,New York,NYK,knicks,0,0,0,0,natl,tv,1000664.0,Prime Video,Amazon,,,https://www.amazon.com/gp/video/tournament/amzn1.dv.icid.cf75b42a-68cd-4a1c-993a-a0b3f0575c5f?jic=20%7CCgZTcG9ydHMSA2FsbA%3D%3D&ref_=atv_hm_spo_c_7a7vxF_4_6,-1.0,4.0,,,,,,,,,,,,,,,,,,,,,,,,natl,radio,1001098,SiriusXM,SiriusXM,,,https://www.siriusxm.com/sports/nba,-1,,,,,,,,,,,,,,,,,,,,,,,,,,,,,,,,,,,,,,,,,,,,,,,,,,,,,,,,,
0,2026-27,02/13/2027 00:00:00,22600812,20270213/PHIOKC,1,5:30 pm ET,4,2027-02-13T00:00:00Z,1900-01-01T17:30:00Z,2027-02-13T17:30:00Z,2027-02-13T05:00:00Z,1900-01-01T22:30:00Z,2027-02-13T22:30:00Z,2027-02-13T17:30:00Z,2027-02-13T16:30:00Z,Sat,2,17,Week 17,False,,,,,Paycom Center,OK,Oklahoma City,N,,,False,1610612760,Thunder,Oklahoma City,OKC,thunder,0,0,0,0,1610612755,76ers,Philadelphia,PHI,sixers,0,0,0,0,natl,tv,1000664.0,Prime Video,Amazon,,,https://www.amazon.com/gp/video/tournament/amzn1.dv.icid.cf75b42a-68cd-4a1c-993a-a0b3f0575c5f?jic=20%7CCgZTcG9ydHMSA2FsbA%3D%3D&ref_=atv_hm_spo_c_7a7vxF_4_6,-1.0,4.0,,,,,,,,,,,,,,,,,,,,,,,,natl,radio,1001098,SiriusXM,SiriusXM,,,https://www.siriusxm.com/sports/nba,-1,,,,,,,,,,,,,,,,,,,,,,,,,,,,,,,,,,,,,,,,,,,,,,,,,,,,,,,,,
0,2026-27,02/15/2027 00:00:00,22600082,20270215/PHIDAL,1,2:30 pm ET,2,2027-02-15T00:00:00Z,1900-01-01T14:30:00Z,2027-02-15T14:30:00Z,2027-02-15T05:00:00Z,1900-01-01T19:30:00Z,2027-02-15T19:30:00Z,2027-02-15T14:30:00Z,2027-02-15T13:30:00Z,Mon,2,18,Week 18,False,,,,,American Airlines Center,TX,Dallas,N,,,False,1610612742,Mavericks,Dallas,DAL,mavericks,0,0,0,0,1610612755,76ers,Philadelphia,PHI,sixers,0,0,0,0,natl,tv,1001452.0,NBC,NBC,,,,-1.0,5.0,National,natl,tv,1001453.0,Peacock,Peacock,,,https://www.peacocktv.com/sports/nba?cid=2508sptnbaexterndinapplk26427&utm_campaign=2508sptnba&utm_source=nba_nba_nba&utm_medium=ernd_inapplk_acq_inapbnr&utm_term=nbafans&utm_content=nbaapplinks,-1.0,3.0,,,,,,,,,,,,,natl,radio,1001098,SiriusXM,SiriusXM,,,https://www.siriusxm.com/sports/nba,-1,,,,,,,,,,,,,,,,,,,,,,,,,,,,,,,,,,,,,,,,,,,,,,,,,,,,,,,,,
0,2026-27,02/17/2027 00:00:00,22600836,20270217/PHXPHI,1,7:00 pm ET,5,2027-02-17T00:00:00Z,1900-01-01T19:00:00Z,2027-02-17T19:00:00Z,2027-02-17T05:00:00Z,1900-01-01T00:00:00Z,2027-02-18T00:00:00Z,2027-02-17T17:00:00Z,2027-02-17T19:00:00Z,Wed,2,18,Week 18,False,,,,,Xfinity Mobile Arena,PA,Philadelphia,N,,,False,1610612755,76ers,Philadelphia,PHI,sixers,0,0,0,0,1610612756,Suns,Phoenix,PHX,suns,0,0,0,0,,,,,,,,,,,,,,,,,,,,,,,,,,,,,,,,,,natl,radio,1001098,SiriusXM,SiriusXM,,,https://www.siriusxm.com/sports/nba,-1,,,,,,,,,,,,,,,,,,,,,,,,,,,,,,,,,,,,,,,,,,,,,,,,,,,,,,,,,
0,2026-27,02/25/2027 00:00:00,22600852,20270225/PHIBKN,1,7:30 pm ET,4,2027-02-25T00:00:00Z,1900-01-01T19:30:00Z,2027-02-25T19:30:00Z,2027-02-25T05:00:00Z,1900-01-01T00:30:00Z,2027-02-26T00:30:00Z,2027-02-25T19:30:00Z,2027-02-25T19:30:00Z,Thu,2,19,Week 19,False,,,,,Barclays Center,NY,Brooklyn,N,,,False,1610612751,Nets,Brooklyn,BKN,nets,0,0,0,0,1610612755,76ers,Philadelphia,PHI,sixers,0,0,0,0,,,,,,,,,,,,,,,,,,,,,,,,,,,,,,,,,,natl,radio,1001098,SiriusXM,SiriusXM,,,https://www.siriusxm.com/sports/nba,-1,,,,,,,,,,,,,,home,tv,175.0,DAZN (YES),YES,,,,1610612751.0,,,,,,,,,,,,,,,,,,,,,,,,,,,,,,,,,,,
0,2026-27,02/27/2027 00:00:00,22600870,20270227/PHINYK,1,8:30 pm ET,5,2027-02-27T00:00:00Z,1900-01-01T20:30:00Z,2027-02-27T20:30:00Z,2027-02-27T05:00:00Z,1900-01-01T01:30:00Z,2027-02-28T01:30:00Z,2027-02-27T20:30:00Z,2027-02-27T20:30:00Z,Sat,2,19,Week 19,False,,,,,Madison Square Garden,NY,New York,N,,,False,1610612752,Knicks,New York,NYK,knicks,0,0,0,0,1610612755,76ers,Philadelphia,PHI,sixers,0,0,0,0,natl,tv,1.0,ABC,ABC,,,,-1.0,1.0,,,,,,,,,,,,,,,,,,,,,,,,natl,radio,3,ESPN Radio,ESPNR,,,,-1,,,natl,radio,1001098.0,SiriusXM,SiriusXM,,,https://www.siriusxm.com/sports/nba,-1.0,,,,,,,,,,,,,,,,,,,,,,,,,,,,,,,,,,,,,,,,,,,,,,
0,2026-27,03/01/2027 00:00:00,22600881,20270301/PHICLE,1,7:00 pm ET,1,2027-03-01T00:00:00Z,1900-01-01T19:00:00Z,2027-03-01T19:00:00Z,2027-03-01T05:00:00Z,1900-01-01T00:00:00Z,2027-03-02T00:00:00Z,2027-03-01T19:00:00Z,2027-03-01T19:00:00Z,Mon,3,20,Week 20,False,,,,,Rocket Arena,OH,Cleveland,N,,,False,1610612739,Cavaliers,Cleveland,CLE,cavaliers,0,0,0,0,1610612755,76ers,Philadelphia,PHI,sixers,0,0,0,0,natl,tv,1001453.0,Peacock,Peacock,,,https://www.peacocktv.com/sports/nba?cid=2508sptnbaexterndinapplk26427&utm_campaign=2508sptnba&utm_source=nba_nba_nba&utm_medium=ernd_inapplk_acq_inapbnr&utm_term=nbafans&utm_content=nbaapplinks,-1.0,3.0,,natl,tv,1001488.0,NBC Sports Network,NBCSN,,,,-1.0,7.0,National,,,,,,,,,,,,natl,radio,1001098,SiriusXM,SiriusXM,,,https://www.siriusxm.com/sports/nba,-1,,,,,,,,,,,,,,,,,,,,,,,,,,,,,,,,,,,,,,,,,,,,,,,,,,,,,,,,,
0,2026-27,03/03/2027 00:00:00,22600897,20270303/CHAPHI,1,7:00 pm ET,2,2027-03-03T00:00:00Z,1900-01-01T19:00:00Z,2027-03-03T19:00:00Z,2027-03-03T05:00:00Z,1900-01-01T00:00:00Z,2027-03-04T00:00:00Z,2027-03-03T19:00:00Z,2027-03-03T19:00:00Z,Wed,3,20,Week 20,False,,,,,Xfinity Mobile Arena,PA,Philadelphia,N,,,False,1610612755,76ers,Philadelphia,PHI,sixers,0,0,0,0,1610612766,Hornets,Charlotte,CHA,hornets,0,0,0,0,,,,,,,,,,,,,,,,,,,,,,,,,,,,,,,,,,natl,radio,1001098,SiriusXM,SiriusXM,,,https://www.siriusxm.com/sports/nba,-1,,,,,,,,,,,,,,,,,,,,,,,,,,,,,,,,,,,,,,,,,,,,,,,,,,,,,,,,,
0,2026-27,03/04/2027 00:00:00,22600905,20270304/LALPHI,1,7:00 pm ET,3,2027-03-04T00:00:00Z,1900-01-01T19:00:00Z,2027-03-04T19:00:00Z,2027-03-04T05:00:00Z,1900-01-01T00:00:00Z,2027-03-05T00:00:00Z,2027-03-04T16:00:00Z,2027-03-04T19:00:00Z,Thu,3,20,Week 20,False,,,,,Xfinity Mobile Arena,PA,Philadelphia,N,,,False,1610612755,76ers,Philadelphia,PHI,sixers,0,0,0,0,1610612747,Lakers,Los Angeles,LAL,lakers,0,0,0,0,natl,tv,1000664.0,Prime Video,Amazon,,,https://www.amazon.com/gp/video/tournament/amzn1.dv.icid.cf75b42a-68cd-4a1c-993a-a0b3f0575c5f?jic=20%7CCgZTcG9ydHMSA2FsbA%3D%3D&ref_=atv_hm_spo_c_7a7vxF_4_6,-1.0,4.0,,,,,,,,,,,,,,,,,,,,,,,,natl,radio,1001098,SiriusXM,SiriusXM,,,https://www.siriusxm.com/sports/nba,-1,,,,,,,,,,,,,,,,,,,,,,,,,,,,,,,,,,,,,,,,,,,,,,,,,,,,,,,,,
0,2026-27,03/07/2027 00:00:00,22600924,20270307/PHIBOS,1,1:00 pm ET,1,2027-03-07T00:00:00Z,1900-01-01T13:00:00Z,2027-03-07T13:00:00Z,2027-03-07T05:00:00Z,1900-01-01T18:00:00Z,2027-03-07T18:00:00Z,2027-03-07T13:00:00Z,2027-03-07T13:00:00Z,Sun,3,20,Week 20,False,,,,,TD Garden,MA,Boston,N,,,False,1610612738,Celtics,Boston,BOS,celtics,0,0,0,0,1610612755,76ers,Philadelphia,PHI,sixers,0,0,0,0,natl,tv,1.0,ABC,ABC,,,,-1.0,1.0,,,,,,,,,,,,,,,,,,,,,,,,natl,radio,1001098,SiriusXM,SiriusXM,,,https://www.siriusxm.com/sports/nba,-1,,,,,,,,,,,,,,,,,,,,,,,,,,,,,,,,,,,,,,,,,,,,,,,,,,,,,,,,,
0,2026-27,03/08/2027 00:00:00,22600931,20270308/UTAPHI,1,7:00 pm ET,2,2027-03-08T00:00:00Z,1900-01-01T19:00:00Z,2027-03-08T19:00:00Z,2027-03-08T05:00:00Z,1900-01-01T00:00:00Z,2027-03-09T00:00:00Z,2027-03-08T17:00:00Z,2027-03-08T19:00:00Z,Mon,3,21,Week 21,False,,,,,Xfinity Mobile Arena,PA,Philadelphia,N,,,False,1610612755,76ers,Philadelphia,PHI,sixers,0,0,0,0,1610612762,Jazz,Utah,UTA,jazz,0,0,0,0,,,,,,,,,,,,,,,,,,,,,,,,,,,,,,,,,,natl,radio,1001098,SiriusXM,SiriusXM,,,https://www.siriusxm.com/sports/nba,-1,,,,,,,,,,,,,,,,,,,,,,,,,,,,,,,,,,,,,,,,,,,,,,,,,,,,,,,,,
0,2026-27,03/11/2027 00:00:00,22600956,20270311/PHISAS,1,7:30 pm ET,4,2027-03-11T00:00:00Z,1900-01-01T19:30:00Z,2027-03-11T19:30:00Z,2027-03-11T05:00:00Z,1900-01-01T00:30:00Z,2027-03-12T00:30:00Z,2027-03-11T19:30:00Z,2027-03-11T18:30:00Z,Thu,3,21,Week 21,False,,,,,Frost Bank Center,TX,San Antonio,N,,,False,1610612759,Spurs,San Antonio,SAS,spurs,0,0,0,0,1610612755,76ers,Philadelphia,PHI,sixers,0,0,0,0,natl,tv,1000664.0,Prime Video,Amazon,,,https://www.amazon.com/gp/video/tournament/amzn1.dv.icid.cf75b42a-68cd-4a1c-993a-a0b3f0575c5f?jic=20%7CCgZTcG9ydHMSA2FsbA%3D%3D&ref_=atv_hm_spo_c_7a7vxF_4_6,-1.0,4.0,,,,,,,,,,,,,,,,,,,,,,,,natl,radio,1001098,SiriusXM,SiriusXM,,,https://www.siriusxm.com/sports/nba,-1,,,,,,,,,,,,,,,,,,,,,,,,,,,,,,,,,,,,,,,,,,,,,,,,,,,,,,,,,
0,2026-27,03/13/2027 00:00:00,22600974,20270313/PHIMIN,1,8:30 pm ET,7,2027-03-13T00:00:00Z,1900-01-01T20:30:00Z,2027-03-13T20:30:00Z,2027-03-13T05:00:00Z,1900-01-01T01:30:00Z,2027-03-14T01:30:00Z,2027-03-13T20:30:00Z,2027-03-13T19:30:00Z,Sat,3,21,Week 21,False,,,,,Target Center,MN,Minneapolis,N,,,False,1610612750,Timberwolves,Minnesota,MIN,timberwolves,0,0,0,0,1610612755,76ers,Philadelphia,PHI,sixers,0,0,0,0,natl,tv,1.0,ABC,ABC,,,,-1.0,1.0,,,,,,,,,,,,,,,,,,,,,,,,natl,radio,1001098,SiriusXM,SiriusXM,,,https://www.siriusxm.com/sports/nba,-1,,,,,,,,,,,,,,,,,,,,,,,,,,,,,,,,,,,,,,,,,,,,,,,,,,,,,,,,,
0,2026-27,03/15/2027 00:00:00,22600983,20270315/TORPHI,1,7:00 pm ET,1,2027-03-15T00:00:00Z,1900-01-01T19:00:00Z,2027-03-15T19:00:00Z,2027-03-15T04:00:00Z,1900-01-01T23:00:00Z,2027-03-15T23:00:00Z,2027-03-15T19:00:00Z,2027-03-15T19:00:00Z,Mon,3,22,Week 22,False,,,,,Xfinity Mobile Arena,PA,Philadelphia,N,,,False,1610612755,76ers,Philadelphia,PHI,sixers,0,0,0,0,1610612761,Raptors,Toronto,TOR,raptors,0,0,0,0,natl,tv,1001453.0,Peacock,Peacock,,,https://www.peacocktv.com/sports/nba?cid=2508sptnbaexterndinapplk26427&utm_campaign=2508sptnba&utm_source=nba_nba_nba&utm_medium=ernd_inapplk_acq_inapbnr&utm_term=nbafans&utm_content=nbaapplinks,-1.0,3.0,,natl,tv,1001488.0,NBC Sports Network,NBCSN,,,,-1.0,7.0,National,,,,,,,,,,,,natl,radio,1001098,SiriusXM,SiriusXM,,,https://www.siriusxm.com/sports/nba,-1,,,,,,,,,,,,,,,,,,,,,,,,,,,,,,,,,,,,,,,,,,,,,,,,,,,,,,,,,
0,2026-27,03/17/2027 00:00:00,22600998,20270317/CHIPHI,1,7:00 pm ET,1,2027-03-17T00:00:00Z,1900-01-01T19:00:00Z,2027-03-17T19:00:00Z,2027-03-17T04:00:00Z,1900-01-01T23:00:00Z,2027-03-17T23:00:00Z,2027-03-17T18:00:00Z,2027-03-17T19:00:00Z,Wed,3,22,Week 22,False,,,,,Xfinity Mobile Arena,PA,Philadelphia,N,,,False,1610612755,76ers,Philadelphia,PHI,sixers,0,0,0,0,1610612741,Bulls,Chicago,CHI,bulls,0,0,0,0,,,,,,,,,,,,,,,,,,,,,,,,,,,,,,,,,,natl,radio,1001098,SiriusXM,SiriusXM,,,https://www.siriusxm.com/sports/nba,-1,,,,,,,,,,,,,,,,,,,,,,,,,,,,,,,,,,,,,,,,,,,,,,,,,,,,,,,,,
0,2026-27,03/18/2027 00:00:00,22601007,20270318/PHIWAS,1,7:00 pm ET,2,2027-03-18T00:00:00Z,1900-01-01T19:00:00Z,2027-03-18T19:00:00Z,2027-03-18T04:00:00Z,1900-01-01T23:00:00Z,2027-03-18T23:00:00Z,2027-03-18T19:00:00Z,2027-03-18T19:00:00Z,Thu,3,22,Week 22,False,,,,,Capital One Arena,DC,Washington,N,,,False,1610612764,Wizards,Washington,WAS,wizards,0,0,0,0,1610612755,76ers,Philadelphia,PHI,sixers,0,0,0,0,,,,,,,,,,,,,,,,,,,,,,,,,,,,,,,,,,natl,radio,1001098,SiriusXM,SiriusXM,,,https://www.siriusxm.com/sports/nba,-1,,,,,,,,,,,,,,,,,,,,,,,,,,,,,,,,,,,,,,,,,,,,,,,,,,,,,,,,,
0,2026-27,03/21/2027 00:00:00,22601033,20270321/SASPHI,1,7:30 pm ET,6,2027-03-21T00:00:00Z,1900-01-01T19:30:00Z,2027-03-21T19:30:00Z,2027-03-21T04:00:00Z,1900-01-01T23:30:00Z,2027-03-21T23:30:00Z,2027-03-21T18:30:00Z,2027-03-21T19:30:00Z,Sun,3,22,Week 22,False,,,,,Xfinity Mobile Arena,PA,Philadelphia,N,,,False,1610612755,76ers,Philadelphia,PHI,sixers,0,0,0,0,1610612759,Spurs,San Antonio,SAS,spurs,0,0,0,0,natl,tv,147.0,Telemundo,Telemundo,,,,-1.0,10.0,,natl,tv,1001452.0,NBC,NBC,,,,-1.0,5.0,National,natl,tv,1001453.0,Peacock,Peacock,,,https://www.peacocktv.com/sports/nba?cid=2508sptnbaexterndinapplk26427&utm_campaign=2508sptnba&utm_source=nba_nba_nba&utm_medium=ernd_inapplk_acq_inapbnr&utm_term=nbafans&utm_content=nbaapplinks,-1.0,3.0,,natl,radio,1001098,SiriusXM,SiriusXM,,,https://www.siriusxm.com/sports/nba,-1,,,,,,,,,,,,,,,,,,,,,,,,,,,,,,,,,,,,,,,,,,,,,,,,,,,,,,,,,
0,2026-27,03/23/2027 00:00:00,22601046,20270323/PHIUTA,1,9:00 pm ET,4,2027-03-23T00:00:00Z,1900-01-01T21:00:00Z,2027-03-23T21:00:00Z,2027-03-23T04:00:00Z,1900-01-01T01:00:00Z,2027-03-24T01:00:00Z,2027-03-23T21:00:00Z,2027-03-23T19:00:00Z,Tue,3,23,Week 23,False,,,,,Delta Center,UT,Salt Lake City,N,,,False,1610612762,Jazz,Utah,UTA,jazz,0,0,0,0,1610612755,76ers,Philadelphia,PHI,sixers,0,0,0,0,,,,,,,,,,,,,,,,,,,,,,,,,,,,,,,,,,natl,radio,1001098,SiriusXM,SiriusXM,,,https://www.siriusxm.com/sports/nba,-1,,,,,,,,,,,,,,,,,,,,,,,,,,,,,,,,,,,,,,,,,,,,,,,,,,,,,,,,,
0,2026-27,03/24/2027 00:00:00,22601056,20270324/PHIGSW,1,10:00 pm ET,8,2027-03-24T00:00:00Z,1900-01-01T22:00:00Z,2027-03-24T22:00:00Z,2027-03-24T04:00:00Z,1900-01-01T02:00:00Z,2027-03-25T02:00:00Z,2027-03-24T22:00:00Z,2027-03-24T19:00:00Z,Wed,3,23,Week 23,False,,,,,Chase Center,CA,San Francisco,N,,,False,1610612744,Warriors,Golden State,GSW,warriors,0,0,0,0,1610612755,76ers,Philadelphia,PHI,sixers,0,0,0,0,natl,tv,2.0,ESPN,ESPN,,,https://www.espn.com/watch/catalog/7b3729c9-7f69-308a-bf8a-ee15a6aba154/nba#bucketId=29446&sourceCollection=Featured_Sports_,-1.0,2.0,,,,,,,,,,,,,,,,,,,,,,,,natl,radio,1001098,SiriusXM,SiriusXM,,,https://www.siriusxm.com/sports/nba,-1,,,,,,,,,,,,,,,,,,,,,,,,,,,,,,,,,,,,,,,,,,,,,,,,,,,,,,,,,
0,2026-27,03/26/2027 00:00:00,22601072,20270326/PHIPOR,1,10:00 pm ET,6,2027-03-26T00:00:00Z,1900-01-01T22:00:00Z,2027-03-26T22:00:00Z,2027-03-26T04:00:00Z,1900-01-01T02:00:00Z,2027-03-27T02:00:00Z,2027-03-26T22:00:00Z,2027-03-26T19:00:00Z,Fri,3,23,Week 23,False,,,,,Moda Center,OR,Portland,N,,,False,1610612757,Trail Blazers,Portland,POR,blazers,0,0,0,0,1610612755,76ers,Philadelphia,PHI,sixers,0,0,0,0,,,,,,,,,,,,,,,,,,,,,,,,,,,,,,,,,,natl,radio,1001098,SiriusXM,SiriusXM,,,https://www.siriusxm.com/sports/nba,-1,,,,,,,,,,,,,,,,,,,,,,,,,,,,,,,,,,,,,,,,,,,,,,,,,,,,,,,,,
0,2026-27,03/28/2027 00:00:00,22601088,20270328/PHIDEN,1,10:00 pm ET,9,2027-03-28T00:00:00Z,1900-01-01T22:00:00Z,2027-03-28T22:00:00Z,2027-03-28T04:00:00Z,1900-01-01T02:00:00Z,2027-03-29T02:00:00Z,2027-03-28T22:00:00Z,2027-03-28T20:00:00Z,Sun,3,23,Week 23,False,,,,,Ball Arena,CO,Denver,N,,,False,1610612743,Nuggets,Denver,DEN,nuggets,0,0,0,0,1610612755,76ers,Philadelphia,PHI,sixers,0,0,0,0,natl,tv,147.0,Telemundo,Telemundo,,,,-1.0,10.0,,natl,tv,1001452.0,NBC,NBC,,,,-1.0,5.0,National,natl,tv,1001453.0,Peacock,Peacock,,,https://www.peacocktv.com/sports/nba?cid=2508sptnbaexterndinapplk26427&utm_campaign=2508sptnba&utm_source=nba_nba_nba&utm_medium=ernd_inapplk_acq_inapbnr&utm_term=nbafans&utm_content=nbaapplinks,-1.0,3.0,,natl,radio,1001098,SiriusXM,SiriusXM,,,https://www.siriusxm.com/sports/nba,-1,,,,,,,,,,,,,,,,,,,,,,,,,,,,,,,,,,,,,,,,,,,,,,,,,,,,,,,,,
0,2026-27,03/31/2027 00:00:00,22601105,20270331/GSWPHI,1,7:00 pm ET,3,2027-03-31T00:00:00Z,1900-01-01T19:00:00Z,2027-03-31T19:00:00Z,2027-03-31T04:00:00Z,1900-01-01T23:00:00Z,2027-03-31T23:00:00Z,2027-03-31T16:00:00Z,2027-03-31T19:00:00Z,Wed,3,24,Week 24,False,,,,,Xfinity Mobile Arena,PA,Philadelphia,N,,,False,1610612755,76ers,Philadelphia,PHI,sixers,0,0,0,0,1610612744,Warriors,Golden State,GSW,warriors,0,0,0,0,natl,tv,2.0,ESPN,ESPN,,,https://www.espn.com/watch/catalog/7b3729c9-7f69-308a-bf8a-ee15a6aba154/nba#bucketId=29446&sourceCollection=Featured_Sports_,-1.0,2.0,,,,,,,,,,,,,,,,,,,,,,,,natl,radio,1001098,SiriusXM,SiriusXM,,,https://www.siriusxm.com/sports/nba,-1,,,,,,,,,,,,,,,,,,,,,,,,,,,,,,,,,,,,,,,,,,,,,,,,,,,,,,,,,
0,2026-27,04/02/2027 00:00:00,22601117,20270402/PHIWAS,1,7:00 pm ET,1,2027-04-02T00:00:00Z,1900-01-01T19:00:00Z,2027-04-02T19:00:00Z,2027-04-02T04:00:00Z,1900-01-01T23:00:00Z,2027-04-02T23:00:00Z,2027-04-02T19:00:00Z,2027-04-02T19:00:00Z,Fri,4,24,Week 24,False,,,,,Capital One Arena,DC,Washington,N,,,False,1610612764,Wizards,Washington,WAS,wizards,0,0,0,0,1610612755,76ers,Philadelphia,PHI,sixers,0,0,0,0,,,,,,,,,,,,,,,,,,,,,,,,,,,,,,,,,,natl,radio,1001098,SiriusXM,SiriusXM,,,https://www.siriusxm.com/sports/nba,-1,,,,,,,,,,,,,,,,,,,,,,,,,,,,,,,,,,,,,,,,,,,,,,,,,,,,,,,,,
0,2026-27,04/04/2027 00:00:00,22601131,20270404/ATLPHI,1,1:00 pm ET,1,2027-04-04T00:00:00Z,1900-01-01T13:00:00Z,2027-04-04T13:00:00Z,2027-04-04T04:00:00Z,1900-01-01T17:00:00Z,2027-04-04T17:00:00Z,2027-04-04T13:00:00Z,2027-04-04T13:00:00Z,Sun,4,24,Week 24,False,,,,,Xfinity Mobile Arena,PA,Philadelphia,N,,,False,1610612755,76ers,Philadelphia,PHI,sixers,0,0,0,0,1610612737,Hawks,Atlanta,ATL,hawks,0,0,0,0,,,,,,,,,,,,,,,,,,,,,,,,,,,,,,,,,,natl,radio,1001098,SiriusXM,SiriusXM,,,https://www.siriusxm.com/sports/nba,-1,,,,,,,,,,,,,,,,,,,,,,,,,,,,,,,,,,,,,,,,,,,,,,,,,,,,,,,,,
0,2026-27,04/06/2027 00:00:00,22601148,20270406/PHITOR,1,7:30 pm ET,2,2027-04-06T00:00:00Z,1900-01-01T19:30:00Z,2027-04-06T19:30:00Z,2027-04-06T04:00:00Z,1900-01-01T23:30:00Z,2027-04-06T23:30:00Z,2027-04-06T19:30:00Z,2027-04-06T19:30:00Z,Tue,4,25,Week 25,False,,,,,Scotiabank Arena,ON,Toronto,N,,,False,1610612761,Raptors,Toronto,TOR,raptors,0,0,0,0,1610612755,76ers,Philadelphia,PHI,sixers,0,0,0,0,,,,,,,,,,,,,,,,,,,,,,,,,,,,,,,,,,natl,radio,1001098,SiriusXM,SiriusXM,,,https://www.siriusxm.com/sports/nba,-1,,,,,,,,,,,,,,,,,,,,,,,,,,,,,,,,,,,,,,,,,,,,,,,,,,,,,,,,,
0,2026-27,04/08/2027 00:00:00,22601167,20270408/PHIMIA,1,7:00 pm ET,1,2027-04-08T00:00:00Z,1900-01-01T19:00:00Z,2027-04-08T19:00:00Z,2027-04-08T04:00:00Z,1900-01-01T23:00:00Z,2027-04-08T23:00:00Z,2027-04-08T19:00:00Z,2027-04-08T19:00:00Z,Thu,4,25,Week 25,False,,,,,Kaseya Center,FL,Miami,N,,,False,1610612748,Heat,Miami,MIA,heat,0,0,0,0,1610612755,76ers,Philadelphia,PHI,sixers,0,0,0,0,natl,tv,1000664.0,Prime Video,Amazon,,,https://www.amazon.com/gp/video/tournament/amzn1.dv.icid.cf75b42a-68cd-4a1c-993a-a0b3f0575c5f?jic=20%7CCgZTcG9ydHMSA2FsbA%3D%3D&ref_=atv_hm_spo_c_7a7vxF_4_6,-1.0,4.0,,,,,,,,,,,,,,,,,,,,,,,,natl,radio,3,ESPN Radio,ESPNR,,,,-1,,,natl,radio,1001098.0,SiriusXM,SiriusXM,,,https://www.siriusxm.com/sports/nba,-1.0,,,,,,,,,,,,,,home,radio,1001523.0,FM 104.3 WQAM / S: WAQI 710,WQAM-FM/WAQI,,,,1610612748.0,,,,,,,,,,,,,,,,,,,,,,,,
0,2026-27,04/11/2027 00:00:00,22601191,20270411/CHAPHI,1,6:00 pm ET,6,2027-04-11T00:00:00Z,1900-01-01T18:00:00Z,2027-04-11T18:00:00Z,2027-04-11T04:00:00Z,1900-01-01T22:00:00Z,2027-04-11T22:00:00Z,2027-04-11T18:00:00Z,2027-04-11T18:00:00Z,Sun,4,25,Week 25,False,,,,,Xfinity Mobile Arena,PA,Philadelphia,N,,,False,1610612755,76ers,Philadelphia,PHI,sixers,0,0,0,0,1610612766,Hornets,Charlotte,CHA,hornets,0,0,0,0,,,,,,,,,,,,,,,,,,,,,,,,,,,,,,,,,,natl,radio,1001098,SiriusXM,SiriusXM,,,https://www.siriusxm.com/sports/nba,-1,,,,,,,,,,,,,,,,,,,,,,,,,,,,,,,,,,,,,,,,,,,,,,,,,,,,,,,,,
